platform_number,project_name,pi_name,data_centre,cycle_number,juld,latitude,longitude,pres,temp,psal,pres_qc,temp_qc,psal_qc
1900683,US ARGO PROJECT,BRECK OWENS,AO,0.0,2006-02-15 13:31:03.000000000,-49.042999267578125,7.078999996185303,5.0,5.122000217437744,33.74201965332031,1,1,1
1900683,US ARGO PROJECT,BRECK OWENS,AO,0.0,2006-02-15 13:31:03.000000000,-49.042999267578125,7.078999996185303,10.0,5.120999813079834,33.74314880371094,1,1,1
1900683,US ARGO PROJECT,BRECK OWENS,AO,0.0,2006-02-15 13:31:03.000000000,-49.042999267578125,7.078999996185303,15.0,5.11299991607666,33.74414825439453,1,1,1
1900683,US ARGO PROJECT,BRECK OWENS,AO,0.0,2006-02-15 13:31:03.000000000,-49.042999267578125,7.078999996185303,20.0,5.105000019073486,33.744171142578125,1,1,1
1900683,US ARGO PROJECT,BRECK OWENS,AO,0.0,2006-02-15 13:31:03.000000000,-49.042999267578125,7.078999996185303,25.0,5.0960001945495605,33.74525833129883,1,1,1
1900683,US ARGO PROJECT,BRECK OWENS,AO,0.0,2006-02-15 13:31:03.000000000,-49.042999267578125,7.078999996185303,30.0,5.081999778747559,33.74607849121094,1,1,1
1900683,US ARGO PROJECT,BRECK OWENS,AO,0.0,2006-02-15 13:31:03.000000000,-49.042999267578125,7.078999996185303,35.0,5.078000068664551,33.746429443359375,1,1,1
1900683,US ARGO PROJECT,BRECK OWENS,AO,0.0,2006-02-15 13:31:03.000000000,-49.042999267578125,7.078999996185303,40.0,5.054999828338623,33.747039794921875,1,1,1
1900683,US ARGO PROJECT,BRECK OWENS,AO,0.0,2006-02-15 13:31:03.000000000,-49.042999267578125,7.078999996185303,45.0,5.052999973297119,33.74705123901367,1,1,1
1900683,US ARGO PROJECT,BRECK OWENS,AO,0.0,2006-02-15 13:31:03.000000000,-49.042999267578125,7.078999996185303,50.0,5.050000190734863,33.7470703125,1,1,1
1900683,US ARGO PROJECT,BRECK OWENS,AO,0.0,2006-02-15 13:31:03.000000000,-49.042999267578125,7.078999996185303,55.0,5.046000003814697,33.747161865234375,1,1,1
1900683,US ARGO PROJECT,BRECK OWENS,AO,0.0,2006-02-15 13:31:03.000000000,-49.042999267578125,7.078999996185303,60.0,5.0370001792907715,33.747108459472656,1,1,1
1900683,US ARGO PROJECT,BRECK OWENS,AO,0.0,2006-02-15 13:31:03.000000000,-49.042999267578125,7.078999996185303,65.0,5.031000137329102,33.74739074707031,1,1,1
1900683,US ARGO PROJECT,BRECK OWENS,AO,0.0,2006-02-15 13:31:03.000000000,-49.042999267578125,7.078999996185303,70.0,5.010000228881836,33.7469482421875,1,1,1
1900683,US ARGO PROJECT,BRECK OWENS,AO,0.0,2006-02-15 13:31:03.000000000,-49.042999267578125,7.078999996185303,75.0,4.960000038146973,33.74739074707031,1,1,1
1900683,US ARGO PROJECT,BRECK OWENS,AO,0.0,2006-02-15 13:31:03.000000000,-49.042999267578125,7.078999996185303,80.0,4.88700008392334,33.751869201660156,1,1,1
1900683,US ARGO PROJECT,BRECK OWENS,AO,0.0,2006-02-15 13:31:03.000000000,-49.042999267578125,7.078999996185303,85.0,4.521999835968018,33.75973892211914,1,1,1
1900683,US ARGO PROJECT,BRECK OWENS,AO,0.0,2006-02-15 13:31:03.000000000,-49.042999267578125,7.078999996185303,90.0,3.9170000553131104,33.784549713134766,1,1,1
1900683,US ARGO PROJECT,BRECK OWENS,AO,0.0,2006-02-15 13:31:03.000000000,-49.042999267578125,7.078999996185303,95.0,3.5350000858306885,33.793128967285156,1,1,1
1900683,US ARGO PROJECT,BRECK OWENS,AO,0.0,2006-02-15 13:31:03.000000000,-49.042999267578125,7.078999996185303,100.0,3.124000072479248,33.809791564941406,1,1,1
1900683,US ARGO PROJECT,BRECK OWENS,AO,0.0,2006-02-15 13:31:03.000000000,-49.042999267578125,7.078999996185303,105.0,2.938999891281128,33.818599700927734,1,1,1
1900683,US ARGO PROJECT,BRECK OWENS,AO,0.0,2006-02-15 13:31:03.000000000,-49.042999267578125,7.078999996185303,110.0,2.859999895095825,33.82304000854492,1,1,1
1900683,US ARGO PROJECT,BRECK OWENS,AO,0.0,2006-02-15 13:31:03.000000000,-49.042999267578125,7.078999996185303,115.0,2.808000087738037,33.82447814941406,1,1,1
1900683,US ARGO PROJECT,BRECK OWENS,AO,0.0,2006-02-15 13:31:03.000000000,-49.042999267578125,7.078999996185303,120.0,2.7339999675750732,33.828269958496094,1,1,1
1900683,US ARGO PROJECT,BRECK OWENS,AO,0.0,2006-02-15 13:31:03.000000000,-49.042999267578125,7.078999996185303,125.0,2.621000051498413,33.83628845214844,1,1,1
1900683,US ARGO PROJECT,BRECK OWENS,AO,0.0,2006-02-15 13:31:03.000000000,-49.042999267578125,7.078999996185303,130.0,2.558000087738037,33.84220886230469,1,1,1
1900683,US ARGO PROJECT,BRECK OWENS,AO,0.0,2006-02-15 13:31:03.000000000,-49.042999267578125,7.078999996185303,135.0,2.497999906539917,33.84687042236328,1,1,1
1900683,US ARGO PROJECT,BRECK OWENS,AO,0.0,2006-02-15 13:31:03.000000000,-49.042999267578125,7.078999996185303,140.0,2.4549999237060547,33.8515510559082,1,1,1
1900683,US ARGO PROJECT,BRECK OWENS,AO,0.0,2006-02-15 13:31:03.000000000,-49.042999267578125,7.078999996185303,145.0,2.378000020980835,33.85982894897461,1,1,1
1900683,US ARGO PROJECT,BRECK OWENS,AO,0.0,2006-02-15 13:31:03.000000000,-49.042999267578125,7.078999996185303,150.0,2.3369998931884766,33.86503982543945,1,1,1
1900683,US ARGO PROJECT,BRECK OWENS,AO,0.0,2006-02-15 13:31:03.000000000,-49.042999267578125,7.078999996185303,155.0,2.2360000610351562,33.88307189941406,1,1,1
1900683,US ARGO PROJECT,BRECK OWENS,AO,0.0,2006-02-15 13:31:03.000000000,-49.042999267578125,7.078999996185303,160.0,2.184000015258789,33.897499084472656,1,1,1
1900683,US ARGO PROJECT,BRECK OWENS,AO,0.0,2006-02-15 13:31:03.000000000,-49.042999267578125,7.078999996185303,165.0,2.1589999198913574,33.907711029052734,1,1,1
1900683,US ARGO PROJECT,BRECK OWENS,AO,0.0,2006-02-15 13:31:03.000000000,-49.042999267578125,7.078999996185303,170.0,2.128000020980835,33.93490982055664,1,1,1
1900683,US ARGO PROJECT,BRECK OWENS,AO,0.0,2006-02-15 13:31:03.000000000,-49.042999267578125,7.078999996185303,175.0,2.130000114440918,33.94580078125,1,1,1
1900683,US ARGO PROJECT,BRECK OWENS,AO,0.0,2006-02-15 13:31:03.000000000,-49.042999267578125,7.078999996185303,180.0,2.1419999599456787,33.96781921386719,1,1,1
1900683,US ARGO PROJECT,BRECK OWENS,AO,0.0,2006-02-15 13:31:03.000000000,-49.042999267578125,7.078999996185303,185.0,2.1530001163482666,33.97637939453125,1,1,1
1900683,US ARGO PROJECT,BRECK OWENS,AO,0.0,2006-02-15 13:31:03.000000000,-49.042999267578125,7.078999996185303,190.0,2.190999984741211,33.99821090698242,1,1,1
1900683,US ARGO PROJECT,BRECK OWENS,AO,0.0,2006-02-15 13:31:03.000000000,-49.042999267578125,7.078999996185303,195.0,2.234999895095825,34.021888732910156,1,1,1
1900683,US ARGO PROJECT,BRECK OWENS,AO,0.0,2006-02-15 13:31:03.000000000,-49.042999267578125,7.078999996185303,200.0,2.243000030517578,34.03062057495117,1,1,1
1900683,US ARGO PROJECT,BRECK OWENS,AO,0.0,2006-02-15 13:31:03.000000000,-49.042999267578125,7.078999996185303,220.0,2.3389999866485596,34.07582092285156,1,1,1
1900683,US ARGO PROJECT,BRECK OWENS,AO,0.0,2006-02-15 13:31:03.000000000,-49.042999267578125,7.078999996185303,240.0,2.381999969482422,34.09777069091797,1,1,1
1900683,US ARGO PROJECT,BRECK OWENS,AO,0.0,2006-02-15 13:31:03.000000000,-49.042999267578125,7.078999996185303,260.0,2.444999933242798,34.132080078125,1,1,1
1900683,US ARGO PROJECT,BRECK OWENS,AO,0.0,2006-02-15 13:31:03.000000000,-49.042999267578125,7.078999996185303,280.0,2.437000036239624,34.15203857421875,1,1,1
1900683,US ARGO PROJECT,BRECK OWENS,AO,0.0,2006-02-15 13:31:03.000000000,-49.042999267578125,7.078999996185303,300.0,2.444999933242798,34.176029205322266,1,1,1
1900683,US ARGO PROJECT,BRECK OWENS,AO,0.0,2006-02-15 13:31:03.000000000,-49.042999267578125,7.078999996185303,320.0,2.453000068664551,34.201988220214844,1,1,1
1900683,US ARGO PROJECT,BRECK OWENS,AO,0.0,2006-02-15 13:31:03.000000000,-49.042999267578125,7.078999996185303,340.0,2.4630000591278076,34.21607971191406,1,1,1
1900683,US ARGO PROJECT,BRECK OWENS,AO,0.0,2006-02-15 13:31:03.000000000,-49.042999267578125,7.078999996185303,360.0,2.4619998931884766,34.24504852294922,1,1,1
1900683,US ARGO PROJECT,BRECK OWENS,AO,0.0,2006-02-15 13:31:03.000000000,-49.042999267578125,7.078999996185303,380.0,2.4600000381469727,34.2570915222168,1,1,1
1900683,US ARGO PROJECT,BRECK OWENS,AO,0.0,2006-02-15 13:31:03.000000000,-49.042999267578125,7.078999996185303,400.0,2.4539999961853027,34.28009033203125,1,1,1
1900683,US ARGO PROJECT,BRECK OWENS,AO,0.0,2006-02-15 13:31:03.000000000,-49.042999267578125,7.078999996185303,450.0,2.433000087738037,34.31914138793945,1,1,1
1900683,US ARGO PROJECT,BRECK OWENS,AO,0.0,2006-02-15 13:31:03.000000000,-49.042999267578125,7.078999996185303,500.0,2.38100004196167,34.3620491027832,1,1,1
1900683,US ARGO PROJECT,BRECK OWENS,AO,0.0,2006-02-15 13:31:03.000000000,-49.042999267578125,7.078999996185303,550.0,2.378000020980835,34.407020568847656,1,1,1
1900683,US ARGO PROJECT,BRECK OWENS,AO,0.0,2006-02-15 13:31:03.000000000,-49.042999267578125,7.078999996185303,600.0,2.380000114440918,34.455989837646484,1,1,1
1900683,US ARGO PROJECT,BRECK OWENS,AO,0.0,2006-02-15 13:31:03.000000000,-49.042999267578125,7.078999996185303,650.0,2.3959999084472656,34.490028381347656,1,1,1
1900683,US ARGO PROJECT,BRECK OWENS,AO,0.0,2006-02-15 13:31:03.000000000,-49.042999267578125,7.078999996185303,700.0,2.3910000324249268,34.527000427246094,1,1,1
1900683,US ARGO PROJECT,BRECK OWENS,AO,0.0,2006-02-15 13:31:03.000000000,-49.042999267578125,7.078999996185303,750.0,2.4000000953674316,34.545021057128906,1,1,1
1900683,US ARGO PROJECT,BRECK OWENS,AO,0.0,2006-02-15 13:31:03.000000000,-49.042999267578125,7.078999996185303,800.0,2.4000000953674316,34.565128326416016,1,1,1
1900683,US ARGO PROJECT,BRECK OWENS,AO,0.0,2006-02-15 13:31:03.000000000,-49.042999267578125,7.078999996185303,850.0,2.3440001010894775,34.5819206237793,1,1,1
1900683,US ARGO PROJECT,BRECK OWENS,AO,0.0,2006-02-15 13:31:03.000000000,-49.042999267578125,7.078999996185303,900.0,2.388000011444092,34.60905075073242,1,1,1
1900683,US ARGO PROJECT,BRECK OWENS,AO,0.0,2006-02-15 13:31:03.000000000,-49.042999267578125,7.078999996185303,950.0,2.365999937057495,34.62601852416992,1,1,1
1900683,US ARGO PROJECT,BRECK OWENS,AO,0.0,2006-02-15 13:31:03.000000000,-49.042999267578125,7.078999996185303,1000.0,2.3580000400543213,34.641029357910156,1,1,1
1900683,US ARGO PROJECT,BRECK OWENS,AO,0.0,2006-02-15 13:31:03.000000000,-49.042999267578125,7.078999996185303,1050.0,2.3469998836517334,34.65903854370117,1,1,1
1900683,US ARGO PROJECT,BRECK OWENS,AO,0.0,2006-02-15 13:31:03.000000000,-49.042999267578125,7.078999996185303,1100.0,2.3329999446868896,34.67416000366211,1,1,1
1900683,US ARGO PROJECT,BRECK OWENS,AO,0.0,2006-02-15 13:31:03.000000000,-49.042999267578125,7.078999996185303,1150.0,2.252000093460083,34.67604064941406,1,1,1
1900683,US ARGO PROJECT,BRECK OWENS,AO,0.0,2006-02-15 13:31:03.000000000,-49.042999267578125,7.078999996185303,1200.0,2.23799991607666,34.68695831298828,1,1,1
1900683,US ARGO PROJECT,BRECK OWENS,AO,0.0,2006-02-15 13:31:03.000000000,-49.042999267578125,7.078999996185303,1250.0,2.26200008392334,34.699920654296875,1,1,1
1900683,US ARGO PROJECT,BRECK OWENS,AO,0.0,2006-02-15 13:31:03.000000000,-49.042999267578125,7.078999996185303,1300.0,2.303999900817871,34.7180290222168,1,1,1
1900683,US ARGO PROJECT,BRECK OWENS,AO,0.0,2006-02-15 13:31:03.000000000,-49.042999267578125,7.078999996185303,1350.0,2.2890000343322754,34.725059509277344,1,1,1
1900683,US ARGO PROJECT,BRECK OWENS,AO,0.0,2006-02-15 13:31:03.000000000,-49.042999267578125,7.078999996185303,1400.0,2.255000114440918,34.72916030883789,1,1,1
1900683,US ARGO PROJECT,BRECK OWENS,AO,0.0,2006-02-15 13:31:03.000000000,-49.042999267578125,7.078999996185303,1450.0,2.178999900817871,34.730018615722656,1,1,1
1900683,US ARGO PROJECT,BRECK OWENS,AO,0.0,2006-02-15 13:31:03.000000000,-49.042999267578125,7.078999996185303,1500.0,2.178999900817871,34.7410888671875,1,1,1
1900683,US ARGO PROJECT,BRECK OWENS,AO,0.0,2006-02-15 13:31:03.000000000,-49.042999267578125,7.078999996185303,1550.0,2.135999917984009,34.74407958984375,1,1,1
1900683,US ARGO PROJECT,BRECK OWENS,AO,0.0,2006-02-15 13:31:03.000000000,-49.042999267578125,7.078999996185303,1600.0,2.1010000705718994,34.74605178833008,1,1,1
1900683,US ARGO PROJECT,BRECK OWENS,AO,0.0,2006-02-15 13:31:03.000000000,-49.042999267578125,7.078999996185303,1650.0,2.0769999027252197,34.751060485839844,1,1,1
1900683,US ARGO PROJECT,BRECK OWENS,AO,0.0,2006-02-15 13:31:03.000000000,-49.042999267578125,7.078999996185303,1700.0,2.046999931335449,34.753150939941406,1,1,1
1900683,US ARGO PROJECT,BRECK OWENS,AO,0.0,2006-02-15 13:31:03.000000000,-49.042999267578125,7.078999996185303,1750.0,1.9759999513626099,34.75008010864258,1,1,1
1900683,US ARGO PROJECT,BRECK OWENS,AO,0.0,2006-02-15 13:31:03.000000000,-49.042999267578125,7.078999996185303,1800.0,1.940999984741211,34.75300979614258,1,1,1
1900683,US ARGO PROJECT,BRECK OWENS,AO,1.0,2006-02-25 13:15:56.000000000,-49.577999114990234,6.633999824523926,5.0,5.453999996185303,33.729148864746094,1,1,1
1900683,US ARGO PROJECT,BRECK OWENS,AO,1.0,2006-02-25 13:15:56.000000000,-49.577999114990234,6.633999824523926,10.0,5.446000099182129,33.73099136352539,1,1,1
1900683,US ARGO PROJECT,BRECK OWENS,AO,1.0,2006-02-25 13:15:56.000000000,-49.577999114990234,6.633999824523926,15.0,5.446000099182129,33.7310791015625,1,1,1
1900683,US ARGO PROJECT,BRECK OWENS,AO,1.0,2006-02-25 13:15:56.000000000,-49.577999114990234,6.633999824523926,20.0,5.441999912261963,33.732200622558594,1,1,1
1900683,US ARGO PROJECT,BRECK OWENS,AO,1.0,2006-02-25 13:15:56.000000000,-49.577999114990234,6.633999824523926,25.0,5.431000232696533,33.732139587402344,1,1,1
1900683,US ARGO PROJECT,BRECK OWENS,AO,1.0,2006-02-25 13:15:56.000000000,-49.577999114990234,6.633999824523926,30.0,5.423999786376953,33.73303985595703,1,1,1
1900683,US ARGO PROJECT,BRECK OWENS,AO,1.0,2006-02-25 13:15:56.000000000,-49.577999114990234,6.633999824523926,35.0,5.421000003814697,33.733089447021484,1,1,1
1900683,US ARGO PROJECT,BRECK OWENS,AO,1.0,2006-02-25 13:15:56.000000000,-49.577999114990234,6.633999824523926,40.0,5.415999889373779,33.733089447021484,1,1,1
1900683,US ARGO PROJECT,BRECK OWENS,AO,1.0,2006-02-25 13:15:56.000000000,-49.577999114990234,6.633999824523926,45.0,5.410999774932861,33.732879638671875,1,1,1
1900683,US ARGO PROJECT,BRECK OWENS,AO,1.0,2006-02-25 13:15:56.000000000,-49.577999114990234,6.633999824523926,50.0,5.363999843597412,33.733760833740234,1,1,1
1900683,US ARGO PROJECT,BRECK OWENS,AO,1.0,2006-02-25 13:15:56.000000000,-49.577999114990234,6.633999824523926,55.0,5.323999881744385,33.73455810546875,1,1,1
1900683,US ARGO PROJECT,BRECK OWENS,AO,1.0,2006-02-25 13:15:56.000000000,-49.577999114990234,6.633999824523926,60.0,5.242000102996826,33.738460540771484,1,1,1
1900683,US ARGO PROJECT,BRECK OWENS,AO,1.0,2006-02-25 13:15:56.000000000,-49.577999114990234,6.633999824523926,65.0,5.164999961853027,33.742950439453125,1,1,1
1900683,US ARGO PROJECT,BRECK OWENS,AO,1.0,2006-02-25 13:15:56.000000000,-49.577999114990234,6.633999824523926,70.0,5.116000175476074,33.74494171142578,1,1,1
1900683,US ARGO PROJECT,BRECK OWENS,AO,1.0,2006-02-25 13:15:56.000000000,-49.577999114990234,6.633999824523926,75.0,5.066999912261963,33.74528884887695,1,1,1
1900683,US ARGO PROJECT,BRECK OWENS,AO,1.0,2006-02-25 13:15:56.000000000,-49.577999114990234,6.633999824523926,80.0,4.946000099182129,33.750030517578125,1,1,1
1900683,US ARGO PROJECT,BRECK OWENS,AO,1.0,2006-02-25 13:15:56.000000000,-49.577999114990234,6.633999824523926,85.0,4.682000160217285,33.760250091552734,1,1,1
1900683,US ARGO PROJECT,BRECK OWENS,AO,1.0,2006-02-25 13:15:56.000000000,-49.577999114990234,6.633999824523926,90.0,4.304999828338623,33.77227020263672,1,1,1
1900683,US ARGO PROJECT,BRECK OWENS,AO,1.0,2006-02-25 13:15:56.000000000,-49.577999114990234,6.633999824523926,95.0,3.7260000705718994,33.79655075073242,1,1,1
1900683,US ARGO PROJECT,BRECK OWENS,AO,1.0,2006-02-25 13:15:56.000000000,-49.577999114990234,6.633999824523926,100.0,3.496999979019165,33.8072395324707,1,1,1
1900683,US ARGO PROJECT,BRECK OWENS,AO,1.0,2006-02-25 13:15:56.000000000,-49.577999114990234,6.633999824523926,105.0,3.2320001125335693,33.817020416259766,1,1,1
1900683,US ARGO PROJECT,BRECK OWENS,AO,1.0,2006-02-25 13:15:56.000000000,-49.577999114990234,6.633999824523926,110.0,3.180999994277954,33.819461822509766,1,1,1
1900683,US ARGO PROJECT,BRECK OWENS,AO,1.0,2006-02-25 13:15:56.000000000,-49.577999114990234,6.633999824523926,115.0,3.005000114440918,33.8266487121582,1,1,1
1900683,US ARGO PROJECT,BRECK OWENS,AO,1.0,2006-02-25 13:15:56.000000000,-49.577999114990234,6.633999824523926,120.0,2.9739999771118164,33.827430725097656,1,1,1
1900683,US ARGO PROJECT,BRECK OWENS,AO,1.0,2006-02-25 13:15:56.000000000,-49.577999114990234,6.633999824523926,125.0,2.953000068664551,33.83055114746094,1,1,1
1900683,US ARGO PROJECT,BRECK OWENS,AO,1.0,2006-02-25 13:15:56.000000000,-49.577999114990234,6.633999824523926,130.0,2.7730000019073486,33.83893966674805,1,1,1
1900683,US ARGO PROJECT,BRECK OWENS,AO,1.0,2006-02-25 13:15:56.000000000,-49.577999114990234,6.633999824523926,135.0,2.7279999256134033,33.8420295715332,1,1,1
1900683,US ARGO PROJECT,BRECK OWENS,AO,1.0,2006-02-25 13:15:56.000000000,-49.577999114990234,6.633999824523926,140.0,2.5759999752044678,33.85245132446289,1,1,1
1900683,US ARGO PROJECT,BRECK OWENS,AO,1.0,2006-02-25 13:15:56.000000000,-49.577999114990234,6.633999824523926,145.0,2.4549999237060547,33.866031646728516,1,1,1
1900683,US ARGO PROJECT,BRECK OWENS,AO,1.0,2006-02-25 13:15:56.000000000,-49.577999114990234,6.633999824523926,150.0,2.306999921798706,33.89168930053711,1,1,1
1900683,US ARGO PROJECT,BRECK OWENS,AO,1.0,2006-02-25 13:15:56.000000000,-49.577999114990234,6.633999824523926,155.0,2.2239999771118164,33.914669036865234,1,1,1
1900683,US ARGO PROJECT,BRECK OWENS,AO,1.0,2006-02-25 13:15:56.000000000,-49.577999114990234,6.633999824523926,160.0,2.190000057220459,33.92531967163086,1,1,1
1900683,US ARGO PROJECT,BRECK OWENS,AO,1.0,2006-02-25 13:15:56.000000000,-49.577999114990234,6.633999824523926,165.0,2.1740000247955322,33.940330505371094,1,1,1
1900683,US ARGO PROJECT,BRECK OWENS,AO,1.0,2006-02-25 13:15:56.000000000,-49.577999114990234,6.633999824523926,170.0,2.1559998989105225,33.95222091674805,1,1,1
1900683,US ARGO PROJECT,BRECK OWENS,AO,1.0,2006-02-25 13:15:56.000000000,-49.577999114990234,6.633999824523926,175.0,2.1449999809265137,33.96321105957031,1,1,1
1900683,US ARGO PROJECT,BRECK OWENS,AO,1.0,2006-02-25 13:15:56.000000000,-49.577999114990234,6.633999824523926,180.0,2.1410000324249268,33.97898864746094,1,1,1
1900683,US ARGO PROJECT,BRECK OWENS,AO,1.0,2006-02-25 13:15:56.000000000,-49.577999114990234,6.633999824523926,185.0,2.1459999084472656,33.9909782409668,1,1,1
1900683,US ARGO PROJECT,BRECK OWENS,AO,1.0,2006-02-25 13:15:56.000000000,-49.577999114990234,6.633999824523926,190.0,2.1500000953674316,33.996978759765625,1,1,1
1900683,US ARGO PROJECT,BRECK OWENS,AO,1.0,2006-02-25 13:15:56.000000000,-49.577999114990234,6.633999824523926,195.0,2.1559998989105225,34.00379180908203,1,1,1
1900683,US ARGO PROJECT,BRECK OWENS,AO,1.0,2006-02-25 13:15:56.000000000,-49.577999114990234,6.633999824523926,200.0,2.1730000972747803,34.01784133911133,1,1,1
1900683,US ARGO PROJECT,BRECK OWENS,AO,1.0,2006-02-25 13:15:56.000000000,-49.577999114990234,6.633999824523926,220.0,2.2160000801086426,34.049869537353516,1,1,1
1900683,US ARGO PROJECT,BRECK OWENS,AO,1.0,2006-02-25 13:15:56.000000000,-49.577999114990234,6.633999824523926,240.0,2.256999969482422,34.07678985595703,1,1,1
1900683,US ARGO PROJECT,BRECK OWENS,AO,1.0,2006-02-25 13:15:56.000000000,-49.577999114990234,6.633999824523926,260.0,2.319000005722046,34.11785888671875,1,1,1
1900683,US ARGO PROJECT,BRECK OWENS,AO,1.0,2006-02-25 13:15:56.000000000,-49.577999114990234,6.633999824523926,280.0,2.3529999256134033,34.13589096069336,1,1,1
1900683,US ARGO PROJECT,BRECK OWENS,AO,1.0,2006-02-25 13:15:56.000000000,-49.577999114990234,6.633999824523926,300.0,2.3949999809265137,34.172019958496094,1,1,1
1900683,US ARGO PROJECT,BRECK OWENS,AO,1.0,2006-02-25 13:15:56.000000000,-49.577999114990234,6.633999824523926,320.0,2.3970000743865967,34.18796920776367,1,1,1
1900683,US ARGO PROJECT,BRECK OWENS,AO,1.0,2006-02-25 13:15:56.000000000,-49.577999114990234,6.633999824523926,340.0,2.4170000553131104,34.20792007446289,1,1,1
1900683,US ARGO PROJECT,BRECK OWENS,AO,1.0,2006-02-25 13:15:56.000000000,-49.577999114990234,6.633999824523926,360.0,2.447000026702881,34.2409782409668,1,1,1
1900683,US ARGO PROJECT,BRECK OWENS,AO,1.0,2006-02-25 13:15:56.000000000,-49.577999114990234,6.633999824523926,380.0,2.4590001106262207,34.262149810791016,1,1,1
1900683,US ARGO PROJECT,BRECK OWENS,AO,1.0,2006-02-25 13:15:56.000000000,-49.577999114990234,6.633999824523926,400.0,2.440999984741211,34.29108810424805,1,1,1
1900683,US ARGO PROJECT,BRECK OWENS,AO,1.0,2006-02-25 13:15:56.000000000,-49.577999114990234,6.633999824523926,450.0,2.4189999103546143,34.34006118774414,1,1,1
1900683,US ARGO PROJECT,BRECK OWENS,AO,1.0,2006-02-25 13:15:56.000000000,-49.577999114990234,6.633999824523926,500.0,2.4130001068115234,34.3990592956543,1,1,1
1900683,US ARGO PROJECT,BRECK OWENS,AO,1.0,2006-02-25 13:15:56.000000000,-49.577999114990234,6.633999824523926,550.0,2.3980000019073486,34.43305969238281,1,1,1
1900683,US ARGO PROJECT,BRECK OWENS,AO,1.0,2006-02-25 13:15:56.000000000,-49.577999114990234,6.633999824523926,600.0,2.382999897003174,34.467010498046875,1,1,1
1900683,US ARGO PROJECT,BRECK OWENS,AO,1.0,2006-02-25 13:15:56.000000000,-49.577999114990234,6.633999824523926,650.0,2.38700008392334,34.501991271972656,1,1,1
1900683,US ARGO PROJECT,BRECK OWENS,AO,1.0,2006-02-25 13:15:56.000000000,-49.577999114990234,6.633999824523926,700.0,2.4019999504089355,34.53602981567383,1,1,1
1900683,US ARGO PROJECT,BRECK OWENS,AO,1.0,2006-02-25 13:15:56.000000000,-49.577999114990234,6.633999824523926,750.0,2.3949999809265137,34.5560417175293,1,1,1
1900683,US ARGO PROJECT,BRECK OWENS,AO,1.0,2006-02-25 13:15:56.000000000,-49.577999114990234,6.633999824523926,800.0,2.384999990463257,34.5760612487793,1,1,1
1900683,US ARGO PROJECT,BRECK OWENS,AO,1.0,2006-02-25 13:15:56.000000000,-49.577999114990234,6.633999824523926,850.0,2.369999885559082,34.598018646240234,1,1,1
1900683,US ARGO PROJECT,BRECK OWENS,AO,1.0,2006-02-25 13:15:56.000000000,-49.577999114990234,6.633999824523926,900.0,2.3580000400543213,34.618011474609375,1,1,1
1900683,US ARGO PROJECT,BRECK OWENS,AO,1.0,2006-02-25 13:15:56.000000000,-49.577999114990234,6.633999824523926,950.0,2.36299991607666,34.638038635253906,1,1,1
1900683,US ARGO PROJECT,BRECK OWENS,AO,1.0,2006-02-25 13:15:56.000000000,-49.577999114990234,6.633999824523926,1000.0,2.3450000286102295,34.652069091796875,1,1,1
1900683,US ARGO PROJECT,BRECK OWENS,AO,1.0,2006-02-25 13:15:56.000000000,-49.577999114990234,6.633999824523926,1050.0,2.312999963760376,34.665069580078125,1,1,1
1900683,US ARGO PROJECT,BRECK OWENS,AO,1.0,2006-02-25 13:15:56.000000000,-49.577999114990234,6.633999824523926,1100.0,2.2860000133514404,34.6810302734375,1,1,1
1900683,US ARGO PROJECT,BRECK OWENS,AO,1.0,2006-02-25 13:15:56.000000000,-49.577999114990234,6.633999824523926,1150.0,2.2720000743865967,34.69295120239258,1,1,1
1900683,US ARGO PROJECT,BRECK OWENS,AO,1.0,2006-02-25 13:15:56.000000000,-49.577999114990234,6.633999824523926,1200.0,2.302000045776367,34.7099494934082,1,1,1
1900683,US ARGO PROJECT,BRECK OWENS,AO,1.0,2006-02-25 13:15:56.000000000,-49.577999114990234,6.633999824523926,1250.0,2.3239998817443848,34.72895812988281,1,1,1
1900683,US ARGO PROJECT,BRECK OWENS,AO,1.0,2006-02-25 13:15:56.000000000,-49.577999114990234,6.633999824523926,1300.0,2.3429999351501465,34.738040924072266,1,1,1
1900683,US ARGO PROJECT,BRECK OWENS,AO,1.0,2006-02-25 13:15:56.000000000,-49.577999114990234,6.633999824523926,1350.0,2.328000068664551,34.74103927612305,1,1,1
1900683,US ARGO PROJECT,BRECK OWENS,AO,1.0,2006-02-25 13:15:56.000000000,-49.577999114990234,6.633999824523926,1400.0,2.309000015258789,34.745140075683594,1,1,1
1900683,US ARGO PROJECT,BRECK OWENS,AO,1.0,2006-02-25 13:15:56.000000000,-49.577999114990234,6.633999824523926,1450.0,2.240999937057495,34.74007034301758,1,1,1
1900683,US ARGO PROJECT,BRECK OWENS,AO,1.0,2006-02-25 13:15:56.000000000,-49.577999114990234,6.633999824523926,1500.0,2.2149999141693115,34.74304962158203,1,1,1
1900683,US ARGO PROJECT,BRECK OWENS,AO,1.0,2006-02-25 13:15:56.000000000,-49.577999114990234,6.633999824523926,1550.0,2.193000078201294,34.745121002197266,1,1,1
1900683,US ARGO PROJECT,BRECK OWENS,AO,1.0,2006-02-25 13:15:56.000000000,-49.577999114990234,6.633999824523926,1600.0,2.132999897003174,34.75104904174805,1,1,1
1900683,US ARGO PROJECT,BRECK OWENS,AO,1.0,2006-02-25 13:15:56.000000000,-49.577999114990234,6.633999824523926,1650.0,2.111999988555908,34.752010345458984,1,1,1
1900683,US ARGO PROJECT,BRECK OWENS,AO,2.0,2006-03-07 13:01:06.000000256,-50.67599868774414,6.146999835968018,5.0,4.46999979019165,33.778160095214844,1,1,1
1900683,US ARGO PROJECT,BRECK OWENS,AO,2.0,2006-03-07 13:01:06.000000256,-50.67599868774414,6.146999835968018,10.0,4.461999893188477,33.778900146484375,1,1,1
1900683,US ARGO PROJECT,BRECK OWENS,AO,2.0,2006-03-07 13:01:06.000000256,-50.67599868774414,6.146999835968018,15.0,4.4670000076293945,33.779109954833984,1,1,1
1900683,US ARGO PROJECT,BRECK OWENS,AO,2.0,2006-03-07 13:01:06.000000256,-50.67599868774414,6.146999835968018,20.0,4.460999965667725,33.77920913696289,1,1,1
1900683,US ARGO PROJECT,BRECK OWENS,AO,2.0,2006-03-07 13:01:06.000000256,-50.67599868774414,6.146999835968018,25.0,4.449999809265137,33.77988052368164,1,1,1
1900683,US ARGO PROJECT,BRECK OWENS,AO,2.0,2006-03-07 13:01:06.000000256,-50.67599868774414,6.146999835968018,30.0,4.455999851226807,33.780029296875,1,1,1
1900683,US ARGO PROJECT,BRECK OWENS,AO,2.0,2006-03-07 13:01:06.000000256,-50.67599868774414,6.146999835968018,35.0,4.453999996185303,33.7801399230957,1,1,1
1900683,US ARGO PROJECT,BRECK OWENS,AO,2.0,2006-03-07 13:01:06.000000256,-50.67599868774414,6.146999835968018,40.0,4.447000026702881,33.78097152709961,1,1,1
1900683,US ARGO PROJECT,BRECK OWENS,AO,2.0,2006-03-07 13:01:06.000000256,-50.67599868774414,6.146999835968018,45.0,4.447999954223633,33.78023910522461,1,1,1
1900683,US ARGO PROJECT,BRECK OWENS,AO,2.0,2006-03-07 13:01:06.000000256,-50.67599868774414,6.146999835968018,50.0,4.435999870300293,33.7806282043457,1,1,1
1900683,US ARGO PROJECT,BRECK OWENS,AO,2.0,2006-03-07 13:01:06.000000256,-50.67599868774414,6.146999835968018,55.0,4.454999923706055,33.77975845336914,1,1,1
1900683,US ARGO PROJECT,BRECK OWENS,AO,2.0,2006-03-07 13:01:06.000000256,-50.67599868774414,6.146999835968018,60.0,4.414999961853027,33.781681060791016,1,1,1
1900683,US ARGO PROJECT,BRECK OWENS,AO,2.0,2006-03-07 13:01:06.000000256,-50.67599868774414,6.146999835968018,65.0,4.276000022888184,33.7877311706543,1,1,1
1900683,US ARGO PROJECT,BRECK OWENS,AO,2.0,2006-03-07 13:01:06.000000256,-50.67599868774414,6.146999835968018,70.0,4.239999771118164,33.78956985473633,1,1,1
1900683,US ARGO PROJECT,BRECK OWENS,AO,2.0,2006-03-07 13:01:06.000000256,-50.67599868774414,6.146999835968018,75.0,4.210999965667725,33.78916931152344,1,1,1
1900683,US ARGO PROJECT,BRECK OWENS,AO,2.0,2006-03-07 13:01:06.000000256,-50.67599868774414,6.146999835968018,80.0,4.151000022888184,33.796051025390625,1,1,1
1900683,US ARGO PROJECT,BRECK OWENS,AO,2.0,2006-03-07 13:01:06.000000256,-50.67599868774414,6.146999835968018,85.0,3.8389999866485596,33.80168151855469,1,1,1
1900683,US ARGO PROJECT,BRECK OWENS,AO,2.0,2006-03-07 13:01:06.000000256,-50.67599868774414,6.146999835968018,90.0,3.6059999465942383,33.813629150390625,1,1,1
1900683,US ARGO PROJECT,BRECK OWENS,AO,2.0,2006-03-07 13:01:06.000000256,-50.67599868774414,6.146999835968018,95.0,3.5230000019073486,33.81563949584961,1,1,1
1900683,US ARGO PROJECT,BRECK OWENS,AO,2.0,2006-03-07 13:01:06.000000256,-50.67599868774414,6.146999835968018,100.0,3.0290000438690186,33.83850860595703,1,1,1
1900683,US ARGO PROJECT,BRECK OWENS,AO,2.0,2006-03-07 13:01:06.000000256,-50.67599868774414,6.146999835968018,105.0,2.6029999256134033,33.85552978515625,1,1,1
1900683,US ARGO PROJECT,BRECK OWENS,AO,2.0,2006-03-07 13:01:06.000000256,-50.67599868774414,6.146999835968018,110.0,2.181999921798706,33.87974166870117,1,1,1
1900683,US ARGO PROJECT,BRECK OWENS,AO,2.0,2006-03-07 13:01:06.000000256,-50.67599868774414,6.146999835968018,115.0,2.049999952316284,33.89162063598633,1,1,1
1900683,US ARGO PROJECT,BRECK OWENS,AO,2.0,2006-03-07 13:01:06.000000256,-50.67599868774414,6.146999835968018,120.0,2.0199999809265137,33.89453125,1,1,1
1900683,US ARGO PROJECT,BRECK OWENS,AO,2.0,2006-03-07 13:01:06.000000256,-50.67599868774414,6.146999835968018,125.0,1.9450000524520874,33.903839111328125,1,1,1
1900683,US ARGO PROJECT,BRECK OWENS,AO,2.0,2006-03-07 13:01:06.000000256,-50.67599868774414,6.146999835968018,130.0,1.9049999713897705,33.91539001464844,1,1,1
1900683,US ARGO PROJECT,BRECK OWENS,AO,2.0,2006-03-07 13:01:06.000000256,-50.67599868774414,6.146999835968018,135.0,1.9390000104904175,33.936370849609375,1,1,1
1900683,US ARGO PROJECT,BRECK OWENS,AO,2.0,2006-03-07 13:01:06.000000256,-50.67599868774414,6.146999835968018,140.0,1.9199999570846558,33.954349517822266,1,1,1
1900683,US ARGO PROJECT,BRECK OWENS,AO,2.0,2006-03-07 13:01:06.000000256,-50.67599868774414,6.146999835968018,145.0,1.902999997138977,33.97404861450195,1,1,1
1900683,US ARGO PROJECT,BRECK OWENS,AO,2.0,2006-03-07 13:01:06.000000256,-50.67599868774414,6.146999835968018,150.0,1.9049999713897705,33.99259948730469,1,1,1
1900683,US ARGO PROJECT,BRECK OWENS,AO,2.0,2006-03-07 13:01:06.000000256,-50.67599868774414,6.146999835968018,155.0,1.9270000457763672,33.998199462890625,1,1,1
1900683,US ARGO PROJECT,BRECK OWENS,AO,2.0,2006-03-07 13:01:06.000000256,-50.67599868774414,6.146999835968018,160.0,1.9709999561309814,34.01813888549805,1,1,1
1900683,US ARGO PROJECT,BRECK OWENS,AO,2.0,2006-03-07 13:01:06.000000256,-50.67599868774414,6.146999835968018,165.0,1.965999960899353,34.033748626708984,1,1,1
1900683,US ARGO PROJECT,BRECK OWENS,AO,2.0,2006-03-07 13:01:06.000000256,-50.67599868774414,6.146999835968018,170.0,1.9819999933242798,34.04323959350586,1,1,1
1900683,US ARGO PROJECT,BRECK OWENS,AO,2.0,2006-03-07 13:01:06.000000256,-50.67599868774414,6.146999835968018,175.0,2.0250000953674316,34.05818176269531,1,1,1
1900683,US ARGO PROJECT,BRECK OWENS,AO,2.0,2006-03-07 13:01:06.000000256,-50.67599868774414,6.146999835968018,180.0,2.069000005722046,34.07283020019531,1,1,1
1900683,US ARGO PROJECT,BRECK OWENS,AO,2.0,2006-03-07 13:01:06.000000256,-50.67599868774414,6.146999835968018,185.0,2.13100004196167,34.089439392089844,1,1,1
1900683,US ARGO PROJECT,BRECK OWENS,AO,2.0,2006-03-07 13:01:06.000000256,-50.67599868774414,6.146999835968018,190.0,2.1610000133514404,34.101688385009766,1,1,1
1900683,US ARGO PROJECT,BRECK OWENS,AO,2.0,2006-03-07 13:01:06.000000256,-50.67599868774414,6.146999835968018,195.0,2.178999900817871,34.11003875732422,1,1,1
1900683,US ARGO PROJECT,BRECK OWENS,AO,2.0,2006-03-07 13:01:06.000000256,-50.67599868774414,6.146999835968018,200.0,2.178999900817871,34.111289978027344,1,1,1
1900683,US ARGO PROJECT,BRECK OWENS,AO,2.0,2006-03-07 13:01:06.000000256,-50.67599868774414,6.146999835968018,220.0,2.138000011444092,34.12879943847656,1,1,1
1900683,US ARGO PROJECT,BRECK OWENS,AO,2.0,2006-03-07 13:01:06.000000256,-50.67599868774414,6.146999835968018,240.0,2.196000099182129,34.16297149658203,1,1,1
1900683,US ARGO PROJECT,BRECK OWENS,AO,2.0,2006-03-07 13:01:06.000000256,-50.67599868774414,6.146999835968018,260.0,2.2130000591278076,34.1879997253418,1,1,1
1900683,US ARGO PROJECT,BRECK OWENS,AO,2.0,2006-03-07 13:01:06.000000256,-50.67599868774414,6.146999835968018,280.0,2.2249999046325684,34.206031799316406,1,1,1
1900683,US ARGO PROJECT,BRECK OWENS,AO,2.0,2006-03-07 13:01:06.000000256,-50.67599868774414,6.146999835968018,300.0,2.2320001125335693,34.221858978271484,1,1,1
1900683,US ARGO PROJECT,BRECK OWENS,AO,2.0,2006-03-07 13:01:06.000000256,-50.67599868774414,6.146999835968018,320.0,2.2739999294281006,34.25162124633789,1,1,1
1900683,US ARGO PROJECT,BRECK OWENS,AO,2.0,2006-03-07 13:01:06.000000256,-50.67599868774414,6.146999835968018,340.0,2.3589999675750732,34.28491973876953,1,1,1
1900683,US ARGO PROJECT,BRECK OWENS,AO,2.0,2006-03-07 13:01:06.000000256,-50.67599868774414,6.146999835968018,360.0,2.38100004196167,34.31098937988281,1,1,1
1900683,US ARGO PROJECT,BRECK OWENS,AO,2.0,2006-03-07 13:01:06.000000256,-50.67599868774414,6.146999835968018,380.0,2.3889999389648438,34.33205032348633,1,1,1
1900683,US ARGO PROJECT,BRECK OWENS,AO,2.0,2006-03-07 13:01:06.000000256,-50.67599868774414,6.146999835968018,400.0,2.384999990463257,34.34613037109375,1,1,1
1900683,US ARGO PROJECT,BRECK OWENS,AO,2.0,2006-03-07 13:01:06.000000256,-50.67599868774414,6.146999835968018,450.0,2.3440001010894775,34.40304183959961,1,1,1
1900683,US ARGO PROJECT,BRECK OWENS,AO,2.0,2006-03-07 13:01:06.000000256,-50.67599868774414,6.146999835968018,500.0,2.3350000381469727,34.43503189086914,1,1,1
1900683,US ARGO PROJECT,BRECK OWENS,AO,2.0,2006-03-07 13:01:06.000000256,-50.67599868774414,6.146999835968018,550.0,2.3340001106262207,34.46501159667969,1,1,1
1900683,US ARGO PROJECT,BRECK OWENS,AO,2.0,2006-03-07 13:01:06.000000256,-50.67599868774414,6.146999835968018,600.0,2.3440001010894775,34.50606155395508,1,1,1
1900683,US ARGO PROJECT,BRECK OWENS,AO,2.0,2006-03-07 13:01:06.000000256,-50.67599868774414,6.146999835968018,650.0,2.319000005722046,34.52605056762695,1,1,1
1900683,US ARGO PROJECT,BRECK OWENS,AO,2.0,2006-03-07 13:01:06.000000256,-50.67599868774414,6.146999835968018,700.0,2.302000045776367,34.551029205322266,1,1,1
1900683,US ARGO PROJECT,BRECK OWENS,AO,2.0,2006-03-07 13:01:06.000000256,-50.67599868774414,6.146999835968018,750.0,2.2929999828338623,34.58491897583008,1,1,1
1900683,US ARGO PROJECT,BRECK OWENS,AO,2.0,2006-03-07 13:01:06.000000256,-50.67599868774414,6.146999835968018,800.0,2.3429999351501465,34.619998931884766,1,1,1
1900683,US ARGO PROJECT,BRECK OWENS,AO,2.0,2006-03-07 13:01:06.000000256,-50.67599868774414,6.146999835968018,850.0,2.3459999561309814,34.640960693359375,1,1,1
1900683,US ARGO PROJECT,BRECK OWENS,AO,2.0,2006-03-07 13:01:06.000000256,-50.67599868774414,6.146999835968018,900.0,2.364000082015991,34.66305160522461,1,1,1
1900683,US ARGO PROJECT,BRECK OWENS,AO,2.0,2006-03-07 13:01:06.000000256,-50.67599868774414,6.146999835968018,950.0,2.3389999866485596,34.67694091796875,1,1,1
1900683,US ARGO PROJECT,BRECK OWENS,AO,2.0,2006-03-07 13:01:06.000000256,-50.67599868774414,6.146999835968018,1000.0,2.377000093460083,34.69704055786133,1,1,1
1900683,US ARGO PROJECT,BRECK OWENS,AO,2.0,2006-03-07 13:01:06.000000256,-50.67599868774414,6.146999835968018,1050.0,2.359999895095825,34.710018157958984,1,1,1
1900683,US ARGO PROJECT,BRECK OWENS,AO,2.0,2006-03-07 13:01:06.000000256,-50.67599868774414,6.146999835968018,1100.0,2.3570001125335693,34.72319030761719,1,1,1
1900683,US ARGO PROJECT,BRECK OWENS,AO,2.0,2006-03-07 13:01:06.000000256,-50.67599868774414,6.146999835968018,1150.0,2.259000062942505,34.71997833251953,1,1,1
1900683,US ARGO PROJECT,BRECK OWENS,AO,2.0,2006-03-07 13:01:06.000000256,-50.67599868774414,6.146999835968018,1200.0,2.2769999504089355,34.736061096191406,1,1,1
1900683,US ARGO PROJECT,BRECK OWENS,AO,2.0,2006-03-07 13:01:06.000000256,-50.67599868774414,6.146999835968018,1250.0,2.249000072479248,34.74208068847656,1,1,1
1900683,US ARGO PROJECT,BRECK OWENS,AO,2.0,2006-03-07 13:01:06.000000256,-50.67599868774414,6.146999835968018,1300.0,2.2090001106262207,34.747039794921875,1,1,1
1900683,US ARGO PROJECT,BRECK OWENS,AO,2.0,2006-03-07 13:01:06.000000256,-50.67599868774414,6.146999835968018,1350.0,2.196000099182129,34.75300979614258,1,1,1
1900683,US ARGO PROJECT,BRECK OWENS,AO,2.0,2006-03-07 13:01:06.000000256,-50.67599868774414,6.146999835968018,1400.0,2.190999984741211,34.759090423583984,1,1,1
1900683,US ARGO PROJECT,BRECK OWENS,AO,2.0,2006-03-07 13:01:06.000000256,-50.67599868774414,6.146999835968018,1450.0,2.1480000019073486,34.758121490478516,1,1,1
1900683,US ARGO PROJECT,BRECK OWENS,AO,2.0,2006-03-07 13:01:06.000000256,-50.67599868774414,6.146999835968018,1500.0,2.0899999141693115,34.75905990600586,1,1,1
1900683,US ARGO PROJECT,BRECK OWENS,AO,2.0,2006-03-07 13:01:06.000000256,-50.67599868774414,6.146999835968018,1550.0,2.059000015258789,34.76005172729492,1,1,1
1900683,US ARGO PROJECT,BRECK OWENS,AO,2.0,2006-03-07 13:01:06.000000256,-50.67599868774414,6.146999835968018,1600.0,2.0380001068115234,34.764060974121094,1,1,1
1900683,US ARGO PROJECT,BRECK OWENS,AO,2.0,2006-03-07 13:01:06.000000256,-50.67599868774414,6.146999835968018,1650.0,2.009999990463257,34.765140533447266,1,1,1
1900683,US ARGO PROJECT,BRECK OWENS,AO,2.0,2006-03-07 13:01:06.000000256,-50.67599868774414,6.146999835968018,1700.0,1.9459999799728394,34.764060974121094,1,1,1
1900683,US ARGO PROJECT,BRECK OWENS,AO,2.0,2006-03-07 13:01:06.000000256,-50.67599868774414,6.146999835968018,1750.0,1.9129999876022339,34.76408004760742,1,1,1
1900683,US ARGO PROJECT,BRECK OWENS,AO,2.0,2006-03-07 13:01:06.000000256,-50.67599868774414,6.146999835968018,1800.0,1.8739999532699585,34.76401901245117,1,1,1
1900683,US ARGO PROJECT,BRECK OWENS,AO,3.0,2006-03-17 13:42:59.000000000,-50.79399871826172,6.301000118255615,5.0,4.890999794006348,33.742000579833984,1,1,1
1900683,US ARGO PROJECT,BRECK OWENS,AO,3.0,2006-03-17 13:42:59.000000000,-50.79399871826172,6.301000118255615,10.0,4.890999794006348,33.742000579833984,1,1,1
1900683,US ARGO PROJECT,BRECK OWENS,AO,3.0,2006-03-17 13:42:59.000000000,-50.79399871826172,6.301000118255615,15.0,4.890999794006348,33.742000579833984,1,1,1
1900683,US ARGO PROJECT,BRECK OWENS,AO,3.0,2006-03-17 13:42:59.000000000,-50.79399871826172,6.301000118255615,20.0,4.890999794006348,33.74298095703125,1,1,1
1900683,US ARGO PROJECT,BRECK OWENS,AO,3.0,2006-03-17 13:42:59.000000000,-50.79399871826172,6.301000118255615,25.0,4.892000198364258,33.74203872680664,1,1,1
1900683,US ARGO PROJECT,BRECK OWENS,AO,3.0,2006-03-17 13:42:59.000000000,-50.79399871826172,6.301000118255615,30.0,4.889999866485596,33.74203872680664,1,1,1
1900683,US ARGO PROJECT,BRECK OWENS,AO,3.0,2006-03-17 13:42:59.000000000,-50.79399871826172,6.301000118255615,35.0,4.888000011444092,33.74296188354492,1,1,1
1900683,US ARGO PROJECT,BRECK OWENS,AO,3.0,2006-03-17 13:42:59.000000000,-50.79399871826172,6.301000118255615,40.0,4.889999866485596,33.743011474609375,1,1,1
1900683,US ARGO PROJECT,BRECK OWENS,AO,3.0,2006-03-17 13:42:59.000000000,-50.79399871826172,6.301000118255615,45.0,4.888999938964844,33.743080139160156,1,1,1
1900683,US ARGO PROJECT,BRECK OWENS,AO,3.0,2006-03-17 13:42:59.000000000,-50.79399871826172,6.301000118255615,50.0,4.885000228881836,33.74298095703125,1,1,1
1900683,US ARGO PROJECT,BRECK OWENS,AO,3.0,2006-03-17 13:42:59.000000000,-50.79399871826172,6.301000118255615,55.0,4.886000156402588,33.74300003051758,1,1,1
1900683,US ARGO PROJECT,BRECK OWENS,AO,3.0,2006-03-17 13:42:59.000000000,-50.79399871826172,6.301000118255615,60.0,4.886000156402588,33.74298095703125,1,1,1
1900683,US ARGO PROJECT,BRECK OWENS,AO,3.0,2006-03-17 13:42:59.000000000,-50.79399871826172,6.301000118255615,65.0,4.88700008392334,33.74300003051758,1,1,1
1900683,US ARGO PROJECT,BRECK OWENS,AO,3.0,2006-03-17 13:42:59.000000000,-50.79399871826172,6.301000118255615,70.0,4.88700008392334,33.74319076538086,1,1,1
1900683,US ARGO PROJECT,BRECK OWENS,AO,3.0,2006-03-17 13:42:59.000000000,-50.79399871826172,6.301000118255615,75.0,4.876999855041504,33.743011474609375,1,1,1
1900683,US ARGO PROJECT,BRECK OWENS,AO,3.0,2006-03-17 13:42:59.000000000,-50.79399871826172,6.301000118255615,80.0,4.875999927520752,33.742149353027344,1,1,1
1900683,US ARGO PROJECT,BRECK OWENS,AO,3.0,2006-03-17 13:42:59.000000000,-50.79399871826172,6.301000118255615,85.0,4.868000030517578,33.74504852294922,1,1,1
1900683,US ARGO PROJECT,BRECK OWENS,AO,3.0,2006-03-17 13:42:59.000000000,-50.79399871826172,6.301000118255615,90.0,4.288000106811523,33.775699615478516,1,1,1
1900683,US ARGO PROJECT,BRECK OWENS,AO,3.0,2006-03-17 13:42:59.000000000,-50.79399871826172,6.301000118255615,95.0,4.050000190734863,33.78628158569336,1,1,1
1900683,US ARGO PROJECT,BRECK OWENS,AO,3.0,2006-03-17 13:42:59.000000000,-50.79399871826172,6.301000118255615,100.0,3.7290000915527344,33.80445098876953,1,1,1
1900683,US ARGO PROJECT,BRECK OWENS,AO,3.0,2006-03-17 13:42:59.000000000,-50.79399871826172,6.301000118255615,105.0,3.4519999027252197,33.81626892089844,1,1,1
1900683,US ARGO PROJECT,BRECK OWENS,AO,3.0,2006-03-17 13:42:59.000000000,-50.79399871826172,6.301000118255615,110.0,3.134999990463257,33.83150100708008,1,1,1
1900683,US ARGO PROJECT,BRECK OWENS,AO,3.0,2006-03-17 13:42:59.000000000,-50.79399871826172,6.301000118255615,115.0,2.859999895095825,33.846370697021484,1,1,1
1900683,US ARGO PROJECT,BRECK OWENS,AO,3.0,2006-03-17 13:42:59.000000000,-50.79399871826172,6.301000118255615,120.0,2.6419999599456787,33.85808181762695,1,1,1
1900683,US ARGO PROJECT,BRECK OWENS,AO,3.0,2006-03-17 13:42:59.000000000,-50.79399871826172,6.301000118255615,125.0,2.3410000801086426,33.8821907043457,1,1,1
1900683,US ARGO PROJECT,BRECK OWENS,AO,3.0,2006-03-17 13:42:59.000000000,-50.79399871826172,6.301000118255615,130.0,2.2330000400543213,33.898590087890625,1,1,1
1900683,US ARGO PROJECT,BRECK OWENS,AO,3.0,2006-03-17 13:42:59.000000000,-50.79399871826172,6.301000118255615,135.0,2.1579999923706055,33.92224884033203,1,1,1
1900683,US ARGO PROJECT,BRECK OWENS,AO,3.0,2006-03-17 13:42:59.000000000,-50.79399871826172,6.301000118255615,140.0,2.1449999809265137,33.927310943603516,1,1,1
1900683,US ARGO PROJECT,BRECK OWENS,AO,3.0,2006-03-17 13:42:59.000000000,-50.79399871826172,6.301000118255615,145.0,2.130000114440918,33.93423843383789,1,1,1
1900683,US ARGO PROJECT,BRECK OWENS,AO,3.0,2006-03-17 13:42:59.000000000,-50.79399871826172,6.301000118255615,150.0,2.118000030517578,33.942909240722656,1,1,1
1900683,US ARGO PROJECT,BRECK OWENS,AO,3.0,2006-03-17 13:42:59.000000000,-50.79399871826172,6.301000118255615,155.0,2.177999973297119,33.97050094604492,1,1,1
1900683,US ARGO PROJECT,BRECK OWENS,AO,3.0,2006-03-17 13:42:59.000000000,-50.79399871826172,6.301000118255615,160.0,2.1549999713897705,33.98712158203125,1,1,1
1900683,US ARGO PROJECT,BRECK OWENS,AO,3.0,2006-03-17 13:42:59.000000000,-50.79399871826172,6.301000118255615,165.0,2.1530001163482666,33.997589111328125,1,1,1
1900683,US ARGO PROJECT,BRECK OWENS,AO,3.0,2006-03-17 13:42:59.000000000,-50.79399871826172,6.301000118255615,170.0,2.180000066757202,34.013851165771484,1,1,1
1900683,US ARGO PROJECT,BRECK OWENS,AO,3.0,2006-03-17 13:42:59.000000000,-50.79399871826172,6.301000118255615,175.0,2.240999937057495,34.02901077270508,1,1,1
1900683,US ARGO PROJECT,BRECK OWENS,AO,3.0,2006-03-17 13:42:59.000000000,-50.79399871826172,6.301000118255615,180.0,2.240999937057495,34.0340690612793,1,1,1
1900683,US ARGO PROJECT,BRECK OWENS,AO,3.0,2006-03-17 13:42:59.000000000,-50.79399871826172,6.301000118255615,185.0,2.242000102996826,34.04090881347656,1,1,1
1900683,US ARGO PROJECT,BRECK OWENS,AO,3.0,2006-03-17 13:42:59.000000000,-50.79399871826172,6.301000118255615,190.0,2.1489999294281006,34.04410934448242,1,1,1
1900683,US ARGO PROJECT,BRECK OWENS,AO,3.0,2006-03-17 13:42:59.000000000,-50.79399871826172,6.301000118255615,195.0,2.0999999046325684,34.05046081542969,1,1,1
1900683,US ARGO PROJECT,BRECK OWENS,AO,3.0,2006-03-17 13:42:59.000000000,-50.79399871826172,6.301000118255615,200.0,2.0829999446868896,34.05693817138672,1,1,1
1900683,US ARGO PROJECT,BRECK OWENS,AO,3.0,2006-03-17 13:42:59.000000000,-50.79399871826172,6.301000118255615,220.0,2.312000036239624,34.109161376953125,1,1,1
1900683,US ARGO PROJECT,BRECK OWENS,AO,3.0,2006-03-17 13:42:59.000000000,-50.79399871826172,6.301000118255615,240.0,2.2960000038146973,34.12879943847656,1,1,1
1900683,US ARGO PROJECT,BRECK OWENS,AO,3.0,2006-03-17 13:42:59.000000000,-50.79399871826172,6.301000118255615,260.0,2.3510000705718994,34.15882873535156,1,1,1
1900683,US ARGO PROJECT,BRECK OWENS,AO,3.0,2006-03-17 13:42:59.000000000,-50.79399871826172,6.301000118255615,280.0,2.3989999294281006,34.19804000854492,1,1,1
1900683,US ARGO PROJECT,BRECK OWENS,AO,3.0,2006-03-17 13:42:59.000000000,-50.79399871826172,6.301000118255615,300.0,2.4010000228881836,34.22520065307617,1,1,1
1900683,US ARGO PROJECT,BRECK OWENS,AO,3.0,2006-03-17 13:42:59.000000000,-50.79399871826172,6.301000118255615,320.0,2.371999979019165,34.247989654541016,1,1,1
1900683,US ARGO PROJECT,BRECK OWENS,AO,3.0,2006-03-17 13:42:59.000000000,-50.79399871826172,6.301000118255615,340.0,2.384000062942505,34.27193832397461,1,1,1
1900683,US ARGO PROJECT,BRECK OWENS,AO,3.0,2006-03-17 13:42:59.000000000,-50.79399871826172,6.301000118255615,360.0,2.4049999713897705,34.29907989501953,1,1,1
1900683,US ARGO PROJECT,BRECK OWENS,AO,3.0,2006-03-17 13:42:59.000000000,-50.79399871826172,6.301000118255615,380.0,2.3970000743865967,34.31610107421875,1,1,1
1900683,US ARGO PROJECT,BRECK OWENS,AO,3.0,2006-03-17 13:42:59.000000000,-50.79399871826172,6.301000118255615,400.0,2.384999990463257,34.33007049560547,1,1,1
1900683,US ARGO PROJECT,BRECK OWENS,AO,3.0,2006-03-17 13:42:59.000000000,-50.79399871826172,6.301000118255615,450.0,2.38100004196167,34.380069732666016,1,1,1
1900683,US ARGO PROJECT,BRECK OWENS,AO,3.0,2006-03-17 13:42:59.000000000,-50.79399871826172,6.301000118255615,500.0,2.367000102996826,34.41802978515625,1,1,1
1900683,US ARGO PROJECT,BRECK OWENS,AO,3.0,2006-03-17 13:42:59.000000000,-50.79399871826172,6.301000118255615,550.0,2.368000030517578,34.4599609375,1,1,1
1900683,US ARGO PROJECT,BRECK OWENS,AO,3.0,2006-03-17 13:42:59.000000000,-50.79399871826172,6.301000118255615,600.0,2.3970000743865967,34.50402069091797,1,1,1
1900683,US ARGO PROJECT,BRECK OWENS,AO,3.0,2006-03-17 13:42:59.000000000,-50.79399871826172,6.301000118255615,650.0,2.3929998874664307,34.53491973876953,1,1,1
1900683,US ARGO PROJECT,BRECK OWENS,AO,3.0,2006-03-17 13:42:59.000000000,-50.79399871826172,6.301000118255615,700.0,2.446000099182129,34.57304000854492,1,1,1
1900683,US ARGO PROJECT,BRECK OWENS,AO,3.0,2006-03-17 13:42:59.000000000,-50.79399871826172,6.301000118255615,750.0,2.434999942779541,34.59605026245117,1,1,1
1900683,US ARGO PROJECT,BRECK OWENS,AO,3.0,2006-03-17 13:42:59.000000000,-50.79399871826172,6.301000118255615,800.0,2.421999931335449,34.626041412353516,1,1,1
1900683,US ARGO PROJECT,BRECK OWENS,AO,3.0,2006-03-17 13:42:59.000000000,-50.79399871826172,6.301000118255615,850.0,2.4049999713897705,34.64200973510742,1,1,1
1900683,US ARGO PROJECT,BRECK OWENS,AO,3.0,2006-03-17 13:42:59.000000000,-50.79399871826172,6.301000118255615,900.0,2.4070000648498535,34.664119720458984,1,1,1
1900683,US ARGO PROJECT,BRECK OWENS,AO,3.0,2006-03-17 13:42:59.000000000,-50.79399871826172,6.301000118255615,950.0,2.3510000705718994,34.66796112060547,1,1,1
1900683,US ARGO PROJECT,BRECK OWENS,AO,3.0,2006-03-17 13:42:59.000000000,-50.79399871826172,6.301000118255615,1000.0,2.384000062942505,34.69205093383789,1,1,1
1900683,US ARGO PROJECT,BRECK OWENS,AO,3.0,2006-03-17 13:42:59.000000000,-50.79399871826172,6.301000118255615,1050.0,2.3580000400543213,34.70106887817383,1,1,1
1900683,US ARGO PROJECT,BRECK OWENS,AO,3.0,2006-03-17 13:42:59.000000000,-50.79399871826172,6.301000118255615,1100.0,2.3299999237060547,34.71004867553711,1,1,1
1900683,US ARGO PROJECT,BRECK OWENS,AO,3.0,2006-03-17 13:42:59.000000000,-50.79399871826172,6.301000118255615,1150.0,2.309000015258789,34.72404861450195,1,1,1
1900683,US ARGO PROJECT,BRECK OWENS,AO,3.0,2006-03-17 13:42:59.000000000,-50.79399871826172,6.301000118255615,1200.0,2.2850000858306885,34.73204040527344,1,1,1
1900683,US ARGO PROJECT,BRECK OWENS,AO,3.0,2006-03-17 13:42:59.000000000,-50.79399871826172,6.301000118255615,1250.0,2.2639999389648438,34.74003982543945,1,1,1
1900683,US ARGO PROJECT,BRECK OWENS,AO,3.0,2006-03-17 13:42:59.000000000,-50.79399871826172,6.301000118255615,1300.0,2.249000072479248,34.74409103393555,1,1,1
1900683,US ARGO PROJECT,BRECK OWENS,AO,3.0,2006-03-17 13:42:59.000000000,-50.79399871826172,6.301000118255615,1350.0,2.2060000896453857,34.750038146972656,1,1,1
1900683,US ARGO PROJECT,BRECK OWENS,AO,3.0,2006-03-17 13:42:59.000000000,-50.79399871826172,6.301000118255615,1400.0,2.186000108718872,34.75307846069336,1,1,1
1900683,US ARGO PROJECT,BRECK OWENS,AO,3.0,2006-03-17 13:42:59.000000000,-50.79399871826172,6.301000118255615,1450.0,2.1449999809265137,34.757080078125,1,1,1
1900683,US ARGO PROJECT,BRECK OWENS,AO,3.0,2006-03-17 13:42:59.000000000,-50.79399871826172,6.301000118255615,1500.0,2.1110000610351562,34.75910949707031,1,1,1
1900683,US ARGO PROJECT,BRECK OWENS,AO,3.0,2006-03-17 13:42:59.000000000,-50.79399871826172,6.301000118255615,1550.0,2.055000066757202,34.76008987426758,1,1,1
1900683,US ARGO PROJECT,BRECK OWENS,AO,3.0,2006-03-17 13:42:59.000000000,-50.79399871826172,6.301000118255615,1600.0,2.01200008392334,34.758060455322266,1,1,1
1900683,US ARGO PROJECT,BRECK OWENS,AO,3.0,2006-03-17 13:42:59.000000000,-50.79399871826172,6.301000118255615,1650.0,1.9880000352859497,34.76210021972656,1,1,1
1900683,US ARGO PROJECT,BRECK OWENS,AO,3.0,2006-03-17 13:42:59.000000000,-50.79399871826172,6.301000118255615,1700.0,1.9429999589920044,34.76604080200195,1,1,1
1900683,US ARGO PROJECT,BRECK OWENS,AO,3.0,2006-03-17 13:42:59.000000000,-50.79399871826172,6.301000118255615,1750.0,1.9240000247955322,34.766090393066406,1,1,1
1900683,US ARGO PROJECT,BRECK OWENS,AO,3.0,2006-03-17 13:42:59.000000000,-50.79399871826172,6.301000118255615,1800.0,1.878000020980835,34.765018463134766,1,1,1
1900683,US ARGO PROJECT,BRECK OWENS,AO,4.0,2006-03-27 13:41:34.000000000,-50.65299987792969,6.460999965667725,5.0,4.559000015258789,33.7469482421875,1,1,1
1900683,US ARGO PROJECT,BRECK OWENS,AO,4.0,2006-03-27 13:41:34.000000000,-50.65299987792969,6.460999965667725,10.0,4.561999797821045,33.74803924560547,1,1,1
1900683,US ARGO PROJECT,BRECK OWENS,AO,4.0,2006-03-27 13:41:34.000000000,-50.65299987792969,6.460999965667725,15.0,4.559999942779541,33.747989654541016,1,1,1
1900683,US ARGO PROJECT,BRECK OWENS,AO,4.0,2006-03-27 13:41:34.000000000,-50.65299987792969,6.460999965667725,20.0,4.559999942779541,33.74803161621094,1,1,1
1900683,US ARGO PROJECT,BRECK OWENS,AO,4.0,2006-03-27 13:41:34.000000000,-50.65299987792969,6.460999965667725,25.0,4.558000087738037,33.74895095825195,1,1,1
1900683,US ARGO PROJECT,BRECK OWENS,AO,4.0,2006-03-27 13:41:34.000000000,-50.65299987792969,6.460999965667725,30.0,4.559999942779541,33.749168395996094,1,1,1
1900683,US ARGO PROJECT,BRECK OWENS,AO,4.0,2006-03-27 13:41:34.000000000,-50.65299987792969,6.460999965667725,35.0,4.551000118255615,33.748878479003906,1,1,1
1900683,US ARGO PROJECT,BRECK OWENS,AO,4.0,2006-03-27 13:41:34.000000000,-50.65299987792969,6.460999965667725,40.0,4.557000160217285,33.74898910522461,1,1,1
1900683,US ARGO PROJECT,BRECK OWENS,AO,4.0,2006-03-27 13:41:34.000000000,-50.65299987792969,6.460999965667725,45.0,4.557000160217285,33.74911117553711,1,1,1
1900683,US ARGO PROJECT,BRECK OWENS,AO,4.0,2006-03-27 13:41:34.000000000,-50.65299987792969,6.460999965667725,50.0,4.551000118255615,33.750030517578125,1,1,1
1900683,US ARGO PROJECT,BRECK OWENS,AO,4.0,2006-03-27 13:41:34.000000000,-50.65299987792969,6.460999965667725,55.0,4.548999786376953,33.74998092651367,1,1,1
1900683,US ARGO PROJECT,BRECK OWENS,AO,4.0,2006-03-27 13:41:34.000000000,-50.65299987792969,6.460999965667725,60.0,4.550000190734863,33.750038146972656,1,1,1
1900683,US ARGO PROJECT,BRECK OWENS,AO,4.0,2006-03-27 13:41:34.000000000,-50.65299987792969,6.460999965667725,65.0,4.547999858856201,33.74998092651367,1,1,1
1900683,US ARGO PROJECT,BRECK OWENS,AO,4.0,2006-03-27 13:41:34.000000000,-50.65299987792969,6.460999965667725,70.0,4.548999786376953,33.7500114440918,1,1,1
1900683,US ARGO PROJECT,BRECK OWENS,AO,4.0,2006-03-27 13:41:34.000000000,-50.65299987792969,6.460999965667725,75.0,4.547999858856201,33.7500114440918,1,1,1
1900683,US ARGO PROJECT,BRECK OWENS,AO,4.0,2006-03-27 13:41:34.000000000,-50.65299987792969,6.460999965667725,80.0,4.546999931335449,33.749229431152344,1,1,1
1900683,US ARGO PROJECT,BRECK OWENS,AO,4.0,2006-03-27 13:41:34.000000000,-50.65299987792969,6.460999965667725,85.0,4.535999774932861,33.75014114379883,1,1,1
1900683,US ARGO PROJECT,BRECK OWENS,AO,4.0,2006-03-27 13:41:34.000000000,-50.65299987792969,6.460999965667725,90.0,4.5279998779296875,33.75008010864258,1,1,1
1900683,US ARGO PROJECT,BRECK OWENS,AO,4.0,2006-03-27 13:41:34.000000000,-50.65299987792969,6.460999965667725,95.0,4.52400016784668,33.74835968017578,1,1,1
1900683,US ARGO PROJECT,BRECK OWENS,AO,4.0,2006-03-27 13:41:34.000000000,-50.65299987792969,6.460999965667725,100.0,4.451000213623047,33.757381439208984,1,1,1
1900683,US ARGO PROJECT,BRECK OWENS,AO,4.0,2006-03-27 13:41:34.000000000,-50.65299987792969,6.460999965667725,105.0,3.502000093460083,33.80707931518555,1,1,1
1900683,US ARGO PROJECT,BRECK OWENS,AO,4.0,2006-03-27 13:41:34.000000000,-50.65299987792969,6.460999965667725,110.0,3.003000020980835,33.840579986572266,1,1,1
1900683,US ARGO PROJECT,BRECK OWENS,AO,4.0,2006-03-27 13:41:34.000000000,-50.65299987792969,6.460999965667725,115.0,2.674999952316284,33.86140823364258,1,1,1
1900683,US ARGO PROJECT,BRECK OWENS,AO,4.0,2006-03-27 13:41:34.000000000,-50.65299987792969,6.460999965667725,120.0,2.507999897003174,33.873878479003906,1,1,1
1900683,US ARGO PROJECT,BRECK OWENS,AO,4.0,2006-03-27 13:41:34.000000000,-50.65299987792969,6.460999965667725,125.0,2.365999937057495,33.88652038574219,1,1,1
1900683,US ARGO PROJECT,BRECK OWENS,AO,4.0,2006-03-27 13:41:34.000000000,-50.65299987792969,6.460999965667725,130.0,2.2920000553131104,33.899391174316406,1,1,1
1900683,US ARGO PROJECT,BRECK OWENS,AO,4.0,2006-03-27 13:41:34.000000000,-50.65299987792969,6.460999965667725,135.0,2.2720000743865967,33.903839111328125,1,1,1
1900683,US ARGO PROJECT,BRECK OWENS,AO,4.0,2006-03-27 13:41:34.000000000,-50.65299987792969,6.460999965667725,140.0,2.2309999465942383,33.912540435791016,1,1,1
1900683,US ARGO PROJECT,BRECK OWENS,AO,4.0,2006-03-27 13:41:34.000000000,-50.65299987792969,6.460999965667725,145.0,2.2039999961853027,33.91946029663086,1,1,1
1900683,US ARGO PROJECT,BRECK OWENS,AO,4.0,2006-03-27 13:41:34.000000000,-50.65299987792969,6.460999965667725,150.0,2.180999994277954,33.92591094970703,1,1,1
1900683,US ARGO PROJECT,BRECK OWENS,AO,4.0,2006-03-27 13:41:34.000000000,-50.65299987792969,6.460999965667725,155.0,2.1440000534057617,33.963680267333984,1,1,1
1900683,US ARGO PROJECT,BRECK OWENS,AO,4.0,2006-03-27 13:41:34.000000000,-50.65299987792969,6.460999965667725,160.0,2.1589999198913574,33.97779846191406,1,1,1
1900683,US ARGO PROJECT,BRECK OWENS,AO,4.0,2006-03-27 13:41:34.000000000,-50.65299987792969,6.460999965667725,165.0,2.1659998893737793,33.98308181762695,1,1,1
1900683,US ARGO PROJECT,BRECK OWENS,AO,4.0,2006-03-27 13:41:34.000000000,-50.65299987792969,6.460999965667725,170.0,2.1670000553131104,33.993770599365234,1,1,1
1900683,US ARGO PROJECT,BRECK OWENS,AO,4.0,2006-03-27 13:41:34.000000000,-50.65299987792969,6.460999965667725,175.0,2.181999921798706,33.99985885620117,1,1,1
1900683,US ARGO PROJECT,BRECK OWENS,AO,4.0,2006-03-27 13:41:34.000000000,-50.65299987792969,6.460999965667725,180.0,2.194999933242798,34.01980972290039,1,1,1
1900683,US ARGO PROJECT,BRECK OWENS,AO,4.0,2006-03-27 13:41:34.000000000,-50.65299987792969,6.460999965667725,185.0,2.2090001106262207,34.04011917114258,1,1,1
1900683,US ARGO PROJECT,BRECK OWENS,AO,4.0,2006-03-27 13:41:34.000000000,-50.65299987792969,6.460999965667725,190.0,2.2060000896453857,34.04718017578125,1,1,1
1900683,US ARGO PROJECT,BRECK OWENS,AO,4.0,2006-03-27 13:41:34.000000000,-50.65299987792969,6.460999965667725,195.0,2.2009999752044678,34.052181243896484,1,1,1
1900683,US ARGO PROJECT,BRECK OWENS,AO,4.0,2006-03-27 13:41:34.000000000,-50.65299987792969,6.460999965667725,200.0,2.247999906539917,34.06697082519531,1,1,1
1900683,US ARGO PROJECT,BRECK OWENS,AO,4.0,2006-03-27 13:41:34.000000000,-50.65299987792969,6.460999965667725,220.0,2.257999897003174,34.09471893310547,1,1,1
1900683,US ARGO PROJECT,BRECK OWENS,AO,4.0,2006-03-27 13:41:34.000000000,-50.65299987792969,6.460999965667725,240.0,2.3310000896453857,34.136959075927734,1,1,1
1900683,US ARGO PROJECT,BRECK OWENS,AO,4.0,2006-03-27 13:41:34.000000000,-50.65299987792969,6.460999965667725,260.0,2.3469998836517334,34.1568603515625,1,1,1
1900683,US ARGO PROJECT,BRECK OWENS,AO,4.0,2006-03-27 13:41:34.000000000,-50.65299987792969,6.460999965667725,280.0,2.3889999389648438,34.185791015625,1,1,1
1900683,US ARGO PROJECT,BRECK OWENS,AO,4.0,2006-03-27 13:41:34.000000000,-50.65299987792969,6.460999965667725,300.0,2.443000078201294,34.21800994873047,1,1,1
1900683,US ARGO PROJECT,BRECK OWENS,AO,4.0,2006-03-27 13:41:34.000000000,-50.65299987792969,6.460999965667725,320.0,2.450000047683716,34.244049072265625,1,1,1
1900683,US ARGO PROJECT,BRECK OWENS,AO,4.0,2006-03-27 13:41:34.000000000,-50.65299987792969,6.460999965667725,340.0,2.4489998817443848,34.26805114746094,1,1,1
1900683,US ARGO PROJECT,BRECK OWENS,AO,4.0,2006-03-27 13:41:34.000000000,-50.65299987792969,6.460999965667725,360.0,2.447999954223633,34.278099060058594,1,1,1
1900683,US ARGO PROJECT,BRECK OWENS,AO,4.0,2006-03-27 13:41:34.000000000,-50.65299987792969,6.460999965667725,380.0,2.437999963760376,34.29608917236328,1,1,1
1900683,US ARGO PROJECT,BRECK OWENS,AO,4.0,2006-03-27 13:41:34.000000000,-50.65299987792969,6.460999965667725,400.0,2.430000066757202,34.320091247558594,1,1,1
1900683,US ARGO PROJECT,BRECK OWENS,AO,4.0,2006-03-27 13:41:34.000000000,-50.65299987792969,6.460999965667725,450.0,2.4070000648498535,34.36806106567383,1,1,1
1900683,US ARGO PROJECT,BRECK OWENS,AO,4.0,2006-03-27 13:41:34.000000000,-50.65299987792969,6.460999965667725,500.0,2.3949999809265137,34.4210205078125,1,1,1
1900683,US ARGO PROJECT,BRECK OWENS,AO,4.0,2006-03-27 13:41:34.000000000,-50.65299987792969,6.460999965667725,550.0,2.3970000743865967,34.462989807128906,1,1,1
1900683,US ARGO PROJECT,BRECK OWENS,AO,4.0,2006-03-27 13:41:34.000000000,-50.65299987792969,6.460999965667725,600.0,2.4170000553131104,34.50099182128906,1,1,1
1900683,US ARGO PROJECT,BRECK OWENS,AO,4.0,2006-03-27 13:41:34.000000000,-50.65299987792969,6.460999965667725,650.0,2.430999994277954,34.529029846191406,1,1,1
1900683,US ARGO PROJECT,BRECK OWENS,AO,4.0,2006-03-27 13:41:34.000000000,-50.65299987792969,6.460999965667725,700.0,2.424999952316284,34.551029205322266,1,1,1
1900683,US ARGO PROJECT,BRECK OWENS,AO,4.0,2006-03-27 13:41:34.000000000,-50.65299987792969,6.460999965667725,750.0,2.4230000972747803,34.58197021484375,1,1,1
1900683,US ARGO PROJECT,BRECK OWENS,AO,4.0,2006-03-27 13:41:34.000000000,-50.65299987792969,6.460999965667725,800.0,2.438999891281128,34.60301971435547,1,1,1
1900683,US ARGO PROJECT,BRECK OWENS,AO,4.0,2006-03-27 13:41:34.000000000,-50.65299987792969,6.460999965667725,850.0,2.434000015258789,34.62405014038086,1,1,1
1900683,US ARGO PROJECT,BRECK OWENS,AO,4.0,2006-03-27 13:41:34.000000000,-50.65299987792969,6.460999965667725,900.0,2.4110000133514404,34.634029388427734,1,1,1
1900683,US ARGO PROJECT,BRECK OWENS,AO,4.0,2006-03-27 13:41:34.000000000,-50.65299987792969,6.460999965667725,950.0,2.4049999713897705,34.65412139892578,1,1,1
1900683,US ARGO PROJECT,BRECK OWENS,AO,4.0,2006-03-27 13:41:34.000000000,-50.65299987792969,6.460999965667725,1000.0,2.3480000495910645,34.66501998901367,1,1,1
1900683,US ARGO PROJECT,BRECK OWENS,AO,4.0,2006-03-27 13:41:34.000000000,-50.65299987792969,6.460999965667725,1050.0,2.3429999351501465,34.682071685791016,1,1,1
1900683,US ARGO PROJECT,BRECK OWENS,AO,4.0,2006-03-27 13:41:34.000000000,-50.65299987792969,6.460999965667725,1100.0,2.305000066757202,34.692989349365234,1,1,1
1900683,US ARGO PROJECT,BRECK OWENS,AO,4.0,2006-03-27 13:41:34.000000000,-50.65299987792969,6.460999965667725,1150.0,2.313999891281128,34.70600891113281,1,1,1
1900683,US ARGO PROJECT,BRECK OWENS,AO,4.0,2006-03-27 13:41:34.000000000,-50.65299987792969,6.460999965667725,1200.0,2.315999984741211,34.72016143798828,1,1,1
1900683,US ARGO PROJECT,BRECK OWENS,AO,4.0,2006-03-27 13:41:34.000000000,-50.65299987792969,6.460999965667725,1250.0,2.236999988555908,34.72018051147461,1,1,1
1900683,US ARGO PROJECT,BRECK OWENS,AO,4.0,2006-03-27 13:41:34.000000000,-50.65299987792969,6.460999965667725,1300.0,2.1500000953674316,34.71903991699219,1,1,1
1900683,US ARGO PROJECT,BRECK OWENS,AO,4.0,2006-03-27 13:41:34.000000000,-50.65299987792969,6.460999965667725,1350.0,2.140000104904175,34.729068756103516,1,1,1
1900683,US ARGO PROJECT,BRECK OWENS,AO,4.0,2006-03-27 13:41:34.000000000,-50.65299987792969,6.460999965667725,1400.0,2.1059999465942383,34.73405838012695,1,1,1
1900683,US ARGO PROJECT,BRECK OWENS,AO,4.0,2006-03-27 13:41:34.000000000,-50.65299987792969,6.460999965667725,1450.0,2.0829999446868896,34.73910140991211,1,1,1
1900683,US ARGO PROJECT,BRECK OWENS,AO,4.0,2006-03-27 13:41:34.000000000,-50.65299987792969,6.460999965667725,1500.0,2.0380001068115234,34.740081787109375,1,1,1
1900683,US ARGO PROJECT,BRECK OWENS,AO,4.0,2006-03-27 13:41:34.000000000,-50.65299987792969,6.460999965667725,1550.0,2.002000093460083,34.743038177490234,1,1,1
1900683,US ARGO PROJECT,BRECK OWENS,AO,4.0,2006-03-27 13:41:34.000000000,-50.65299987792969,6.460999965667725,1600.0,1.9839999675750732,34.748069763183594,1,1,1
1900683,US ARGO PROJECT,BRECK OWENS,AO,4.0,2006-03-27 13:41:34.000000000,-50.65299987792969,6.460999965667725,1650.0,1.9459999799728394,34.749080657958984,1,1,1
1900683,US ARGO PROJECT,BRECK OWENS,AO,4.0,2006-03-27 13:41:34.000000000,-50.65299987792969,6.460999965667725,1700.0,1.906000018119812,34.7511100769043,1,1,1
1900683,US ARGO PROJECT,BRECK OWENS,AO,4.0,2006-03-27 13:41:34.000000000,-50.65299987792969,6.460999965667725,1750.0,1.8509999513626099,34.7511100769043,1,1,1
1900683,US ARGO PROJECT,BRECK OWENS,AO,4.0,2006-03-27 13:41:34.000000000,-50.65299987792969,6.460999965667725,1800.0,1.7970000505447388,34.75001907348633,1,1,1
1900683,US ARGO PROJECT,BRECK OWENS,AO,5.0,2006-04-06 13:43:05.999999744,-50.15399932861328,7.340000152587891,5.0,3.934000015258789,33.77014923095703,1,1,1
1900683,US ARGO PROJECT,BRECK OWENS,AO,5.0,2006-04-06 13:43:05.999999744,-50.15399932861328,7.340000152587891,10.0,3.9260001182556152,33.77103042602539,1,1,1
1900683,US ARGO PROJECT,BRECK OWENS,AO,5.0,2006-04-06 13:43:05.999999744,-50.15399932861328,7.340000152587891,15.0,3.9240000247955322,33.771060943603516,1,1,1
1900683,US ARGO PROJECT,BRECK OWENS,AO,5.0,2006-04-06 13:43:05.999999744,-50.15399932861328,7.340000152587891,20.0,3.9210000038146973,33.7719612121582,1,1,1
1900683,US ARGO PROJECT,BRECK OWENS,AO,5.0,2006-04-06 13:43:05.999999744,-50.15399932861328,7.340000152587891,25.0,3.9230000972747803,33.77199935913086,1,1,1
1900683,US ARGO PROJECT,BRECK OWENS,AO,5.0,2006-04-06 13:43:05.999999744,-50.15399932861328,7.340000152587891,30.0,3.9230000972747803,33.77204895019531,1,1,1
1900683,US ARGO PROJECT,BRECK OWENS,AO,5.0,2006-04-06 13:43:05.999999744,-50.15399932861328,7.340000152587891,35.0,3.9200000762939453,33.77227020263672,1,1,1
1900683,US ARGO PROJECT,BRECK OWENS,AO,5.0,2006-04-06 13:43:05.999999744,-50.15399932861328,7.340000152587891,40.0,3.9059998989105225,33.77302169799805,1,1,1
1900683,US ARGO PROJECT,BRECK OWENS,AO,5.0,2006-04-06 13:43:05.999999744,-50.15399932861328,7.340000152587891,45.0,3.9049999713897705,33.7730598449707,1,1,1
1900683,US ARGO PROJECT,BRECK OWENS,AO,5.0,2006-04-06 13:43:05.999999744,-50.15399932861328,7.340000152587891,50.0,3.9019999504089355,33.77296829223633,1,1,1
1900683,US ARGO PROJECT,BRECK OWENS,AO,5.0,2006-04-06 13:43:05.999999744,-50.15399932861328,7.340000152587891,55.0,3.9040000438690186,33.773109436035156,1,1,1
1900683,US ARGO PROJECT,BRECK OWENS,AO,5.0,2006-04-06 13:43:05.999999744,-50.15399932861328,7.340000152587891,60.0,3.8980000019073486,33.77299118041992,1,1,1
1900683,US ARGO PROJECT,BRECK OWENS,AO,5.0,2006-04-06 13:43:05.999999744,-50.15399932861328,7.340000152587891,65.0,3.8980000019073486,33.7730598449707,1,1,1
1900683,US ARGO PROJECT,BRECK OWENS,AO,5.0,2006-04-06 13:43:05.999999744,-50.15399932861328,7.340000152587891,70.0,3.8949999809265137,33.77301025390625,1,1,1
1900683,US ARGO PROJECT,BRECK OWENS,AO,5.0,2006-04-06 13:43:05.999999744,-50.15399932861328,7.340000152587891,75.0,3.8940000534057617,33.77299118041992,1,1,1
1900683,US ARGO PROJECT,BRECK OWENS,AO,5.0,2006-04-06 13:43:05.999999744,-50.15399932861328,7.340000152587891,80.0,3.8940000534057617,33.77299118041992,1,1,1
1900683,US ARGO PROJECT,BRECK OWENS,AO,5.0,2006-04-06 13:43:05.999999744,-50.15399932861328,7.340000152587891,85.0,3.8940000534057617,33.773048400878906,1,1,1
1900683,US ARGO PROJECT,BRECK OWENS,AO,5.0,2006-04-06 13:43:05.999999744,-50.15399932861328,7.340000152587891,90.0,3.8910000324249268,33.77320098876953,1,1,1
1900683,US ARGO PROJECT,BRECK OWENS,AO,5.0,2006-04-06 13:43:05.999999744,-50.15399932861328,7.340000152587891,95.0,3.88100004196167,33.773738861083984,1,1,1
1900683,US ARGO PROJECT,BRECK OWENS,AO,5.0,2006-04-06 13:43:05.999999744,-50.15399932861328,7.340000152587891,100.0,3.8429999351501465,33.77574920654297,1,1,1
1900683,US ARGO PROJECT,BRECK OWENS,AO,5.0,2006-04-06 13:43:05.999999744,-50.15399932861328,7.340000152587891,105.0,3.752000093460083,33.779579162597656,1,1,1
1900683,US ARGO PROJECT,BRECK OWENS,AO,5.0,2006-04-06 13:43:05.999999744,-50.15399932861328,7.340000152587891,110.0,3.569999933242798,33.79413986206055,1,1,1
1900683,US ARGO PROJECT,BRECK OWENS,AO,5.0,2006-04-06 13:43:05.999999744,-50.15399932861328,7.340000152587891,115.0,3.2100000381469727,33.831329345703125,1,1,1
1900683,US ARGO PROJECT,BRECK OWENS,AO,5.0,2006-04-06 13:43:05.999999744,-50.15399932861328,7.340000152587891,120.0,3.0420000553131104,33.84621047973633,1,1,1
1900683,US ARGO PROJECT,BRECK OWENS,AO,5.0,2006-04-06 13:43:05.999999744,-50.15399932861328,7.340000152587891,125.0,2.5769999027252197,33.87723922729492,1,1,1
1900683,US ARGO PROJECT,BRECK OWENS,AO,5.0,2006-04-06 13:43:05.999999744,-50.15399932861328,7.340000152587891,130.0,2.4170000553131104,33.89179992675781,1,1,1
1900683,US ARGO PROJECT,BRECK OWENS,AO,5.0,2006-04-06 13:43:05.999999744,-50.15399932861328,7.340000152587891,135.0,2.2799999713897705,33.90970993041992,1,1,1
1900683,US ARGO PROJECT,BRECK OWENS,AO,5.0,2006-04-06 13:43:05.999999744,-50.15399932861328,7.340000152587891,140.0,2.244999885559082,33.91495132446289,1,1,1
1900683,US ARGO PROJECT,BRECK OWENS,AO,5.0,2006-04-06 13:43:05.999999744,-50.15399932861328,7.340000152587891,145.0,2.1510000228881836,33.934391021728516,1,1,1
1900683,US ARGO PROJECT,BRECK OWENS,AO,5.0,2006-04-06 13:43:05.999999744,-50.15399932861328,7.340000152587891,150.0,2.131999969482422,33.949798583984375,1,1,1
1900683,US ARGO PROJECT,BRECK OWENS,AO,5.0,2006-04-06 13:43:05.999999744,-50.15399932861328,7.340000152587891,155.0,2.1429998874664307,33.969139099121094,1,1,1
1900683,US ARGO PROJECT,BRECK OWENS,AO,5.0,2006-04-06 13:43:05.999999744,-50.15399932861328,7.340000152587891,160.0,2.1410000324249268,33.992088317871094,1,1,1
1900683,US ARGO PROJECT,BRECK OWENS,AO,5.0,2006-04-06 13:43:05.999999744,-50.15399932861328,7.340000152587891,165.0,2.1410000324249268,34.01401901245117,1,1,1
1900683,US ARGO PROJECT,BRECK OWENS,AO,5.0,2006-04-06 13:43:05.999999744,-50.15399932861328,7.340000152587891,170.0,2.1410000324249268,34.0217399597168,1,1,1
1900683,US ARGO PROJECT,BRECK OWENS,AO,5.0,2006-04-06 13:43:05.999999744,-50.15399932861328,7.340000152587891,175.0,2.1080000400543213,34.02806854248047,1,1,1
1900683,US ARGO PROJECT,BRECK OWENS,AO,5.0,2006-04-06 13:43:05.999999744,-50.15399932861328,7.340000152587891,180.0,2.1089999675750732,34.032318115234375,1,1,1
1900683,US ARGO PROJECT,BRECK OWENS,AO,5.0,2006-04-06 13:43:05.999999744,-50.15399932861328,7.340000152587891,185.0,2.1480000019073486,34.04685974121094,1,1,1
1900683,US ARGO PROJECT,BRECK OWENS,AO,5.0,2006-04-06 13:43:05.999999744,-50.15399932861328,7.340000152587891,190.0,2.1589999198913574,34.062870025634766,1,1,1
1900683,US ARGO PROJECT,BRECK OWENS,AO,5.0,2006-04-06 13:43:05.999999744,-50.15399932861328,7.340000152587891,195.0,2.1689999103546143,34.06787109375,1,1,1
1900683,US ARGO PROJECT,BRECK OWENS,AO,5.0,2006-04-06 13:43:05.999999744,-50.15399932861328,7.340000152587891,200.0,2.180000066757202,34.07672882080078,1,1,1
1900683,US ARGO PROJECT,BRECK OWENS,AO,5.0,2006-04-06 13:43:05.999999744,-50.15399932861328,7.340000152587891,220.0,2.249000072479248,34.12281036376953,1,1,1
1900683,US ARGO PROJECT,BRECK OWENS,AO,5.0,2006-04-06 13:43:05.999999744,-50.15399932861328,7.340000152587891,240.0,2.2980000972747803,34.15470886230469,1,1,1
1900683,US ARGO PROJECT,BRECK OWENS,AO,5.0,2006-04-06 13:43:05.999999744,-50.15399932861328,7.340000152587891,260.0,2.367000102996826,34.18999099731445,1,1,1
1900683,US ARGO PROJECT,BRECK OWENS,AO,5.0,2006-04-06 13:43:05.999999744,-50.15399932861328,7.340000152587891,280.0,2.378999948501587,34.21794891357422,1,1,1
1900683,US ARGO PROJECT,BRECK OWENS,AO,5.0,2006-04-06 13:43:05.999999744,-50.15399932861328,7.340000152587891,300.0,2.4010000228881836,34.24900817871094,1,1,1
1900683,US ARGO PROJECT,BRECK OWENS,AO,5.0,2006-04-06 13:43:05.999999744,-50.15399932861328,7.340000152587891,320.0,2.4079999923706055,34.28001022338867,1,1,1
1900683,US ARGO PROJECT,BRECK OWENS,AO,5.0,2006-04-06 13:43:05.999999744,-50.15399932861328,7.340000152587891,340.0,2.4149999618530273,34.31005096435547,1,1,1
1900683,US ARGO PROJECT,BRECK OWENS,AO,5.0,2006-04-06 13:43:05.999999744,-50.15399932861328,7.340000152587891,360.0,2.4130001068115234,34.3350715637207,1,1,1
1900683,US ARGO PROJECT,BRECK OWENS,AO,5.0,2006-04-06 13:43:05.999999744,-50.15399932861328,7.340000152587891,380.0,2.4049999713897705,34.35308074951172,1,1,1
1900683,US ARGO PROJECT,BRECK OWENS,AO,5.0,2006-04-06 13:43:05.999999744,-50.15399932861328,7.340000152587891,400.0,2.3959999084472656,34.365081787109375,1,1,1
1900683,US ARGO PROJECT,BRECK OWENS,AO,5.0,2006-04-06 13:43:05.999999744,-50.15399932861328,7.340000152587891,450.0,2.378999948501587,34.40803146362305,1,1,1
1900683,US ARGO PROJECT,BRECK OWENS,AO,5.0,2006-04-06 13:43:05.999999744,-50.15399932861328,7.340000152587891,500.0,2.378000020980835,34.444950103759766,1,1,1
1900683,US ARGO PROJECT,BRECK OWENS,AO,5.0,2006-04-06 13:43:05.999999744,-50.15399932861328,7.340000152587891,550.0,2.4149999618530273,34.483070373535156,1,1,1
1900683,US ARGO PROJECT,BRECK OWENS,AO,5.0,2006-04-06 13:43:05.999999744,-50.15399932861328,7.340000152587891,600.0,2.390000104904175,34.51095962524414,1,1,1
1900683,US ARGO PROJECT,BRECK OWENS,AO,5.0,2006-04-06 13:43:05.999999744,-50.15399932861328,7.340000152587891,650.0,2.4149999618530273,34.54001998901367,1,1,1
1900683,US ARGO PROJECT,BRECK OWENS,AO,5.0,2006-04-06 13:43:05.999999744,-50.15399932861328,7.340000152587891,700.0,2.4170000553131104,34.56597900390625,1,1,1
1900683,US ARGO PROJECT,BRECK OWENS,AO,5.0,2006-04-06 13:43:05.999999744,-50.15399932861328,7.340000152587891,750.0,2.433000087738037,34.59217071533203,1,1,1
1900683,US ARGO PROJECT,BRECK OWENS,AO,5.0,2006-04-06 13:43:05.999999744,-50.15399932861328,7.340000152587891,800.0,2.3499999046325684,34.59706115722656,1,1,1
1900683,US ARGO PROJECT,BRECK OWENS,AO,5.0,2006-04-06 13:43:05.999999744,-50.15399932861328,7.340000152587891,850.0,2.328000068664551,34.619930267333984,1,1,1
1900683,US ARGO PROJECT,BRECK OWENS,AO,5.0,2006-04-06 13:43:05.999999744,-50.15399932861328,7.340000152587891,900.0,2.365999937057495,34.64405822753906,1,1,1
1900683,US ARGO PROJECT,BRECK OWENS,AO,5.0,2006-04-06 13:43:05.999999744,-50.15399932861328,7.340000152587891,950.0,2.3369998931884766,34.658138275146484,1,1,1
1900683,US ARGO PROJECT,BRECK OWENS,AO,5.0,2006-04-06 13:43:05.999999744,-50.15399932861328,7.340000152587891,1000.0,2.2699999809265137,34.66802978515625,1,1,1
1900683,US ARGO PROJECT,BRECK OWENS,AO,5.0,2006-04-06 13:43:05.999999744,-50.15399932861328,7.340000152587891,1050.0,2.2679998874664307,34.68196105957031,1,1,1
1900683,US ARGO PROJECT,BRECK OWENS,AO,5.0,2006-04-06 13:43:05.999999744,-50.15399932861328,7.340000152587891,1100.0,2.2909998893737793,34.695091247558594,1,1,1
1900683,US ARGO PROJECT,BRECK OWENS,AO,5.0,2006-04-06 13:43:05.999999744,-50.15399932861328,7.340000152587891,1150.0,2.249000072479248,34.70505142211914,1,1,1
1900683,US ARGO PROJECT,BRECK OWENS,AO,5.0,2006-04-06 13:43:05.999999744,-50.15399932861328,7.340000152587891,1200.0,2.2309999465942383,34.71406936645508,1,1,1
1900683,US ARGO PROJECT,BRECK OWENS,AO,5.0,2006-04-06 13:43:05.999999744,-50.15399932861328,7.340000152587891,1250.0,2.197000026702881,34.72505187988281,1,1,1
1900683,US ARGO PROJECT,BRECK OWENS,AO,5.0,2006-04-06 13:43:05.999999744,-50.15399932861328,7.340000152587891,1300.0,2.171999931335449,34.73204040527344,1,1,1
1900683,US ARGO PROJECT,BRECK OWENS,AO,5.0,2006-04-06 13:43:05.999999744,-50.15399932861328,7.340000152587891,1350.0,2.1600000858306885,34.73905944824219,1,1,1
1900683,US ARGO PROJECT,BRECK OWENS,AO,5.0,2006-04-06 13:43:05.999999744,-50.15399932861328,7.340000152587891,1400.0,2.131999969482422,34.747039794921875,1,1,1
1900683,US ARGO PROJECT,BRECK OWENS,AO,5.0,2006-04-06 13:43:05.999999744,-50.15399932861328,7.340000152587891,1450.0,2.115000009536743,34.753089904785156,1,1,1
1900683,US ARGO PROJECT,BRECK OWENS,AO,5.0,2006-04-06 13:43:05.999999744,-50.15399932861328,7.340000152587891,1500.0,2.069999933242798,34.75315856933594,1,1,1
1900683,US ARGO PROJECT,BRECK OWENS,AO,5.0,2006-04-06 13:43:05.999999744,-50.15399932861328,7.340000152587891,1550.0,1.996000051498413,34.749061584472656,1,1,1
1900683,US ARGO PROJECT,BRECK OWENS,AO,5.0,2006-04-06 13:43:05.999999744,-50.15399932861328,7.340000152587891,1600.0,1.968000054359436,34.75312042236328,1,1,1
1900683,US ARGO PROJECT,BRECK OWENS,AO,5.0,2006-04-06 13:43:05.999999744,-50.15399932861328,7.340000152587891,1650.0,1.9119999408721924,34.75107955932617,1,1,1
1900683,US ARGO PROJECT,BRECK OWENS,AO,5.0,2006-04-06 13:43:05.999999744,-50.15399932861328,7.340000152587891,1700.0,1.8730000257492065,34.752159118652344,1,1,1
1900683,US ARGO PROJECT,BRECK OWENS,AO,5.0,2006-04-06 13:43:05.999999744,-50.15399932861328,7.340000152587891,1750.0,1.7970000505447388,34.750179290771484,1,1,1
1900683,US ARGO PROJECT,BRECK OWENS,AO,5.0,2006-04-06 13:43:05.999999744,-50.15399932861328,7.340000152587891,1800.0,1.7100000381469727,34.7430305480957,1,1,1
1900683,US ARGO PROJECT,BRECK OWENS,AO,6.0,2006-04-16 13:38:24.000000000,-50.27799987792969,8.355999946594238,5.0,4.080999851226807,33.77701950073242,1,1,1
1900683,US ARGO PROJECT,BRECK OWENS,AO,6.0,2006-04-16 13:38:24.000000000,-50.27799987792969,8.355999946594238,10.0,4.079999923706055,33.778018951416016,1,1,1
1900683,US ARGO PROJECT,BRECK OWENS,AO,6.0,2006-04-16 13:38:24.000000000,-50.27799987792969,8.355999946594238,15.0,4.078999996185303,33.77901077270508,1,1,1
1900683,US ARGO PROJECT,BRECK OWENS,AO,6.0,2006-04-16 13:38:24.000000000,-50.27799987792969,8.355999946594238,20.0,4.078000068664551,33.77997970581055,1,1,1
1900683,US ARGO PROJECT,BRECK OWENS,AO,6.0,2006-04-16 13:38:24.000000000,-50.27799987792969,8.355999946594238,25.0,4.078999996185303,33.779991149902344,1,1,1
1900683,US ARGO PROJECT,BRECK OWENS,AO,6.0,2006-04-16 13:38:24.000000000,-50.27799987792969,8.355999946594238,30.0,4.078999996185303,33.78002166748047,1,1,1
1900683,US ARGO PROJECT,BRECK OWENS,AO,6.0,2006-04-16 13:38:24.000000000,-50.27799987792969,8.355999946594238,35.0,4.078000068664551,33.779991149902344,1,1,1
1900683,US ARGO PROJECT,BRECK OWENS,AO,6.0,2006-04-16 13:38:24.000000000,-50.27799987792969,8.355999946594238,40.0,4.078000068664551,33.78001022338867,1,1,1
1900683,US ARGO PROJECT,BRECK OWENS,AO,6.0,2006-04-16 13:38:24.000000000,-50.27799987792969,8.355999946594238,45.0,4.077000141143799,33.779991149902344,1,1,1
1900683,US ARGO PROJECT,BRECK OWENS,AO,6.0,2006-04-16 13:38:24.000000000,-50.27799987792969,8.355999946594238,50.0,4.077000141143799,33.779998779296875,1,1,1
1900683,US ARGO PROJECT,BRECK OWENS,AO,6.0,2006-04-16 13:38:24.000000000,-50.27799987792969,8.355999946594238,55.0,4.077000141143799,33.780059814453125,1,1,1
1900683,US ARGO PROJECT,BRECK OWENS,AO,6.0,2006-04-16 13:38:24.000000000,-50.27799987792969,8.355999946594238,60.0,4.073999881744385,33.78096008300781,1,1,1
1900683,US ARGO PROJECT,BRECK OWENS,AO,6.0,2006-04-16 13:38:24.000000000,-50.27799987792969,8.355999946594238,65.0,4.076000213623047,33.779998779296875,1,1,1
1900683,US ARGO PROJECT,BRECK OWENS,AO,6.0,2006-04-16 13:38:24.000000000,-50.27799987792969,8.355999946594238,70.0,4.076000213623047,33.77997970581055,1,1,1
1900683,US ARGO PROJECT,BRECK OWENS,AO,6.0,2006-04-16 13:38:24.000000000,-50.27799987792969,8.355999946594238,75.0,4.077000141143799,33.779991149902344,1,1,1
1900683,US ARGO PROJECT,BRECK OWENS,AO,6.0,2006-04-16 13:38:24.000000000,-50.27799987792969,8.355999946594238,80.0,4.077000141143799,33.78004837036133,1,1,1
1900683,US ARGO PROJECT,BRECK OWENS,AO,6.0,2006-04-16 13:38:24.000000000,-50.27799987792969,8.355999946594238,85.0,4.073999881744385,33.78004837036133,1,1,1
1900683,US ARGO PROJECT,BRECK OWENS,AO,6.0,2006-04-16 13:38:24.000000000,-50.27799987792969,8.355999946594238,90.0,4.071000099182129,33.77994155883789,1,1,1
1900683,US ARGO PROJECT,BRECK OWENS,AO,6.0,2006-04-16 13:38:24.000000000,-50.27799987792969,8.355999946594238,95.0,4.073999881744385,33.77894973754883,1,1,1
1900683,US ARGO PROJECT,BRECK OWENS,AO,6.0,2006-04-16 13:38:24.000000000,-50.27799987792969,8.355999946594238,100.0,4.076000213623047,33.776588439941406,1,1,1
1900683,US ARGO PROJECT,BRECK OWENS,AO,6.0,2006-04-16 13:38:24.000000000,-50.27799987792969,8.355999946594238,105.0,4.041999816894531,33.77666091918945,1,1,1
1900683,US ARGO PROJECT,BRECK OWENS,AO,6.0,2006-04-16 13:38:24.000000000,-50.27799987792969,8.355999946594238,110.0,3.240999937057495,33.829498291015625,1,1,1
1900683,US ARGO PROJECT,BRECK OWENS,AO,6.0,2006-04-16 13:38:24.000000000,-50.27799987792969,8.355999946594238,115.0,2.7730000019073486,33.87226867675781,1,1,1
1900683,US ARGO PROJECT,BRECK OWENS,AO,6.0,2006-04-16 13:38:24.000000000,-50.27799987792969,8.355999946594238,120.0,2.7100000381469727,33.87234878540039,1,1,1
1900683,US ARGO PROJECT,BRECK OWENS,AO,6.0,2006-04-16 13:38:24.000000000,-50.27799987792969,8.355999946594238,125.0,2.492000102996826,33.88315963745117,1,1,1
1900683,US ARGO PROJECT,BRECK OWENS,AO,6.0,2006-04-16 13:38:24.000000000,-50.27799987792969,8.355999946594238,130.0,2.38700008392334,33.89405059814453,1,1,1
1900683,US ARGO PROJECT,BRECK OWENS,AO,6.0,2006-04-16 13:38:24.000000000,-50.27799987792969,8.355999946594238,135.0,2.2860000133514404,33.90612030029297,1,1,1
1900683,US ARGO PROJECT,BRECK OWENS,AO,6.0,2006-04-16 13:38:24.000000000,-50.27799987792969,8.355999946594238,140.0,2.2799999713897705,33.90705108642578,1,1,1
1900683,US ARGO PROJECT,BRECK OWENS,AO,6.0,2006-04-16 13:38:24.000000000,-50.27799987792969,8.355999946594238,145.0,2.2780001163482666,33.906349182128906,1,1,1
1900683,US ARGO PROJECT,BRECK OWENS,AO,6.0,2006-04-16 13:38:24.000000000,-50.27799987792969,8.355999946594238,150.0,2.260999917984009,33.90896987915039,1,1,1
1900683,US ARGO PROJECT,BRECK OWENS,AO,6.0,2006-04-16 13:38:24.000000000,-50.27799987792969,8.355999946594238,155.0,2.2130000591278076,33.913509368896484,1,1,1
1900683,US ARGO PROJECT,BRECK OWENS,AO,6.0,2006-04-16 13:38:24.000000000,-50.27799987792969,8.355999946594238,160.0,2.1419999599456787,33.933380126953125,1,1,1
1900683,US ARGO PROJECT,BRECK OWENS,AO,6.0,2006-04-16 13:38:24.000000000,-50.27799987792969,8.355999946594238,165.0,2.122999906539917,33.93717956542969,1,1,1
1900683,US ARGO PROJECT,BRECK OWENS,AO,6.0,2006-04-16 13:38:24.000000000,-50.27799987792969,8.355999946594238,170.0,2.065999984741211,33.95193099975586,1,1,1
1900683,US ARGO PROJECT,BRECK OWENS,AO,6.0,2006-04-16 13:38:24.000000000,-50.27799987792969,8.355999946594238,175.0,1.9709999561309814,33.96710968017578,1,1,1
1900683,US ARGO PROJECT,BRECK OWENS,AO,6.0,2006-04-16 13:38:24.000000000,-50.27799987792969,8.355999946594238,180.0,1.9739999771118164,33.985801696777344,1,1,1
1900683,US ARGO PROJECT,BRECK OWENS,AO,6.0,2006-04-16 13:38:24.000000000,-50.27799987792969,8.355999946594238,185.0,1.9880000352859497,33.99951934814453,1,1,1
1900683,US ARGO PROJECT,BRECK OWENS,AO,6.0,2006-04-16 13:38:24.000000000,-50.27799987792969,8.355999946594238,190.0,2.071000099182129,34.029449462890625,1,1,1
1900683,US ARGO PROJECT,BRECK OWENS,AO,6.0,2006-04-16 13:38:24.000000000,-50.27799987792969,8.355999946594238,195.0,2.0989999771118164,34.04069900512695,1,1,1
1900683,US ARGO PROJECT,BRECK OWENS,AO,6.0,2006-04-16 13:38:24.000000000,-50.27799987792969,8.355999946594238,200.0,2.015000104904175,34.041019439697266,1,1,1
1900683,US ARGO PROJECT,BRECK OWENS,AO,6.0,2006-04-16 13:38:24.000000000,-50.27799987792969,8.355999946594238,220.0,2.0369999408721924,34.065528869628906,1,1,1
1900683,US ARGO PROJECT,BRECK OWENS,AO,6.0,2006-04-16 13:38:24.000000000,-50.27799987792969,8.355999946594238,240.0,2.1510000228881836,34.10557174682617,1,1,1
1900683,US ARGO PROJECT,BRECK OWENS,AO,6.0,2006-04-16 13:38:24.000000000,-50.27799987792969,8.355999946594238,260.0,2.250999927520752,34.15473937988281,1,1,1
1900683,US ARGO PROJECT,BRECK OWENS,AO,6.0,2006-04-16 13:38:24.000000000,-50.27799987792969,8.355999946594238,280.0,2.308000087738037,34.17987060546875,1,1,1
1900683,US ARGO PROJECT,BRECK OWENS,AO,6.0,2006-04-16 13:38:24.000000000,-50.27799987792969,8.355999946594238,300.0,2.3440001010894775,34.20595932006836,1,1,1
1900683,US ARGO PROJECT,BRECK OWENS,AO,6.0,2006-04-16 13:38:24.000000000,-50.27799987792969,8.355999946594238,320.0,2.359999895095825,34.215030670166016,1,1,1
1900683,US ARGO PROJECT,BRECK OWENS,AO,6.0,2006-04-16 13:38:24.000000000,-50.27799987792969,8.355999946594238,340.0,2.36899995803833,34.238990783691406,1,1,1
1900683,US ARGO PROJECT,BRECK OWENS,AO,6.0,2006-04-16 13:38:24.000000000,-50.27799987792969,8.355999946594238,360.0,2.382999897003174,34.264060974121094,1,1,1
1900683,US ARGO PROJECT,BRECK OWENS,AO,6.0,2006-04-16 13:38:24.000000000,-50.27799987792969,8.355999946594238,380.0,2.378999948501587,34.284000396728516,1,1,1
1900683,US ARGO PROJECT,BRECK OWENS,AO,6.0,2006-04-16 13:38:24.000000000,-50.27799987792969,8.355999946594238,400.0,2.390000104904175,34.30208969116211,1,1,1
1900683,US ARGO PROJECT,BRECK OWENS,AO,6.0,2006-04-16 13:38:24.000000000,-50.27799987792969,8.355999946594238,450.0,2.365999937057495,34.34206008911133,1,1,1
1900683,US ARGO PROJECT,BRECK OWENS,AO,6.0,2006-04-16 13:38:24.000000000,-50.27799987792969,8.355999946594238,500.0,2.3610000610351562,34.394020080566406,1,1,1
1900683,US ARGO PROJECT,BRECK OWENS,AO,6.0,2006-04-16 13:38:24.000000000,-50.27799987792969,8.355999946594238,550.0,2.371000051498413,34.43600082397461,1,1,1
1900683,US ARGO PROJECT,BRECK OWENS,AO,6.0,2006-04-16 13:38:24.000000000,-50.27799987792969,8.355999946594238,600.0,2.38700008392334,34.47602844238281,1,1,1
1900683,US ARGO PROJECT,BRECK OWENS,AO,6.0,2006-04-16 13:38:24.000000000,-50.27799987792969,8.355999946594238,650.0,2.378999948501587,34.50502014160156,1,1,1
1900683,US ARGO PROJECT,BRECK OWENS,AO,6.0,2006-04-16 13:38:24.000000000,-50.27799987792969,8.355999946594238,700.0,2.382999897003174,34.5369987487793,1,1,1
1900683,US ARGO PROJECT,BRECK OWENS,AO,6.0,2006-04-16 13:38:24.000000000,-50.27799987792969,8.355999946594238,750.0,2.3889999389648438,34.55706024169922,1,1,1
1900683,US ARGO PROJECT,BRECK OWENS,AO,6.0,2006-04-16 13:38:24.000000000,-50.27799987792969,8.355999946594238,800.0,2.368000030517578,34.57598876953125,1,1,1
1900683,US ARGO PROJECT,BRECK OWENS,AO,6.0,2006-04-16 13:38:24.000000000,-50.27799987792969,8.355999946594238,850.0,2.384999990463257,34.60097885131836,1,1,1
1900683,US ARGO PROJECT,BRECK OWENS,AO,6.0,2006-04-16 13:38:24.000000000,-50.27799987792969,8.355999946594238,900.0,2.4049999713897705,34.62398910522461,1,1,1
1900683,US ARGO PROJECT,BRECK OWENS,AO,6.0,2006-04-16 13:38:24.000000000,-50.27799987792969,8.355999946594238,950.0,2.4210000038146973,34.650089263916016,1,1,1
1900683,US ARGO PROJECT,BRECK OWENS,AO,6.0,2006-04-16 13:38:24.000000000,-50.27799987792969,8.355999946594238,1000.0,2.378999948501587,34.662109375,1,1,1
1900683,US ARGO PROJECT,BRECK OWENS,AO,6.0,2006-04-16 13:38:24.000000000,-50.27799987792969,8.355999946594238,1050.0,2.3329999446868896,34.67802047729492,1,1,1
1900683,US ARGO PROJECT,BRECK OWENS,AO,6.0,2006-04-16 13:38:24.000000000,-50.27799987792969,8.355999946594238,1100.0,2.3259999752044678,34.69108963012695,1,1,1
1900683,US ARGO PROJECT,BRECK OWENS,AO,6.0,2006-04-16 13:38:24.000000000,-50.27799987792969,8.355999946594238,1150.0,2.2880001068115234,34.69906997680664,1,1,1
1900683,US ARGO PROJECT,BRECK OWENS,AO,6.0,2006-04-16 13:38:24.000000000,-50.27799987792969,8.355999946594238,1200.0,2.257999897003174,34.70402908325195,1,1,1
1900683,US ARGO PROJECT,BRECK OWENS,AO,6.0,2006-04-16 13:38:24.000000000,-50.27799987792969,8.355999946594238,1250.0,2.25,34.71903991699219,1,1,1
1900683,US ARGO PROJECT,BRECK OWENS,AO,6.0,2006-04-16 13:38:24.000000000,-50.27799987792969,8.355999946594238,1300.0,2.2320001125335693,34.72706985473633,1,1,1
1900683,US ARGO PROJECT,BRECK OWENS,AO,6.0,2006-04-16 13:38:24.000000000,-50.27799987792969,8.355999946594238,1350.0,2.197999954223633,34.73313903808594,1,1,1
1900683,US ARGO PROJECT,BRECK OWENS,AO,6.0,2006-04-16 13:38:24.000000000,-50.27799987792969,8.355999946594238,1400.0,2.134000062942505,34.735111236572266,1,1,1
1900683,US ARGO PROJECT,BRECK OWENS,AO,6.0,2006-04-16 13:38:24.000000000,-50.27799987792969,8.355999946594238,1450.0,2.0850000381469727,34.738121032714844,1,1,1
1900683,US ARGO PROJECT,BRECK OWENS,AO,6.0,2006-04-16 13:38:24.000000000,-50.27799987792969,8.355999946594238,1500.0,2.0239999294281006,34.73891830444336,1,1,1
1900683,US ARGO PROJECT,BRECK OWENS,AO,6.0,2006-04-16 13:38:24.000000000,-50.27799987792969,8.355999946594238,1550.0,2.062999963760376,34.75400924682617,1,1,1
1900683,US ARGO PROJECT,BRECK OWENS,AO,6.0,2006-04-16 13:38:24.000000000,-50.27799987792969,8.355999946594238,1600.0,2.056999921798706,34.75910186767578,1,1,1
1900683,US ARGO PROJECT,BRECK OWENS,AO,6.0,2006-04-16 13:38:24.000000000,-50.27799987792969,8.355999946594238,1650.0,1.9989999532699585,34.75611114501953,1,1,1
1900683,US ARGO PROJECT,BRECK OWENS,AO,6.0,2006-04-16 13:38:24.000000000,-50.27799987792969,8.355999946594238,1700.0,1.9470000267028809,34.75815963745117,1,1,1
1900683,US ARGO PROJECT,BRECK OWENS,AO,6.0,2006-04-16 13:38:24.000000000,-50.27799987792969,8.355999946594238,1750.0,1.871000051498413,34.75613021850586,1,1,1
1900683,US ARGO PROJECT,BRECK OWENS,AO,6.0,2006-04-16 13:38:24.000000000,-50.27799987792969,8.355999946594238,1800.0,1.812999963760376,34.75701904296875,1,1,1
1900683,US ARGO PROJECT,BRECK OWENS,AO,7.0,2006-04-26 13:23:58.999999744,-50.362998962402344,8.972999572753906,5.0,3.9769999980926514,33.76802062988281,1,1,1
1900683,US ARGO PROJECT,BRECK OWENS,AO,7.0,2006-04-26 13:23:58.999999744,-50.362998962402344,8.972999572753906,10.0,3.9769999980926514,33.76898956298828,1,1,1
1900683,US ARGO PROJECT,BRECK OWENS,AO,7.0,2006-04-26 13:23:58.999999744,-50.362998962402344,8.972999572753906,15.0,3.9769999980926514,33.76900100708008,1,1,1
1900683,US ARGO PROJECT,BRECK OWENS,AO,7.0,2006-04-26 13:23:58.999999744,-50.362998962402344,8.972999572753906,20.0,3.9769999980926514,33.76898956298828,1,1,1
1900683,US ARGO PROJECT,BRECK OWENS,AO,7.0,2006-04-26 13:23:58.999999744,-50.362998962402344,8.972999572753906,25.0,3.9769999980926514,33.769020080566406,1,1,1
1900683,US ARGO PROJECT,BRECK OWENS,AO,7.0,2006-04-26 13:23:58.999999744,-50.362998962402344,8.972999572753906,30.0,3.9760000705718994,33.769020080566406,1,1,1
1900683,US ARGO PROJECT,BRECK OWENS,AO,7.0,2006-04-26 13:23:58.999999744,-50.362998962402344,8.972999572753906,35.0,3.9749999046325684,33.769989013671875,1,1,1
1900683,US ARGO PROJECT,BRECK OWENS,AO,7.0,2006-04-26 13:23:58.999999744,-50.362998962402344,8.972999572753906,40.0,3.9749999046325684,33.76993942260742,1,1,1
1900683,US ARGO PROJECT,BRECK OWENS,AO,7.0,2006-04-26 13:23:58.999999744,-50.362998962402344,8.972999572753906,45.0,3.9779999256134033,33.76900863647461,1,1,1
1900683,US ARGO PROJECT,BRECK OWENS,AO,7.0,2006-04-26 13:23:58.999999744,-50.362998962402344,8.972999572753906,50.0,3.9779999256134033,33.7690315246582,1,1,1
1900683,US ARGO PROJECT,BRECK OWENS,AO,7.0,2006-04-26 13:23:58.999999744,-50.362998962402344,8.972999572753906,55.0,3.9769999980926514,33.76897048950195,1,1,1
1900683,US ARGO PROJECT,BRECK OWENS,AO,7.0,2006-04-26 13:23:58.999999744,-50.362998962402344,8.972999572753906,60.0,3.9790000915527344,33.76906967163086,1,1,1
1900683,US ARGO PROJECT,BRECK OWENS,AO,7.0,2006-04-26 13:23:58.999999744,-50.362998962402344,8.972999572753906,65.0,3.9749999046325684,33.77001953125,1,1,1
1900683,US ARGO PROJECT,BRECK OWENS,AO,7.0,2006-04-26 13:23:58.999999744,-50.362998962402344,8.972999572753906,70.0,3.9739999771118164,33.77000045776367,1,1,1
1900683,US ARGO PROJECT,BRECK OWENS,AO,7.0,2006-04-26 13:23:58.999999744,-50.362998962402344,8.972999572753906,75.0,3.9739999771118164,33.769989013671875,1,1,1
1900683,US ARGO PROJECT,BRECK OWENS,AO,7.0,2006-04-26 13:23:58.999999744,-50.362998962402344,8.972999572753906,80.0,3.9739999771118164,33.76996994018555,1,1,1
1900683,US ARGO PROJECT,BRECK OWENS,AO,7.0,2006-04-26 13:23:58.999999744,-50.362998962402344,8.972999572753906,85.0,3.9760000705718994,33.77000045776367,1,1,1
1900683,US ARGO PROJECT,BRECK OWENS,AO,7.0,2006-04-26 13:23:58.999999744,-50.362998962402344,8.972999572753906,90.0,3.9760000705718994,33.76996994018555,1,1,1
1900683,US ARGO PROJECT,BRECK OWENS,AO,7.0,2006-04-26 13:23:58.999999744,-50.362998962402344,8.972999572753906,95.0,3.9769999980926514,33.76918029785156,1,1,1
1900683,US ARGO PROJECT,BRECK OWENS,AO,7.0,2006-04-26 13:23:58.999999744,-50.362998962402344,8.972999572753906,100.0,3.9679999351501465,33.7700309753418,1,1,1
1900683,US ARGO PROJECT,BRECK OWENS,AO,7.0,2006-04-26 13:23:58.999999744,-50.362998962402344,8.972999572753906,105.0,3.9660000801086426,33.76934051513672,1,1,1
1900683,US ARGO PROJECT,BRECK OWENS,AO,7.0,2006-04-26 13:23:58.999999744,-50.362998962402344,8.972999572753906,110.0,3.9489998817443848,33.77021026611328,1,1,1
1900683,US ARGO PROJECT,BRECK OWENS,AO,7.0,2006-04-26 13:23:58.999999744,-50.362998962402344,8.972999572753906,115.0,3.937999963760376,33.77040100097656,1,1,1
1900683,US ARGO PROJECT,BRECK OWENS,AO,7.0,2006-04-26 13:23:58.999999744,-50.362998962402344,8.972999572753906,120.0,3.760999917984009,33.78411865234375,1,1,1
1900683,US ARGO PROJECT,BRECK OWENS,AO,7.0,2006-04-26 13:23:58.999999744,-50.362998962402344,8.972999572753906,125.0,2.938999891281128,33.84804916381836,1,1,1
1900683,US ARGO PROJECT,BRECK OWENS,AO,7.0,2006-04-26 13:23:58.999999744,-50.362998962402344,8.972999572753906,130.0,2.5439999103546143,33.888031005859375,1,1,1
1900683,US ARGO PROJECT,BRECK OWENS,AO,7.0,2006-04-26 13:23:58.999999744,-50.362998962402344,8.972999572753906,135.0,2.444000005722046,33.89912033081055,1,1,1
1900683,US ARGO PROJECT,BRECK OWENS,AO,7.0,2006-04-26 13:23:58.999999744,-50.362998962402344,8.972999572753906,140.0,2.3410000801086426,33.91822052001953,1,1,1
1900683,US ARGO PROJECT,BRECK OWENS,AO,7.0,2006-04-26 13:23:58.999999744,-50.362998962402344,8.972999572753906,145.0,2.2809998989105225,33.93523025512695,1,1,1
1900683,US ARGO PROJECT,BRECK OWENS,AO,7.0,2006-04-26 13:23:58.999999744,-50.362998962402344,8.972999572753906,150.0,2.2679998874664307,33.939449310302734,1,1,1
1900683,US ARGO PROJECT,BRECK OWENS,AO,7.0,2006-04-26 13:23:58.999999744,-50.362998962402344,8.972999572753906,155.0,2.246000051498413,33.9621696472168,1,1,1
1900683,US ARGO PROJECT,BRECK OWENS,AO,7.0,2006-04-26 13:23:58.999999744,-50.362998962402344,8.972999572753906,160.0,2.234999895095825,33.972930908203125,1,1,1
1900683,US ARGO PROJECT,BRECK OWENS,AO,7.0,2006-04-26 13:23:58.999999744,-50.362998962402344,8.972999572753906,165.0,2.23799991607666,33.97998046875,1,1,1
1900683,US ARGO PROJECT,BRECK OWENS,AO,7.0,2006-04-26 13:23:58.999999744,-50.362998962402344,8.972999572753906,170.0,2.24399995803833,33.98738098144531,1,1,1
1900683,US ARGO PROJECT,BRECK OWENS,AO,7.0,2006-04-26 13:23:58.999999744,-50.362998962402344,8.972999572753906,175.0,2.2799999713897705,33.99702835083008,1,1,1
1900683,US ARGO PROJECT,BRECK OWENS,AO,7.0,2006-04-26 13:23:58.999999744,-50.362998962402344,8.972999572753906,180.0,2.3329999446868896,34.00556945800781,1,1,1
1900683,US ARGO PROJECT,BRECK OWENS,AO,7.0,2006-04-26 13:23:58.999999744,-50.362998962402344,8.972999572753906,185.0,2.3610000610351562,34.032230377197266,1,1,1
1900683,US ARGO PROJECT,BRECK OWENS,AO,7.0,2006-04-26 13:23:58.999999744,-50.362998962402344,8.972999572753906,190.0,2.4010000228881836,34.04750061035156,1,1,1
1900683,US ARGO PROJECT,BRECK OWENS,AO,7.0,2006-04-26 13:23:58.999999744,-50.362998962402344,8.972999572753906,195.0,2.430000066757202,34.06510925292969,1,1,1
1900683,US ARGO PROJECT,BRECK OWENS,AO,7.0,2006-04-26 13:23:58.999999744,-50.362998962402344,8.972999572753906,200.0,2.4769999980926514,34.07746124267578,1,1,1
1900683,US ARGO PROJECT,BRECK OWENS,AO,7.0,2006-04-26 13:23:58.999999744,-50.362998962402344,8.972999572753906,220.0,2.3889999389648438,34.10232925415039,1,1,1
1900683,US ARGO PROJECT,BRECK OWENS,AO,7.0,2006-04-26 13:23:58.999999744,-50.362998962402344,8.972999572753906,240.0,2.3399999141693115,34.1297607421875,1,1,1
1900683,US ARGO PROJECT,BRECK OWENS,AO,7.0,2006-04-26 13:23:58.999999744,-50.362998962402344,8.972999572753906,260.0,2.4049999713897705,34.157230377197266,1,1,1
1900683,US ARGO PROJECT,BRECK OWENS,AO,7.0,2006-04-26 13:23:58.999999744,-50.362998962402344,8.972999572753906,280.0,2.36899995803833,34.181758880615234,1,1,1
1900683,US ARGO PROJECT,BRECK OWENS,AO,7.0,2006-04-26 13:23:58.999999744,-50.362998962402344,8.972999572753906,300.0,2.431999921798706,34.210689544677734,1,1,1
1900683,US ARGO PROJECT,BRECK OWENS,AO,7.0,2006-04-26 13:23:58.999999744,-50.362998962402344,8.972999572753906,320.0,2.50600004196167,34.23833084106445,1,1,1
1900683,US ARGO PROJECT,BRECK OWENS,AO,7.0,2006-04-26 13:23:58.999999744,-50.362998962402344,8.972999572753906,340.0,2.444999933242798,34.25320816040039,1,1,1
1900683,US ARGO PROJECT,BRECK OWENS,AO,7.0,2006-04-26 13:23:58.999999744,-50.362998962402344,8.972999572753906,360.0,2.4159998893737793,34.26898956298828,1,1,1
1900683,US ARGO PROJECT,BRECK OWENS,AO,7.0,2006-04-26 13:23:58.999999744,-50.362998962402344,8.972999572753906,380.0,2.430000066757202,34.28828048706055,1,1,1
1900683,US ARGO PROJECT,BRECK OWENS,AO,7.0,2006-04-26 13:23:58.999999744,-50.362998962402344,8.972999572753906,400.0,2.38100004196167,34.30807113647461,1,1,1
1900683,US ARGO PROJECT,BRECK OWENS,AO,7.0,2006-04-26 13:23:58.999999744,-50.362998962402344,8.972999572753906,450.0,2.365999937057495,34.35301971435547,1,1,1
1900683,US ARGO PROJECT,BRECK OWENS,AO,7.0,2006-04-26 13:23:58.999999744,-50.362998962402344,8.972999572753906,500.0,2.377000093460083,34.389041900634766,1,1,1
1900683,US ARGO PROJECT,BRECK OWENS,AO,7.0,2006-04-26 13:23:58.999999744,-50.362998962402344,8.972999572753906,550.0,2.372999906539917,34.4269905090332,1,1,1
1900683,US ARGO PROJECT,BRECK OWENS,AO,7.0,2006-04-26 13:23:58.999999744,-50.362998962402344,8.972999572753906,600.0,2.3910000324249268,34.46697998046875,1,1,1
1900683,US ARGO PROJECT,BRECK OWENS,AO,7.0,2006-04-26 13:23:58.999999744,-50.362998962402344,8.972999572753906,650.0,2.4110000133514404,34.507080078125,1,1,1
1900683,US ARGO PROJECT,BRECK OWENS,AO,7.0,2006-04-26 13:23:58.999999744,-50.362998962402344,8.972999572753906,700.0,2.378000020980835,34.532020568847656,1,1,1
1900683,US ARGO PROJECT,BRECK OWENS,AO,7.0,2006-04-26 13:23:58.999999744,-50.362998962402344,8.972999572753906,750.0,2.380000114440918,34.564979553222656,1,1,1
1900683,US ARGO PROJECT,BRECK OWENS,AO,7.0,2006-04-26 13:23:58.999999744,-50.362998962402344,8.972999572753906,800.0,2.3919999599456787,34.587039947509766,1,1,1
1900683,US ARGO PROJECT,BRECK OWENS,AO,7.0,2006-04-26 13:23:58.999999744,-50.362998962402344,8.972999572753906,850.0,2.38100004196167,34.60503005981445,1,1,1
1900683,US ARGO PROJECT,BRECK OWENS,AO,7.0,2006-04-26 13:23:58.999999744,-50.362998962402344,8.972999572753906,900.0,2.375,34.62805938720703,1,1,1
1900683,US ARGO PROJECT,BRECK OWENS,AO,7.0,2006-04-26 13:23:58.999999744,-50.362998962402344,8.972999572753906,950.0,2.3529999256134033,34.6450309753418,1,1,1
1900683,US ARGO PROJECT,BRECK OWENS,AO,7.0,2006-04-26 13:23:58.999999744,-50.362998962402344,8.972999572753906,1000.0,2.3469998836517334,34.661991119384766,1,1,1
1900683,US ARGO PROJECT,BRECK OWENS,AO,7.0,2006-04-26 13:23:58.999999744,-50.362998962402344,8.972999572753906,1050.0,2.3589999675750732,34.67906188964844,1,1,1
1900683,US ARGO PROJECT,BRECK OWENS,AO,7.0,2006-04-26 13:23:58.999999744,-50.362998962402344,8.972999572753906,1100.0,2.3329999446868896,34.692020416259766,1,1,1
1900683,US ARGO PROJECT,BRECK OWENS,AO,7.0,2006-04-26 13:23:58.999999744,-50.362998962402344,8.972999572753906,1150.0,2.325000047683716,34.70806884765625,1,1,1
1900683,US ARGO PROJECT,BRECK OWENS,AO,7.0,2006-04-26 13:23:58.999999744,-50.362998962402344,8.972999572753906,1200.0,2.2950000762939453,34.71907043457031,1,1,1
1900683,US ARGO PROJECT,BRECK OWENS,AO,7.0,2006-04-26 13:23:58.999999744,-50.362998962402344,8.972999572753906,1250.0,2.265000104904175,34.730079650878906,1,1,1
1900683,US ARGO PROJECT,BRECK OWENS,AO,7.0,2006-04-26 13:23:58.999999744,-50.362998962402344,8.972999572753906,1300.0,2.2249999046325684,34.73706817626953,1,1,1
1900683,US ARGO PROJECT,BRECK OWENS,AO,7.0,2006-04-26 13:23:58.999999744,-50.362998962402344,8.972999572753906,1350.0,2.194999933242798,34.7430305480957,1,1,1
1900683,US ARGO PROJECT,BRECK OWENS,AO,7.0,2006-04-26 13:23:58.999999744,-50.362998962402344,8.972999572753906,1400.0,2.180999994277954,34.74808120727539,1,1,1
1900683,US ARGO PROJECT,BRECK OWENS,AO,7.0,2006-04-26 13:23:58.999999744,-50.362998962402344,8.972999572753906,1450.0,2.1440000534057617,34.75503921508789,1,1,1
1900683,US ARGO PROJECT,BRECK OWENS,AO,7.0,2006-04-26 13:23:58.999999744,-50.362998962402344,8.972999572753906,1500.0,2.128999948501587,34.761138916015625,1,1,1
1900683,US ARGO PROJECT,BRECK OWENS,AO,7.0,2006-04-26 13:23:58.999999744,-50.362998962402344,8.972999572753906,1550.0,2.059999942779541,34.75912857055664,1,1,1
1900683,US ARGO PROJECT,BRECK OWENS,AO,7.0,2006-04-26 13:23:58.999999744,-50.362998962402344,8.972999572753906,1600.0,1.996999979019165,34.75606155395508,1,1,1
1900683,US ARGO PROJECT,BRECK OWENS,AO,7.0,2006-04-26 13:23:58.999999744,-50.362998962402344,8.972999572753906,1650.0,1.9700000286102295,34.758209228515625,1,1,1
1900683,US ARGO PROJECT,BRECK OWENS,AO,7.0,2006-04-26 13:23:58.999999744,-50.362998962402344,8.972999572753906,1700.0,1.86899995803833,34.75004959106445,1,1,1
1900683,US ARGO PROJECT,BRECK OWENS,AO,7.0,2006-04-26 13:23:58.999999744,-50.362998962402344,8.972999572753906,1750.0,1.8480000495910645,34.75606918334961,1,1,1
1900683,US ARGO PROJECT,BRECK OWENS,AO,7.0,2006-04-26 13:23:58.999999744,-50.362998962402344,8.972999572753906,1800.0,1.812000036239624,34.75503158569336,1,1,1
1900683,US ARGO PROJECT,BRECK OWENS,AO,8.0,2006-05-06 13:07:36.000000256,-50.41699981689453,9.907999992370605,5.0,3.687000036239624,33.7760009765625,1,1,1
1900683,US ARGO PROJECT,BRECK OWENS,AO,8.0,2006-05-06 13:07:36.000000256,-50.41699981689453,9.907999992370605,10.0,3.687000036239624,33.77602005004883,1,1,1
1900683,US ARGO PROJECT,BRECK OWENS,AO,8.0,2006-05-06 13:07:36.000000256,-50.41699981689453,9.907999992370605,15.0,3.686000108718872,33.7760009765625,1,1,1
1900683,US ARGO PROJECT,BRECK OWENS,AO,8.0,2006-05-06 13:07:36.000000256,-50.41699981689453,9.907999992370605,20.0,3.686000108718872,33.777000427246094,1,1,1
1900683,US ARGO PROJECT,BRECK OWENS,AO,8.0,2006-05-06 13:07:36.000000256,-50.41699981689453,9.907999992370605,25.0,3.686000108718872,33.777000427246094,1,1,1
1900683,US ARGO PROJECT,BRECK OWENS,AO,8.0,2006-05-06 13:07:36.000000256,-50.41699981689453,9.907999992370605,30.0,3.686000108718872,33.77701187133789,1,1,1
1900683,US ARGO PROJECT,BRECK OWENS,AO,8.0,2006-05-06 13:07:36.000000256,-50.41699981689453,9.907999992370605,35.0,3.686000108718872,33.777000427246094,1,1,1
1900683,US ARGO PROJECT,BRECK OWENS,AO,8.0,2006-05-06 13:07:36.000000256,-50.41699981689453,9.907999992370605,40.0,3.686000108718872,33.7769889831543,1,1,1
1900683,US ARGO PROJECT,BRECK OWENS,AO,8.0,2006-05-06 13:07:36.000000256,-50.41699981689453,9.907999992370605,45.0,3.686000108718872,33.77701950073242,1,1,1
1900683,US ARGO PROJECT,BRECK OWENS,AO,8.0,2006-05-06 13:07:36.000000256,-50.41699981689453,9.907999992370605,50.0,3.684999942779541,33.776981353759766,1,1,1
1900683,US ARGO PROJECT,BRECK OWENS,AO,8.0,2006-05-06 13:07:36.000000256,-50.41699981689453,9.907999992370605,55.0,3.686000108718872,33.777000427246094,1,1,1
1900683,US ARGO PROJECT,BRECK OWENS,AO,8.0,2006-05-06 13:07:36.000000256,-50.41699981689453,9.907999992370605,60.0,3.686000108718872,33.77703094482422,1,1,1
1900683,US ARGO PROJECT,BRECK OWENS,AO,8.0,2006-05-06 13:07:36.000000256,-50.41699981689453,9.907999992370605,65.0,3.684000015258789,33.777000427246094,1,1,1
1900683,US ARGO PROJECT,BRECK OWENS,AO,8.0,2006-05-06 13:07:36.000000256,-50.41699981689453,9.907999992370605,70.0,3.684000015258789,33.77708053588867,1,1,1
1900683,US ARGO PROJECT,BRECK OWENS,AO,8.0,2006-05-06 13:07:36.000000256,-50.41699981689453,9.907999992370605,75.0,3.680000066757202,33.77748107910156,1,1,1
1900683,US ARGO PROJECT,BRECK OWENS,AO,8.0,2006-05-06 13:07:36.000000256,-50.41699981689453,9.907999992370605,80.0,3.6559998989105225,33.78096008300781,1,1,1
1900683,US ARGO PROJECT,BRECK OWENS,AO,8.0,2006-05-06 13:07:36.000000256,-50.41699981689453,9.907999992370605,85.0,3.6070001125335693,33.787109375,1,1,1
1900683,US ARGO PROJECT,BRECK OWENS,AO,8.0,2006-05-06 13:07:36.000000256,-50.41699981689453,9.907999992370605,90.0,3.5510001182556152,33.79185104370117,1,1,1
1900683,US ARGO PROJECT,BRECK OWENS,AO,8.0,2006-05-06 13:07:36.000000256,-50.41699981689453,9.907999992370605,95.0,3.507999897003174,33.79512023925781,1,1,1
1900683,US ARGO PROJECT,BRECK OWENS,AO,8.0,2006-05-06 13:07:36.000000256,-50.41699981689453,9.907999992370605,100.0,3.4509999752044678,33.79766082763672,1,1,1
1900683,US ARGO PROJECT,BRECK OWENS,AO,8.0,2006-05-06 13:07:36.000000256,-50.41699981689453,9.907999992370605,105.0,3.4170000553131104,33.79825973510742,1,1,1
1900683,US ARGO PROJECT,BRECK OWENS,AO,8.0,2006-05-06 13:07:36.000000256,-50.41699981689453,9.907999992370605,110.0,3.253000020980835,33.81597900390625,1,1,1
1900683,US ARGO PROJECT,BRECK OWENS,AO,8.0,2006-05-06 13:07:36.000000256,-50.41699981689453,9.907999992370605,115.0,3.1549999713897705,33.838218688964844,1,1,1
1900683,US ARGO PROJECT,BRECK OWENS,AO,8.0,2006-05-06 13:07:36.000000256,-50.41699981689453,9.907999992370605,120.0,2.98799991607666,33.84577941894531,1,1,1
1900683,US ARGO PROJECT,BRECK OWENS,AO,8.0,2006-05-06 13:07:36.000000256,-50.41699981689453,9.907999992370605,125.0,2.75,33.870849609375,1,1,1
1900683,US ARGO PROJECT,BRECK OWENS,AO,8.0,2006-05-06 13:07:36.000000256,-50.41699981689453,9.907999992370605,130.0,2.6080000400543213,33.88541030883789,1,1,1
1900683,US ARGO PROJECT,BRECK OWENS,AO,8.0,2006-05-06 13:07:36.000000256,-50.41699981689453,9.907999992370605,135.0,2.438999891281128,33.90869903564453,1,1,1
1900683,US ARGO PROJECT,BRECK OWENS,AO,8.0,2006-05-06 13:07:36.000000256,-50.41699981689453,9.907999992370605,140.0,2.3559999465942383,33.924560546875,1,1,1
1900683,US ARGO PROJECT,BRECK OWENS,AO,8.0,2006-05-06 13:07:36.000000256,-50.41699981689453,9.907999992370605,145.0,2.328000068664551,33.930580139160156,1,1,1
1900683,US ARGO PROJECT,BRECK OWENS,AO,8.0,2006-05-06 13:07:36.000000256,-50.41699981689453,9.907999992370605,150.0,2.2990000247955322,33.93531036376953,1,1,1
1900683,US ARGO PROJECT,BRECK OWENS,AO,8.0,2006-05-06 13:07:36.000000256,-50.41699981689453,9.907999992370605,155.0,2.234999895095825,33.95331954956055,1,1,1
1900683,US ARGO PROJECT,BRECK OWENS,AO,8.0,2006-05-06 13:07:36.000000256,-50.41699981689453,9.907999992370605,160.0,2.2190001010894775,33.96316909790039,1,1,1
1900683,US ARGO PROJECT,BRECK OWENS,AO,8.0,2006-05-06 13:07:36.000000256,-50.41699981689453,9.907999992370605,165.0,2.2160000801086426,33.9741096496582,1,1,1
1900683,US ARGO PROJECT,BRECK OWENS,AO,8.0,2006-05-06 13:07:36.000000256,-50.41699981689453,9.907999992370605,170.0,2.2130000591278076,33.99708938598633,1,1,1
1900683,US ARGO PROJECT,BRECK OWENS,AO,8.0,2006-05-06 13:07:36.000000256,-50.41699981689453,9.907999992370605,175.0,2.2119998931884766,34.012229919433594,1,1,1
1900683,US ARGO PROJECT,BRECK OWENS,AO,8.0,2006-05-06 13:07:36.000000256,-50.41699981689453,9.907999992370605,180.0,2.256999969482422,34.037620544433594,1,1,1
1900683,US ARGO PROJECT,BRECK OWENS,AO,8.0,2006-05-06 13:07:36.000000256,-50.41699981689453,9.907999992370605,185.0,2.2760000228881836,34.04787826538086,1,1,1
1900683,US ARGO PROJECT,BRECK OWENS,AO,8.0,2006-05-06 13:07:36.000000256,-50.41699981689453,9.907999992370605,190.0,2.2860000133514404,34.0596809387207,1,1,1
1900683,US ARGO PROJECT,BRECK OWENS,AO,8.0,2006-05-06 13:07:36.000000256,-50.41699981689453,9.907999992370605,195.0,2.305999994277954,34.07088851928711,1,1,1
1900683,US ARGO PROJECT,BRECK OWENS,AO,8.0,2006-05-06 13:07:36.000000256,-50.41699981689453,9.907999992370605,200.0,2.315000057220459,34.081790924072266,1,1,1
1900683,US ARGO PROJECT,BRECK OWENS,AO,8.0,2006-05-06 13:07:36.000000256,-50.41699981689453,9.907999992370605,220.0,2.372999906539917,34.13288116455078,1,1,1
1900683,US ARGO PROJECT,BRECK OWENS,AO,8.0,2006-05-06 13:07:36.000000256,-50.41699981689453,9.907999992370605,240.0,2.4030001163482666,34.16093826293945,1,1,1
1900683,US ARGO PROJECT,BRECK OWENS,AO,8.0,2006-05-06 13:07:36.000000256,-50.41699981689453,9.907999992370605,260.0,2.424999952316284,34.18088150024414,1,1,1
1900683,US ARGO PROJECT,BRECK OWENS,AO,8.0,2006-05-06 13:07:36.000000256,-50.41699981689453,9.907999992370605,280.0,2.4600000381469727,34.20195007324219,1,1,1
1900683,US ARGO PROJECT,BRECK OWENS,AO,8.0,2006-05-06 13:07:36.000000256,-50.41699981689453,9.907999992370605,300.0,2.484999895095825,34.23202896118164,1,1,1
1900683,US ARGO PROJECT,BRECK OWENS,AO,8.0,2006-05-06 13:07:36.000000256,-50.41699981689453,9.907999992370605,320.0,2.4839999675750732,34.24919128417969,1,1,1
1900683,US ARGO PROJECT,BRECK OWENS,AO,8.0,2006-05-06 13:07:36.000000256,-50.41699981689453,9.907999992370605,340.0,2.4549999237060547,34.26211929321289,1,1,1
1900683,US ARGO PROJECT,BRECK OWENS,AO,8.0,2006-05-06 13:07:36.000000256,-50.41699981689453,9.907999992370605,360.0,2.441999912261963,34.278079986572266,1,1,1
1900683,US ARGO PROJECT,BRECK OWENS,AO,8.0,2006-05-06 13:07:36.000000256,-50.41699981689453,9.907999992370605,380.0,2.434999942779541,34.29512023925781,1,1,1
1900683,US ARGO PROJECT,BRECK OWENS,AO,8.0,2006-05-06 13:07:36.000000256,-50.41699981689453,9.907999992370605,400.0,2.4230000972747803,34.32109069824219,1,1,1
1900683,US ARGO PROJECT,BRECK OWENS,AO,8.0,2006-05-06 13:07:36.000000256,-50.41699981689453,9.907999992370605,450.0,2.3919999599456787,34.364070892333984,1,1,1
1900683,US ARGO PROJECT,BRECK OWENS,AO,8.0,2006-05-06 13:07:36.000000256,-50.41699981689453,9.907999992370605,500.0,2.371000051498413,34.4050407409668,1,1,1
1900683,US ARGO PROJECT,BRECK OWENS,AO,8.0,2006-05-06 13:07:36.000000256,-50.41699981689453,9.907999992370605,550.0,2.3610000610351562,34.4439811706543,1,1,1
1900683,US ARGO PROJECT,BRECK OWENS,AO,8.0,2006-05-06 13:07:36.000000256,-50.41699981689453,9.907999992370605,600.0,2.378999948501587,34.4830207824707,1,1,1
1900683,US ARGO PROJECT,BRECK OWENS,AO,8.0,2006-05-06 13:07:36.000000256,-50.41699981689453,9.907999992370605,650.0,2.384000062942505,34.51700973510742,1,1,1
1900683,US ARGO PROJECT,BRECK OWENS,AO,8.0,2006-05-06 13:07:36.000000256,-50.41699981689453,9.907999992370605,700.0,2.3919999599456787,34.54500961303711,1,1,1
1900683,US ARGO PROJECT,BRECK OWENS,AO,8.0,2006-05-06 13:07:36.000000256,-50.41699981689453,9.907999992370605,750.0,2.3980000019073486,34.5730094909668,1,1,1
1900683,US ARGO PROJECT,BRECK OWENS,AO,8.0,2006-05-06 13:07:36.000000256,-50.41699981689453,9.907999992370605,800.0,2.4010000228881836,34.595088958740234,1,1,1
1900683,US ARGO PROJECT,BRECK OWENS,AO,8.0,2006-05-06 13:07:36.000000256,-50.41699981689453,9.907999992370605,850.0,2.365000009536743,34.61602020263672,1,1,1
1900683,US ARGO PROJECT,BRECK OWENS,AO,8.0,2006-05-06 13:07:36.000000256,-50.41699981689453,9.907999992370605,900.0,2.3570001125335693,34.63301086425781,1,1,1
1900683,US ARGO PROJECT,BRECK OWENS,AO,8.0,2006-05-06 13:07:36.000000256,-50.41699981689453,9.907999992370605,950.0,2.3540000915527344,34.6510009765625,1,1,1
1900683,US ARGO PROJECT,BRECK OWENS,AO,8.0,2006-05-06 13:07:36.000000256,-50.41699981689453,9.907999992370605,1000.0,2.359999895095825,34.6650390625,1,1,1
1900683,US ARGO PROJECT,BRECK OWENS,AO,8.0,2006-05-06 13:07:36.000000256,-50.41699981689453,9.907999992370605,1050.0,2.3459999561309814,34.68309020996094,1,1,1
1900683,US ARGO PROJECT,BRECK OWENS,AO,8.0,2006-05-06 13:07:36.000000256,-50.41699981689453,9.907999992370605,1100.0,2.305000066757202,34.69306945800781,1,1,1
1900683,US ARGO PROJECT,BRECK OWENS,AO,8.0,2006-05-06 13:07:36.000000256,-50.41699981689453,9.907999992370605,1150.0,2.2730000019073486,34.70500183105469,1,1,1
1900683,US ARGO PROJECT,BRECK OWENS,AO,8.0,2006-05-06 13:07:36.000000256,-50.41699981689453,9.907999992370605,1200.0,2.2769999504089355,34.723060607910156,1,1,1
1900683,US ARGO PROJECT,BRECK OWENS,AO,8.0,2006-05-06 13:07:36.000000256,-50.41699981689453,9.907999992370605,1250.0,2.25,34.72829055786133,1,1,1
1900683,US ARGO PROJECT,BRECK OWENS,AO,8.0,2006-05-06 13:07:36.000000256,-50.41699981689453,9.907999992370605,1300.0,2.1050000190734863,34.71807098388672,1,1,1
1900683,US ARGO PROJECT,BRECK OWENS,AO,8.0,2006-05-06 13:07:36.000000256,-50.41699981689453,9.907999992370605,1350.0,2.0799999237060547,34.72602081298828,1,1,1
1900683,US ARGO PROJECT,BRECK OWENS,AO,8.0,2006-05-06 13:07:36.000000256,-50.41699981689453,9.907999992370605,1400.0,2.072999954223633,34.73611068725586,1,1,1
1900683,US ARGO PROJECT,BRECK OWENS,AO,8.0,2006-05-06 13:07:36.000000256,-50.41699981689453,9.907999992370605,1450.0,2.0190000534057617,34.73809051513672,1,1,1
1900683,US ARGO PROJECT,BRECK OWENS,AO,8.0,2006-05-06 13:07:36.000000256,-50.41699981689453,9.907999992370605,1500.0,1.9780000448226929,34.741981506347656,1,1,1
1900683,US ARGO PROJECT,BRECK OWENS,AO,8.0,2006-05-06 13:07:36.000000256,-50.41699981689453,9.907999992370605,1550.0,1.9850000143051147,34.752140045166016,1,1,1
1900683,US ARGO PROJECT,BRECK OWENS,AO,8.0,2006-05-06 13:07:36.000000256,-50.41699981689453,9.907999992370605,1600.0,1.9170000553131104,34.75109100341797,1,1,1
1900683,US ARGO PROJECT,BRECK OWENS,AO,8.0,2006-05-06 13:07:36.000000256,-50.41699981689453,9.907999992370605,1650.0,1.8739999532699585,34.75305938720703,1,1,1
1900683,US ARGO PROJECT,BRECK OWENS,AO,8.0,2006-05-06 13:07:36.000000256,-50.41699981689453,9.907999992370605,1700.0,1.843999981880188,34.755130767822266,1,1,1
1900683,US ARGO PROJECT,BRECK OWENS,AO,8.0,2006-05-06 13:07:36.000000256,-50.41699981689453,9.907999992370605,1750.0,1.784999966621399,34.75408935546875,1,1,1
1900683,US ARGO PROJECT,BRECK OWENS,AO,8.0,2006-05-06 13:07:36.000000256,-50.41699981689453,9.907999992370605,1800.0,1.7480000257492065,34.75502014160156,1,1,1
1900683,US ARGO PROJECT,BRECK OWENS,AO,9.0,2006-05-16 12:56:35.000000000,-50.07400131225586,11.196999549865723,5.0,2.497999906539917,33.7790412902832,1,1,1
1900683,US ARGO PROJECT,BRECK OWENS,AO,9.0,2006-05-16 12:56:35.000000000,-50.07400131225586,11.196999549865723,10.0,2.496000051498413,33.779991149902344,1,1,1
1900683,US ARGO PROJECT,BRECK OWENS,AO,9.0,2006-05-16 12:56:35.000000000,-50.07400131225586,11.196999549865723,15.0,2.496000051498413,33.78010940551758,1,1,1
1900683,US ARGO PROJECT,BRECK OWENS,AO,9.0,2006-05-16 12:56:35.000000000,-50.07400131225586,11.196999549865723,20.0,2.490000009536743,33.7801399230957,1,1,1
1900683,US ARGO PROJECT,BRECK OWENS,AO,9.0,2006-05-16 12:56:35.000000000,-50.07400131225586,11.196999549865723,25.0,2.4830000400543213,33.779998779296875,1,1,1
1900683,US ARGO PROJECT,BRECK OWENS,AO,9.0,2006-05-16 12:56:35.000000000,-50.07400131225586,11.196999549865723,30.0,2.4830000400543213,33.77996826171875,1,1,1
1900683,US ARGO PROJECT,BRECK OWENS,AO,9.0,2006-05-16 12:56:35.000000000,-50.07400131225586,11.196999549865723,35.0,2.484999895095825,33.7800407409668,1,1,1
1900683,US ARGO PROJECT,BRECK OWENS,AO,9.0,2006-05-16 12:56:35.000000000,-50.07400131225586,11.196999549865723,40.0,2.4830000400543213,33.780128479003906,1,1,1
1900683,US ARGO PROJECT,BRECK OWENS,AO,9.0,2006-05-16 12:56:35.000000000,-50.07400131225586,11.196999549865723,45.0,2.4760000705718994,33.77997970581055,1,1,1
1900683,US ARGO PROJECT,BRECK OWENS,AO,9.0,2006-05-16 12:56:35.000000000,-50.07400131225586,11.196999549865723,50.0,2.4769999980926514,33.779991149902344,1,1,1
1900683,US ARGO PROJECT,BRECK OWENS,AO,9.0,2006-05-16 12:56:35.000000000,-50.07400131225586,11.196999549865723,55.0,2.4769999980926514,33.779991149902344,1,1,1
1900683,US ARGO PROJECT,BRECK OWENS,AO,9.0,2006-05-16 12:56:35.000000000,-50.07400131225586,11.196999549865723,60.0,2.4769999980926514,33.779991149902344,1,1,1
1900683,US ARGO PROJECT,BRECK OWENS,AO,9.0,2006-05-16 12:56:35.000000000,-50.07400131225586,11.196999549865723,65.0,2.4769999980926514,33.779998779296875,1,1,1
1900683,US ARGO PROJECT,BRECK OWENS,AO,9.0,2006-05-16 12:56:35.000000000,-50.07400131225586,11.196999549865723,70.0,2.4769999980926514,33.779998779296875,1,1,1
1900683,US ARGO PROJECT,BRECK OWENS,AO,9.0,2006-05-16 12:56:35.000000000,-50.07400131225586,11.196999549865723,75.0,2.4769999980926514,33.77997970581055,1,1,1
1900683,US ARGO PROJECT,BRECK OWENS,AO,9.0,2006-05-16 12:56:35.000000000,-50.07400131225586,11.196999549865723,80.0,2.4779999256134033,33.779991149902344,1,1,1
1900683,US ARGO PROJECT,BRECK OWENS,AO,9.0,2006-05-16 12:56:35.000000000,-50.07400131225586,11.196999549865723,85.0,2.4779999256134033,33.78001022338867,1,1,1
1900683,US ARGO PROJECT,BRECK OWENS,AO,9.0,2006-05-16 12:56:35.000000000,-50.07400131225586,11.196999549865723,90.0,2.4769999980926514,33.779991149902344,1,1,1
1900683,US ARGO PROJECT,BRECK OWENS,AO,9.0,2006-05-16 12:56:35.000000000,-50.07400131225586,11.196999549865723,95.0,2.4769999980926514,33.779998779296875,1,1,1
1900683,US ARGO PROJECT,BRECK OWENS,AO,9.0,2006-05-16 12:56:35.000000000,-50.07400131225586,11.196999549865723,100.0,2.4769999980926514,33.779991149902344,1,1,1
1900683,US ARGO PROJECT,BRECK OWENS,AO,9.0,2006-05-16 12:56:35.000000000,-50.07400131225586,11.196999549865723,105.0,2.4769999980926514,33.779998779296875,1,1,1
1900683,US ARGO PROJECT,BRECK OWENS,AO,9.0,2006-05-16 12:56:35.000000000,-50.07400131225586,11.196999549865723,110.0,2.4769999980926514,33.779998779296875,1,1,1
1900683,US ARGO PROJECT,BRECK OWENS,AO,9.0,2006-05-16 12:56:35.000000000,-50.07400131225586,11.196999549865723,115.0,2.4769999980926514,33.77997970581055,1,1,1
1900683,US ARGO PROJECT,BRECK OWENS,AO,9.0,2006-05-16 12:56:35.000000000,-50.07400131225586,11.196999549865723,120.0,2.4779999256134033,33.779998779296875,1,1,1
1900683,US ARGO PROJECT,BRECK OWENS,AO,9.0,2006-05-16 12:56:35.000000000,-50.07400131225586,11.196999549865723,125.0,2.4779999256134033,33.78099060058594,1,1,1
1900683,US ARGO PROJECT,BRECK OWENS,AO,9.0,2006-05-16 12:56:35.000000000,-50.07400131225586,11.196999549865723,130.0,2.4779999256134033,33.78096008300781,1,1,1
1900683,US ARGO PROJECT,BRECK OWENS,AO,9.0,2006-05-16 12:56:35.000000000,-50.07400131225586,11.196999549865723,135.0,2.4800000190734863,33.7818489074707,1,1,1
1900683,US ARGO PROJECT,BRECK OWENS,AO,9.0,2006-05-16 12:56:35.000000000,-50.07400131225586,11.196999549865723,140.0,2.48799991607666,33.79132080078125,1,1,1
1900683,US ARGO PROJECT,BRECK OWENS,AO,9.0,2006-05-16 12:56:35.000000000,-50.07400131225586,11.196999549865723,145.0,2.38100004196167,33.849830627441406,1,1,1
1900683,US ARGO PROJECT,BRECK OWENS,AO,9.0,2006-05-16 12:56:35.000000000,-50.07400131225586,11.196999549865723,150.0,2.0910000801086426,33.90481185913086,1,1,1
1900683,US ARGO PROJECT,BRECK OWENS,AO,9.0,2006-05-16 12:56:35.000000000,-50.07400131225586,11.196999549865723,155.0,2.007999897003174,33.95930862426758,1,1,1
1900683,US ARGO PROJECT,BRECK OWENS,AO,9.0,2006-05-16 12:56:35.000000000,-50.07400131225586,11.196999549865723,160.0,1.940999984741211,33.9864387512207,1,1,1
1900683,US ARGO PROJECT,BRECK OWENS,AO,9.0,2006-05-16 12:56:35.000000000,-50.07400131225586,11.196999549865723,165.0,1.9170000553131104,34.000308990478516,1,1,1
1900683,US ARGO PROJECT,BRECK OWENS,AO,9.0,2006-05-16 12:56:35.000000000,-50.07400131225586,11.196999549865723,170.0,1.8070000410079956,34.01074981689453,1,1,1
1900683,US ARGO PROJECT,BRECK OWENS,AO,9.0,2006-05-16 12:56:35.000000000,-50.07400131225586,11.196999549865723,175.0,1.8289999961853027,34.03022003173828,1,1,1
1900683,US ARGO PROJECT,BRECK OWENS,AO,9.0,2006-05-16 12:56:35.000000000,-50.07400131225586,11.196999549865723,180.0,1.8700000047683716,34.044090270996094,1,1,1
1900683,US ARGO PROJECT,BRECK OWENS,AO,9.0,2006-05-16 12:56:35.000000000,-50.07400131225586,11.196999549865723,185.0,1.86899995803833,34.05514144897461,1,1,1
1900683,US ARGO PROJECT,BRECK OWENS,AO,9.0,2006-05-16 12:56:35.000000000,-50.07400131225586,11.196999549865723,190.0,1.9179999828338623,34.074649810791016,1,1,1
1900683,US ARGO PROJECT,BRECK OWENS,AO,9.0,2006-05-16 12:56:35.000000000,-50.07400131225586,11.196999549865723,195.0,1.9880000352859497,34.093971252441406,1,1,1
1900683,US ARGO PROJECT,BRECK OWENS,AO,9.0,2006-05-16 12:56:35.000000000,-50.07400131225586,11.196999549865723,200.0,1.9880000352859497,34.09825897216797,1,1,1
1900683,US ARGO PROJECT,BRECK OWENS,AO,9.0,2006-05-16 12:56:35.000000000,-50.07400131225586,11.196999549865723,220.0,1.9539999961853027,34.12767028808594,1,1,1
1900683,US ARGO PROJECT,BRECK OWENS,AO,9.0,2006-05-16 12:56:35.000000000,-50.07400131225586,11.196999549865723,240.0,2.0320000648498535,34.16361999511719,1,1,1
1900683,US ARGO PROJECT,BRECK OWENS,AO,9.0,2006-05-16 12:56:35.000000000,-50.07400131225586,11.196999549865723,260.0,2.119999885559082,34.20806121826172,1,1,1
1900683,US ARGO PROJECT,BRECK OWENS,AO,9.0,2006-05-16 12:56:35.000000000,-50.07400131225586,11.196999549865723,280.0,2.115999937057495,34.21961975097656,1,1,1
1900683,US ARGO PROJECT,BRECK OWENS,AO,9.0,2006-05-16 12:56:35.000000000,-50.07400131225586,11.196999549865723,300.0,2.2039999961853027,34.255149841308594,1,1,1
1900683,US ARGO PROJECT,BRECK OWENS,AO,9.0,2006-05-16 12:56:35.000000000,-50.07400131225586,11.196999549865723,320.0,2.184000015258789,34.27191162109375,1,1,1
1900683,US ARGO PROJECT,BRECK OWENS,AO,9.0,2006-05-16 12:56:35.000000000,-50.07400131225586,11.196999549865723,340.0,2.2139999866485596,34.30202102661133,1,1,1
1900683,US ARGO PROJECT,BRECK OWENS,AO,9.0,2006-05-16 12:56:35.000000000,-50.07400131225586,11.196999549865723,360.0,2.2179999351501465,34.322940826416016,1,1,1
1900683,US ARGO PROJECT,BRECK OWENS,AO,9.0,2006-05-16 12:56:35.000000000,-50.07400131225586,11.196999549865723,380.0,2.23799991607666,34.3419189453125,1,1,1
1900683,US ARGO PROJECT,BRECK OWENS,AO,9.0,2006-05-16 12:56:35.000000000,-50.07400131225586,11.196999549865723,400.0,2.26200008392334,34.369049072265625,1,1,1
1900683,US ARGO PROJECT,BRECK OWENS,AO,9.0,2006-05-16 12:56:35.000000000,-50.07400131225586,11.196999549865723,450.0,2.253999948501587,34.4249382019043,1,1,1
1900683,US ARGO PROJECT,BRECK OWENS,AO,9.0,2006-05-16 12:56:35.000000000,-50.07400131225586,11.196999549865723,500.0,2.296999931335449,34.47002029418945,1,1,1
1900683,US ARGO PROJECT,BRECK OWENS,AO,9.0,2006-05-16 12:56:35.000000000,-50.07400131225586,11.196999549865723,550.0,2.2990000247955322,34.5090217590332,1,1,1
1900683,US ARGO PROJECT,BRECK OWENS,AO,9.0,2006-05-16 12:56:35.000000000,-50.07400131225586,11.196999549865723,600.0,2.302000045776367,34.54201126098633,1,1,1
1900683,US ARGO PROJECT,BRECK OWENS,AO,9.0,2006-05-16 12:56:35.000000000,-50.07400131225586,11.196999549865723,650.0,2.309000015258789,34.56602096557617,1,1,1
1900683,US ARGO PROJECT,BRECK OWENS,AO,9.0,2006-05-16 12:56:35.000000000,-50.07400131225586,11.196999549865723,700.0,2.313999891281128,34.595008850097656,1,1,1
1900683,US ARGO PROJECT,BRECK OWENS,AO,9.0,2006-05-16 12:56:35.000000000,-50.07400131225586,11.196999549865723,750.0,2.313999891281128,34.61600875854492,1,1,1
1900683,US ARGO PROJECT,BRECK OWENS,AO,9.0,2006-05-16 12:56:35.000000000,-50.07400131225586,11.196999549865723,800.0,2.315999984741211,34.637001037597656,1,1,1
1900683,US ARGO PROJECT,BRECK OWENS,AO,9.0,2006-05-16 12:56:35.000000000,-50.07400131225586,11.196999549865723,850.0,2.322999954223633,34.65401077270508,1,1,1
1900683,US ARGO PROJECT,BRECK OWENS,AO,9.0,2006-05-16 12:56:35.000000000,-50.07400131225586,11.196999549865723,900.0,2.316999912261963,34.66619110107422,1,1,1
1900683,US ARGO PROJECT,BRECK OWENS,AO,9.0,2006-05-16 12:56:35.000000000,-50.07400131225586,11.196999549865723,950.0,2.2230000495910645,34.671939849853516,1,1,1
1900683,US ARGO PROJECT,BRECK OWENS,AO,9.0,2006-05-16 12:56:35.000000000,-50.07400131225586,11.196999549865723,1000.0,2.257999897003174,34.69404983520508,1,1,1
1900683,US ARGO PROJECT,BRECK OWENS,AO,9.0,2006-05-16 12:56:35.000000000,-50.07400131225586,11.196999549865723,1050.0,2.2339999675750732,34.70697021484375,1,1,1
1900683,US ARGO PROJECT,BRECK OWENS,AO,9.0,2006-05-16 12:56:35.000000000,-50.07400131225586,11.196999549865723,1100.0,2.25600004196167,34.723060607910156,1,1,1
1900683,US ARGO PROJECT,BRECK OWENS,AO,9.0,2006-05-16 12:56:35.000000000,-50.07400131225586,11.196999549865723,1150.0,2.2209999561309814,34.72813034057617,1,1,1
1900683,US ARGO PROJECT,BRECK OWENS,AO,9.0,2006-05-16 12:56:35.000000000,-50.07400131225586,11.196999549865723,1200.0,2.1640000343322754,34.731990814208984,1,1,1
1900683,US ARGO PROJECT,BRECK OWENS,AO,9.0,2006-05-16 12:56:35.000000000,-50.07400131225586,11.196999549865723,1250.0,2.1700000762939453,34.74504089355469,1,1,1
1900683,US ARGO PROJECT,BRECK OWENS,AO,9.0,2006-05-16 12:56:35.000000000,-50.07400131225586,11.196999549865723,1300.0,2.1489999294281006,34.7510986328125,1,1,1
1900683,US ARGO PROJECT,BRECK OWENS,AO,9.0,2006-05-16 12:56:35.000000000,-50.07400131225586,11.196999549865723,1350.0,2.1059999465942383,34.75817108154297,1,1,1
1900683,US ARGO PROJECT,BRECK OWENS,AO,9.0,2006-05-16 12:56:35.000000000,-50.07400131225586,11.196999549865723,1400.0,2.0280001163482666,34.752071380615234,1,1,1
1900683,US ARGO PROJECT,BRECK OWENS,AO,9.0,2006-05-16 12:56:35.000000000,-50.07400131225586,11.196999549865723,1450.0,2.003000020980835,34.760108947753906,1,1,1
1900683,US ARGO PROJECT,BRECK OWENS,AO,9.0,2006-05-16 12:56:35.000000000,-50.07400131225586,11.196999549865723,1500.0,1.9479999542236328,34.75703811645508,1,1,1
1900683,US ARGO PROJECT,BRECK OWENS,AO,9.0,2006-05-16 12:56:35.000000000,-50.07400131225586,11.196999549865723,1550.0,1.9290000200271606,34.75914001464844,1,1,1
1900683,US ARGO PROJECT,BRECK OWENS,AO,9.0,2006-05-16 12:56:35.000000000,-50.07400131225586,11.196999549865723,1600.0,1.8630000352859497,34.75809097290039,1,1,1
1900683,US ARGO PROJECT,BRECK OWENS,AO,9.0,2006-05-16 12:56:35.000000000,-50.07400131225586,11.196999549865723,1650.0,1.819000005722046,34.75912094116211,1,1,1
1900683,US ARGO PROJECT,BRECK OWENS,AO,9.0,2006-05-16 12:56:35.000000000,-50.07400131225586,11.196999549865723,1700.0,1.7599999904632568,34.754180908203125,1,1,1
1900683,US ARGO PROJECT,BRECK OWENS,AO,9.0,2006-05-16 12:56:35.000000000,-50.07400131225586,11.196999549865723,1750.0,1.6729999780654907,34.748050689697266,1,1,1
1900683,US ARGO PROJECT,BRECK OWENS,AO,9.0,2006-05-16 12:56:35.000000000,-50.07400131225586,11.196999549865723,1800.0,1.659999966621399,34.752010345458984,1,1,1
