PLATFORM_NUMBER,DATA_TYPE,FORMAT_VERSION,HANDBOOK_VERSION,DATA_CENTRE,DATE_CREATION,DATE_UPDATE,TECHNICAL_PARAMETER_NAME,TECHNICAL_PARAMETER_VALUE,CYCLE_NUMBER
1900683,Argo technical data,3.1,1.2,AO,20210428203909,20210428203909,PRES_InitialStabilizationDuringDescentToPark_dbar,1800.0,0.0
1900683,Argo technical data,3.1,1.2,AO,20210428203909,20210428203909,PRES_SurfaceOffsetCorrectedNotReset_1cBarResolution_dbar,5.3,0.0
1900683,Argo technical data,3.1,1.2,AO,20210428203909,20210428203909,NUMBER_ProfileSamples_COUNT,78,0.0
1900683,Argo technical data,3.1,1.2,AO,20210428203909,20210428203909,VOLTAGE_BatteryCPU_volts,6.7,0.0
1900683,Argo technical data,3.1,1.2,AO,20210428203909,20210428203909,VOLTAGE_Aux_volts,14.0,0.0
1900683,Argo technical data,3.1,1.2,AO,20210428203909,20210428203909,PRESSURE_InternalVacuum_COUNT,71,0.0
1900683,Argo technical data,3.1,1.2,AO,20210428203909,20210428203909,FLAG_System_NUMBER,4,0.0
1900683,Argo technical data,3.1,1.2,AO,20210428203909,20210428203909,PRES_InitialStabilizationDuringDescentToPark_dbar,1650.0,1.0
1900683,Argo technical data,3.1,1.2,AO,20210428203909,20210428203909,PRES_SurfaceOffsetCorrectedNotReset_1cBarResolution_dbar,5.3,1.0
1900683,Argo technical data,3.1,1.2,AO,20210428203909,20210428203909,NUMBER_ProfileSamples_COUNT,75,1.0
1900683,Argo technical data,3.1,1.2,AO,20210428203909,20210428203909,VOLTAGE_BatteryCPU_volts,6.7,1.0
1900683,Argo technical data,3.1,1.2,AO,20210428203909,20210428203909,VOLTAGE_Aux_volts,14.1,1.0
1900683,Argo technical data,3.1,1.2,AO,20210428203909,20210428203909,PRESSURE_InternalVacuum_COUNT,71,1.0
1900683,Argo technical data,3.1,1.2,AO,20210428203909,20210428203909,FLAG_System_NUMBER,4,1.0
1900683,Argo technical data,3.1,1.2,AO,20210428203909,20210428203909,PRES_InitialStabilizationDuringDescentToPark_dbar,1800.0,2.0
1900683,Argo technical data,3.1,1.2,AO,20210428203909,20210428203909,PRES_SurfaceOffsetCorrectedNotReset_1cBarResolution_dbar,5.2,2.0
1900683,Argo technical data,3.1,1.2,AO,20210428203909,20210428203909,NUMBER_ProfileSamples_COUNT,78,2.0
1900683,Argo technical data,3.1,1.2,AO,20210428203909,20210428203909,VOLTAGE_BatteryCPU_volts,6.7,2.0
1900683,Argo technical data,3.1,1.2,AO,20210428203909,20210428203909,VOLTAGE_Aux_volts,14.0,2.0
1900683,Argo technical data,3.1,1.2,AO,20210428203909,20210428203909,PRESSURE_InternalVacuum_COUNT,71,2.0
1900683,Argo technical data,3.1,1.2,AO,20210428203909,20210428203909,FLAG_System_NUMBER,4,2.0
1900683,Argo technical data,3.1,1.2,AO,20210428203909,20210428203909,PRES_InitialStabilizationDuringDescentToPark_dbar,1800.0,3.0
1900683,Argo technical data,3.1,1.2,AO,20210428203909,20210428203909,PRES_SurfaceOffsetCorrectedNotReset_1cBarResolution_dbar,5.3,3.0
1900683,Argo technical data,3.1,1.2,AO,20210428203909,20210428203909,NUMBER_ProfileSamples_COUNT,78,3.0
1900683,Argo technical data,3.1,1.2,AO,20210428203909,20210428203909,VOLTAGE_BatteryCPU_volts,6.7,3.0
1900683,Argo technical data,3.1,1.2,AO,20210428203909,20210428203909,VOLTAGE_Aux_volts,14.1,3.0
1900683,Argo technical data,3.1,1.2,AO,20210428203909,20210428203909,PRESSURE_InternalVacuum_COUNT,71,3.0
1900683,Argo technical data,3.1,1.2,AO,20210428203909,20210428203909,FLAG_System_NUMBER,4,3.0
1900683,Argo technical data,3.1,1.2,AO,20210428203909,20210428203909,PRES_InitialStabilizationDuringDescentToPark_dbar,1800.0,4.0
1900683,Argo technical data,3.1,1.2,AO,20210428203909,20210428203909,PRES_SurfaceOffsetCorrectedNotReset_1cBarResolution_dbar,5.3,4.0
1900683,Argo technical data,3.1,1.2,AO,20210428203909,20210428203909,NUMBER_ProfileSamples_COUNT,78,4.0
1900683,Argo technical data,3.1,1.2,AO,20210428203909,20210428203909,VOLTAGE_BatteryCPU_volts,6.7,4.0
1900683,Argo technical data,3.1,1.2,AO,20210428203909,20210428203909,VOLTAGE_Aux_volts,14.1,4.0
1900683,Argo technical data,3.1,1.2,AO,20210428203909,20210428203909,PRESSURE_InternalVacuum_COUNT,72,4.0
1900683,Argo technical data,3.1,1.2,AO,20210428203909,20210428203909,FLAG_System_NUMBER,4,4.0
1900683,Argo technical data,3.1,1.2,AO,20210428203909,20210428203909,PRES_InitialStabilizationDuringDescentToPark_dbar,1800.0,5.0
1900683,Argo technical data,3.1,1.2,AO,20210428203909,20210428203909,PRES_SurfaceOffsetCorrectedNotReset_1cBarResolution_dbar,5.3,5.0
1900683,Argo technical data,3.1,1.2,AO,20210428203909,20210428203909,NUMBER_ProfileSamples_COUNT,78,5.0
1900683,Argo technical data,3.1,1.2,AO,20210428203909,20210428203909,VOLTAGE_BatteryCPU_volts,6.7,5.0
1900683,Argo technical data,3.1,1.2,AO,20210428203909,20210428203909,VOLTAGE_Aux_volts,14.1,5.0
1900683,Argo technical data,3.1,1.2,AO,20210428203909,20210428203909,PRESSURE_InternalVacuum_COUNT,70,5.0
1900683,Argo technical data,3.1,1.2,AO,20210428203909,20210428203909,FLAG_System_NUMBER,4,5.0
1900683,Argo technical data,3.1,1.2,AO,20210428203909,20210428203909,PRES_InitialStabilizationDuringDescentToPark_dbar,1800.0,6.0
1900683,Argo technical data,3.1,1.2,AO,20210428203909,20210428203909,PRES_SurfaceOffsetCorrectedNotReset_1cBarResolution_dbar,5.3,6.0
1900683,Argo technical data,3.1,1.2,AO,20210428203909,20210428203909,NUMBER_ProfileSamples_COUNT,78,6.0
1900683,Argo technical data,3.1,1.2,AO,20210428203909,20210428203909,VOLTAGE_BatteryCPU_volts,6.7,6.0
1900683,Argo technical data,3.1,1.2,AO,20210428203909,20210428203909,VOLTAGE_Aux_volts,14.1,6.0
1900683,Argo technical data,3.1,1.2,AO,20210428203909,20210428203909,PRESSURE_InternalVacuum_COUNT,70,6.0
1900683,Argo technical data,3.1,1.2,AO,20210428203909,20210428203909,FLAG_System_NUMBER,4,6.0
1900683,Argo technical data,3.1,1.2,AO,20210428203909,20210428203909,PRES_InitialStabilizationDuringDescentToPark_dbar,1800.0,7.0
1900683,Argo technical data,3.1,1.2,AO,20210428203909,20210428203909,PRES_SurfaceOffsetCorrectedNotReset_1cBarResolution_dbar,5.2,7.0
1900683,Argo technical data,3.1,1.2,AO,20210428203909,20210428203909,NUMBER_ProfileSamples_COUNT,78,7.0
1900683,Argo technical data,3.1,1.2,AO,20210428203909,20210428203909,VOLTAGE_BatteryCPU_volts,6.7,7.0
1900683,Argo technical data,3.1,1.2,AO,20210428203909,20210428203909,VOLTAGE_Aux_volts,14.1,7.0
1900683,Argo technical data,3.1,1.2,AO,20210428203909,20210428203909,PRESSURE_InternalVacuum_COUNT,70,7.0
1900683,Argo technical data,3.1,1.2,AO,20210428203909,20210428203909,FLAG_System_NUMBER,4,7.0
1900683,Argo technical data,3.1,1.2,AO,20210428203909,20210428203909,PRES_InitialStabilizationDuringDescentToPark_dbar,1800.0,8.0
1900683,Argo technical data,3.1,1.2,AO,20210428203909,20210428203909,PRES_SurfaceOffsetCorrectedNotReset_1cBarResolution_dbar,5.4,8.0
1900683,Argo technical data,3.1,1.2,AO,20210428203909,20210428203909,NUMBER_ProfileSamples_COUNT,78,8.0
1900683,Argo technical data,3.1,1.2,AO,20210428203909,20210428203909,VOLTAGE_BatteryCPU_volts,6.7,8.0
1900683,Argo technical data,3.1,1.2,AO,20210428203909,20210428203909,VOLTAGE_Aux_volts,14.1,8.0
1900683,Argo technical data,3.1,1.2,AO,20210428203909,20210428203909,PRESSURE_InternalVacuum_COUNT,71,8.0
1900683,Argo technical data,3.1,1.2,AO,20210428203909,20210428203909,FLAG_System_NUMBER,4,8.0
1900683,Argo technical data,3.1,1.2,AO,20210428203909,20210428203909,PRES_InitialStabilizationDuringDescentToPark_dbar,1800.0,9.0
1900683,Argo technical data,3.1,1.2,AO,20210428203909,20210428203909,PRES_SurfaceOffsetCorrectedNotReset_1cBarResolution_dbar,5.3,9.0
1900683,Argo technical data,3.1,1.2,AO,20210428203909,20210428203909,NUMBER_ProfileSamples_COUNT,78,9.0
1900683,Argo technical data,3.1,1.2,AO,20210428203909,20210428203909,VOLTAGE_BatteryCPU_volts,6.7,9.0
1900683,Argo technical data,3.1,1.2,AO,20210428203909,20210428203909,VOLTAGE_Aux_volts,14.1,9.0
1900683,Argo technical data,3.1,1.2,AO,20210428203909,20210428203909,PRESSURE_InternalVacuum_COUNT,70,9.0
1900683,Argo technical data,3.1,1.2,AO,20210428203909,20210428203909,FLAG_System_NUMBER,4,9.0
1900683,Argo technical data,3.1,1.2,AO,20210428203909,20210428203909,PRES_InitialStabilizationDuringDescentToPark_dbar,1800.0,10.0
1900683,Argo technical data,3.1,1.2,AO,20210428203909,20210428203909,PRES_SurfaceOffsetCorrectedNotReset_1cBarResolution_dbar,5.4,10.0
1900683,Argo technical data,3.1,1.2,AO,20210428203909,20210428203909,NUMBER_ProfileSamples_COUNT,78,10.0
1900683,Argo technical data,3.1,1.2,AO,20210428203909,20210428203909,VOLTAGE_BatteryCPU_volts,6.7,10.0
1900683,Argo technical data,3.1,1.2,AO,20210428203909,20210428203909,VOLTAGE_Aux_volts,14.1,10.0
1900683,Argo technical data,3.1,1.2,AO,20210428203909,20210428203909,PRESSURE_InternalVacuum_COUNT,70,10.0
1900683,Argo technical data,3.1,1.2,AO,20210428203909,20210428203909,FLAG_System_NUMBER,4,10.0
1900683,Argo technical data,3.1,1.2,AO,20210428203909,20210428203909,PRES_InitialStabilizationDuringDescentToPark_dbar,1800.0,11.0
1900683,Argo technical data,3.1,1.2,AO,20210428203909,20210428203909,PRES_SurfaceOffsetCorrectedNotReset_1cBarResolution_dbar,5.3,11.0
1900683,Argo technical data,3.1,1.2,AO,20210428203909,20210428203909,NUMBER_ProfileSamples_COUNT,78,11.0
1900683,Argo technical data,3.1,1.2,AO,20210428203909,20210428203909,VOLTAGE_BatteryCPU_volts,6.7,11.0
1900683,Argo technical data,3.1,1.2,AO,20210428203909,20210428203909,VOLTAGE_Aux_volts,14.1,11.0
1900683,Argo technical data,3.1,1.2,AO,20210428203909,20210428203909,PRESSURE_InternalVacuum_COUNT,70,11.0
1900683,Argo technical data,3.1,1.2,AO,20210428203909,20210428203909,FLAG_System_NUMBER,4,11.0
1900683,Argo technical data,3.1,1.2,AO,20210428203909,20210428203909,PRES_InitialStabilizationDuringDescentToPark_dbar,1800.0,12.0
1900683,Argo technical data,3.1,1.2,AO,20210428203909,20210428203909,PRES_SurfaceOffsetCorrectedNotReset_1cBarResolution_dbar,5.4,12.0
1900683,Argo technical data,3.1,1.2,AO,20210428203909,20210428203909,NUMBER_ProfileSamples_COUNT,78,12.0
1900683,Argo technical data,3.1,1.2,AO,20210428203909,20210428203909,VOLTAGE_BatteryCPU_volts,6.7,12.0
1900683,Argo technical data,3.1,1.2,AO,20210428203909,20210428203909,VOLTAGE_Aux_volts,14.1,12.0
1900683,Argo technical data,3.1,1.2,AO,20210428203909,20210428203909,PRESSURE_InternalVacuum_COUNT,70,12.0
1900683,Argo technical data,3.1,1.2,AO,20210428203909,20210428203909,FLAG_System_NUMBER,4,12.0
1900683,Argo technical data,3.1,1.2,AO,20210428203909,20210428203909,PRES_InitialStabilizationDuringDescentToPark_dbar,1800.0,13.0
1900683,Argo technical data,3.1,1.2,AO,20210428203909,20210428203909,PRES_SurfaceOffsetCorrectedNotReset_1cBarResolution_dbar,5.4,13.0
1900683,Argo technical data,3.1,1.2,AO,20210428203909,20210428203909,NUMBER_ProfileSamples_COUNT,78,13.0
1900683,Argo technical data,3.1,1.2,AO,20210428203909,20210428203909,VOLTAGE_BatteryCPU_volts,6.7,13.0
1900683,Argo technical data,3.1,1.2,AO,20210428203909,20210428203909,VOLTAGE_Aux_volts,14.1,13.0
1900683,Argo technical data,3.1,1.2,AO,20210428203909,20210428203909,PRESSURE_InternalVacuum_COUNT,70,13.0
1900683,Argo technical data,3.1,1.2,AO,20210428203909,20210428203909,FLAG_System_NUMBER,4,13.0
1900683,Argo technical data,3.1,1.2,AO,20210428203909,20210428203909,PRES_InitialStabilizationDuringDescentToPark_dbar,1800.0,14.0
1900683,Argo technical data,3.1,1.2,AO,20210428203909,20210428203909,PRES_SurfaceOffsetCorrectedNotReset_1cBarResolution_dbar,5.3,14.0
1900683,Argo technical data,3.1,1.2,AO,20210428203909,20210428203909,NUMBER_ProfileSamples_COUNT,78,14.0
1900683,Argo technical data,3.1,1.2,AO,20210428203909,20210428203909,VOLTAGE_BatteryCPU_volts,6.6,14.0
1900683,Argo technical data,3.1,1.2,AO,20210428203909,20210428203909,VOLTAGE_Aux_volts,14.1,14.0
1900683,Argo technical data,3.1,1.2,AO,20210428203909,20210428203909,PRESSURE_InternalVacuum_COUNT,70,14.0
1900683,Argo technical data,3.1,1.2,AO,20210428203909,20210428203909,FLAG_System_NUMBER,4,14.0
1900683,Argo technical data,3.1,1.2,AO,20210428203909,20210428203909,PRES_InitialStabilizationDuringDescentToPark_dbar,1800.0,15.0
1900683,Argo technical data,3.1,1.2,AO,20210428203909,20210428203909,PRES_SurfaceOffsetCorrectedNotReset_1cBarResolution_dbar,5.3,15.0
1900683,Argo technical data,3.1,1.2,AO,20210428203909,20210428203909,NUMBER_ProfileSamples_COUNT,78,15.0
1900683,Argo technical data,3.1,1.2,AO,20210428203909,20210428203909,VOLTAGE_BatteryCPU_volts,6.7,15.0
1900683,Argo technical data,3.1,1.2,AO,20210428203909,20210428203909,VOLTAGE_Aux_volts,14.1,15.0
1900683,Argo technical data,3.1,1.2,AO,20210428203909,20210428203909,PRESSURE_InternalVacuum_COUNT,70,15.0
1900683,Argo technical data,3.1,1.2,AO,20210428203909,20210428203909,FLAG_System_NUMBER,4,15.0
1900683,Argo technical data,3.1,1.2,AO,20210428203909,20210428203909,PRES_InitialStabilizationDuringDescentToPark_dbar,1800.0,16.0
1900683,Argo technical data,3.1,1.2,AO,20210428203909,20210428203909,PRES_SurfaceOffsetCorrectedNotReset_1cBarResolution_dbar,5.3,16.0
1900683,Argo technical data,3.1,1.2,AO,20210428203909,20210428203909,NUMBER_ProfileSamples_COUNT,78,16.0
1900683,Argo technical data,3.1,1.2,AO,20210428203909,20210428203909,VOLTAGE_BatteryCPU_volts,6.7,16.0
1900683,Argo technical data,3.1,1.2,AO,20210428203909,20210428203909,VOLTAGE_Aux_volts,14.1,16.0
1900683,Argo technical data,3.1,1.2,AO,20210428203909,20210428203909,PRESSURE_InternalVacuum_COUNT,70,16.0
1900683,Argo technical data,3.1,1.2,AO,20210428203909,20210428203909,FLAG_System_NUMBER,4,16.0
1900683,Argo technical data,3.1,1.2,AO,20210428203909,20210428203909,PRES_InitialStabilizationDuringDescentToPark_dbar,1800.0,17.0
1900683,Argo technical data,3.1,1.2,AO,20210428203909,20210428203909,PRES_SurfaceOffsetCorrectedNotReset_1cBarResolution_dbar,5.3,17.0
1900683,Argo technical data,3.1,1.2,AO,20210428203909,20210428203909,NUMBER_ProfileSamples_COUNT,78,17.0
1900683,Argo technical data,3.1,1.2,AO,20210428203909,20210428203909,VOLTAGE_BatteryCPU_volts,6.7,17.0
1900683,Argo technical data,3.1,1.2,AO,20210428203909,20210428203909,VOLTAGE_Aux_volts,14.1,17.0
1900683,Argo technical data,3.1,1.2,AO,20210428203909,20210428203909,PRESSURE_InternalVacuum_COUNT,70,17.0
1900683,Argo technical data,3.1,1.2,AO,20210428203909,20210428203909,FLAG_System_NUMBER,4,17.0
1900683,Argo technical data,3.1,1.2,AO,20210428203909,20210428203909,PRES_InitialStabilizationDuringDescentToPark_dbar,1800.0,18.0
1900683,Argo technical data,3.1,1.2,AO,20210428203909,20210428203909,PRES_SurfaceOffsetCorrectedNotReset_1cBarResolution_dbar,5.3,18.0
1900683,Argo technical data,3.1,1.2,AO,20210428203909,20210428203909,NUMBER_ProfileSamples_COUNT,78,18.0
1900683,Argo technical data,3.1,1.2,AO,20210428203909,20210428203909,VOLTAGE_BatteryCPU_volts,6.7,18.0
1900683,Argo technical data,3.1,1.2,AO,20210428203909,20210428203909,VOLTAGE_Aux_volts,14.1,18.0
1900683,Argo technical data,3.1,1.2,AO,20210428203909,20210428203909,PRESSURE_InternalVacuum_COUNT,71,18.0
1900683,Argo technical data,3.1,1.2,AO,20210428203909,20210428203909,FLAG_System_NUMBER,4,18.0
1900683,Argo technical data,3.1,1.2,AO,20210428203909,20210428203909,PRES_InitialStabilizationDuringDescentToPark_dbar,1800.0,19.0
1900683,Argo technical data,3.1,1.2,AO,20210428203909,20210428203909,PRES_SurfaceOffsetCorrectedNotReset_1cBarResolution_dbar,5.4,19.0
1900683,Argo technical data,3.1,1.2,AO,20210428203909,20210428203909,NUMBER_ProfileSamples_COUNT,78,19.0
1900683,Argo technical data,3.1,1.2,AO,20210428203909,20210428203909,VOLTAGE_BatteryCPU_volts,6.7,19.0
1900683,Argo technical data,3.1,1.2,AO,20210428203909,20210428203909,VOLTAGE_Aux_volts,14.1,19.0
1900683,Argo technical data,3.1,1.2,AO,20210428203909,20210428203909,PRESSURE_InternalVacuum_COUNT,70,19.0
1900683,Argo technical data,3.1,1.2,AO,20210428203909,20210428203909,FLAG_System_NUMBER,4,19.0
1900683,Argo technical data,3.1,1.2,AO,20210428203909,20210428203909,PRES_InitialStabilizationDuringDescentToPark_dbar,1800.0,20.0
1900683,Argo technical data,3.1,1.2,AO,20210428203909,20210428203909,PRES_SurfaceOffsetCorrectedNotReset_1cBarResolution_dbar,5.3,20.0
1900683,Argo technical data,3.1,1.2,AO,20210428203909,20210428203909,NUMBER_ProfileSamples_COUNT,78,20.0
1900683,Argo technical data,3.1,1.2,AO,20210428203909,20210428203909,VOLTAGE_BatteryCPU_volts,6.7,20.0
1900683,Argo technical data,3.1,1.2,AO,20210428203909,20210428203909,VOLTAGE_Aux_volts,14.1,20.0
1900683,Argo technical data,3.1,1.2,AO,20210428203909,20210428203909,PRESSURE_InternalVacuum_COUNT,70,20.0
1900683,Argo technical data,3.1,1.2,AO,20210428203909,20210428203909,FLAG_System_NUMBER,4,20.0
1900683,Argo technical data,3.1,1.2,AO,20210428203909,20210428203909,PRES_InitialStabilizationDuringDescentToPark_dbar,1800.0,21.0
1900683,Argo technical data,3.1,1.2,AO,20210428203909,20210428203909,PRES_SurfaceOffsetCorrectedNotReset_1cBarResolution_dbar,5.3,21.0
1900683,Argo technical data,3.1,1.2,AO,20210428203909,20210428203909,NUMBER_ProfileSamples_COUNT,78,21.0
1900683,Argo technical data,3.1,1.2,AO,20210428203909,20210428203909,VOLTAGE_BatteryCPU_volts,6.7,21.0
1900683,Argo technical data,3.1,1.2,AO,20210428203909,20210428203909,VOLTAGE_Aux_volts,14.1,21.0
1900683,Argo technical data,3.1,1.2,AO,20210428203909,20210428203909,PRESSURE_InternalVacuum_COUNT,70,21.0
1900683,Argo technical data,3.1,1.2,AO,20210428203909,20210428203909,FLAG_System_NUMBER,4,21.0
1900683,Argo technical data,3.1,1.2,AO,20210428203909,20210428203909,PRES_InitialStabilizationDuringDescentToPark_dbar,1800.0,22.0
1900683,Argo technical data,3.1,1.2,AO,20210428203909,20210428203909,PRES_SurfaceOffsetCorrectedNotReset_1cBarResolution_dbar,5.3,22.0
1900683,Argo technical data,3.1,1.2,AO,20210428203909,20210428203909,NUMBER_ProfileSamples_COUNT,78,22.0
1900683,Argo technical data,3.1,1.2,AO,20210428203909,20210428203909,VOLTAGE_BatteryCPU_volts,6.7,22.0
1900683,Argo technical data,3.1,1.2,AO,20210428203909,20210428203909,VOLTAGE_Aux_volts,14.1,22.0
1900683,Argo technical data,3.1,1.2,AO,20210428203909,20210428203909,PRESSURE_InternalVacuum_COUNT,71,22.0
1900683,Argo technical data,3.1,1.2,AO,20210428203909,20210428203909,FLAG_System_NUMBER,4,22.0
1900683,Argo technical data,3.1,1.2,AO,20210428203909,20210428203909,PRES_InitialStabilizationDuringDescentToPark_dbar,1800.0,23.0
1900683,Argo technical data,3.1,1.2,AO,20210428203909,20210428203909,PRES_SurfaceOffsetCorrectedNotReset_1cBarResolution_dbar,5.3,23.0
1900683,Argo technical data,3.1,1.2,AO,20210428203909,20210428203909,NUMBER_ProfileSamples_COUNT,78,23.0
1900683,Argo technical data,3.1,1.2,AO,20210428203909,20210428203909,VOLTAGE_BatteryCPU_volts,6.7,23.0
1900683,Argo technical data,3.1,1.2,AO,20210428203909,20210428203909,VOLTAGE_Aux_volts,14.1,23.0
1900683,Argo technical data,3.1,1.2,AO,20210428203909,20210428203909,PRESSURE_InternalVacuum_COUNT,70,23.0
1900683,Argo technical data,3.1,1.2,AO,20210428203909,20210428203909,FLAG_System_NUMBER,4,23.0
1900683,Argo technical data,3.1,1.2,AO,20210428203909,20210428203909,PRES_InitialStabilizationDuringDescentToPark_dbar,1800.0,24.0
1900683,Argo technical data,3.1,1.2,AO,20210428203909,20210428203909,PRES_SurfaceOffsetCorrectedNotReset_1cBarResolution_dbar,5.3,24.0
1900683,Argo technical data,3.1,1.2,AO,20210428203909,20210428203909,NUMBER_ProfileSamples_COUNT,78,24.0
1900683,Argo technical data,3.1,1.2,AO,20210428203909,20210428203909,VOLTAGE_BatteryCPU_volts,6.7,24.0
1900683,Argo technical data,3.1,1.2,AO,20210428203909,20210428203909,VOLTAGE_Aux_volts,14.2,24.0
1900683,Argo technical data,3.1,1.2,AO,20210428203909,20210428203909,PRESSURE_InternalVacuum_COUNT,70,24.0
1900683,Argo technical data,3.1,1.2,AO,20210428203909,20210428203909,FLAG_System_NUMBER,4,24.0
1900683,Argo technical data,3.1,1.2,AO,20210428203909,20210428203909,PRES_InitialStabilizationDuringDescentToPark_dbar,1800.0,25.0
1900683,Argo technical data,3.1,1.2,AO,20210428203909,20210428203909,PRES_SurfaceOffsetCorrectedNotReset_1cBarResolution_dbar,5.4,25.0
1900683,Argo technical data,3.1,1.2,AO,20210428203909,20210428203909,NUMBER_ProfileSamples_COUNT,78,25.0
1900683,Argo technical data,3.1,1.2,AO,20210428203909,20210428203909,VOLTAGE_BatteryCPU_volts,6.7,25.0
1900683,Argo technical data,3.1,1.2,AO,20210428203909,20210428203909,VOLTAGE_Aux_volts,14.1,25.0
1900683,Argo technical data,3.1,1.2,AO,20210428203909,20210428203909,PRESSURE_InternalVacuum_COUNT,70,25.0
1900683,Argo technical data,3.1,1.2,AO,20210428203909,20210428203909,FLAG_System_NUMBER,4,25.0
1900683,Argo technical data,3.1,1.2,AO,20210428203909,20210428203909,PRES_InitialStabilizationDuringDescentToPark_dbar,1800.0,26.0
1900683,Argo technical data,3.1,1.2,AO,20210428203909,20210428203909,PRES_SurfaceOffsetCorrectedNotReset_1cBarResolution_dbar,5.3,26.0
1900683,Argo technical data,3.1,1.2,AO,20210428203909,20210428203909,NUMBER_ProfileSamples_COUNT,78,26.0
1900683,Argo technical data,3.1,1.2,AO,20210428203909,20210428203909,VOLTAGE_BatteryCPU_volts,6.7,26.0
1900683,Argo technical data,3.1,1.2,AO,20210428203909,20210428203909,VOLTAGE_Aux_volts,14.1,26.0
1900683,Argo technical data,3.1,1.2,AO,20210428203909,20210428203909,PRESSURE_InternalVacuum_COUNT,70,26.0
1900683,Argo technical data,3.1,1.2,AO,20210428203909,20210428203909,FLAG_System_NUMBER,4,26.0
1900683,Argo technical data,3.1,1.2,AO,20210428203909,20210428203909,PRES_InitialStabilizationDuringDescentToPark_dbar,1800.0,27.0
1900683,Argo technical data,3.1,1.2,AO,20210428203909,20210428203909,PRES_SurfaceOffsetCorrectedNotReset_1cBarResolution_dbar,5.3,27.0
1900683,Argo technical data,3.1,1.2,AO,20210428203909,20210428203909,NUMBER_ProfileSamples_COUNT,78,27.0
1900683,Argo technical data,3.1,1.2,AO,20210428203909,20210428203909,VOLTAGE_BatteryCPU_volts,6.7,27.0
1900683,Argo technical data,3.1,1.2,AO,20210428203909,20210428203909,VOLTAGE_Aux_volts,14.2,27.0
1900683,Argo technical data,3.1,1.2,AO,20210428203909,20210428203909,PRESSURE_InternalVacuum_COUNT,70,27.0
1900683,Argo technical data,3.1,1.2,AO,20210428203909,20210428203909,FLAG_System_NUMBER,4,27.0
1900683,Argo technical data,3.1,1.2,AO,20210428203909,20210428203909,PRES_InitialStabilizationDuringDescentToPark_dbar,1800.0,28.0
1900683,Argo technical data,3.1,1.2,AO,20210428203909,20210428203909,PRES_SurfaceOffsetCorrectedNotReset_1cBarResolution_dbar,5.3,28.0
1900683,Argo technical data,3.1,1.2,AO,20210428203909,20210428203909,NUMBER_ProfileSamples_COUNT,78,28.0
1900683,Argo technical data,3.1,1.2,AO,20210428203909,20210428203909,VOLTAGE_BatteryCPU_volts,6.7,28.0
1900683,Argo technical data,3.1,1.2,AO,20210428203909,20210428203909,VOLTAGE_Aux_volts,14.2,28.0
1900683,Argo technical data,3.1,1.2,AO,20210428203909,20210428203909,PRESSURE_InternalVacuum_COUNT,70,28.0
1900683,Argo technical data,3.1,1.2,AO,20210428203909,20210428203909,FLAG_System_NUMBER,4,28.0
1900683,Argo technical data,3.1,1.2,AO,20210428203909,20210428203909,PRES_InitialStabilizationDuringDescentToPark_dbar,1800.0,29.0
1900683,Argo technical data,3.1,1.2,AO,20210428203909,20210428203909,PRES_SurfaceOffsetCorrectedNotReset_1cBarResolution_dbar,5.2,29.0
1900683,Argo technical data,3.1,1.2,AO,20210428203909,20210428203909,NUMBER_ProfileSamples_COUNT,78,29.0
1900683,Argo technical data,3.1,1.2,AO,20210428203909,20210428203909,VOLTAGE_BatteryCPU_volts,6.7,29.0
1900683,Argo technical data,3.1,1.2,AO,20210428203909,20210428203909,VOLTAGE_Aux_volts,14.2,29.0
1900683,Argo technical data,3.1,1.2,AO,20210428203909,20210428203909,PRESSURE_InternalVacuum_COUNT,70,29.0
1900683,Argo technical data,3.1,1.2,AO,20210428203909,20210428203909,FLAG_System_NUMBER,4,29.0
1900683,Argo technical data,3.1,1.2,AO,20210428203909,20210428203909,PRES_InitialStabilizationDuringDescentToPark_dbar,1800.0,30.0
1900683,Argo technical data,3.1,1.2,AO,20210428203909,20210428203909,PRES_SurfaceOffsetCorrectedNotReset_1cBarResolution_dbar,5.4,30.0
1900683,Argo technical data,3.1,1.2,AO,20210428203909,20210428203909,NUMBER_ProfileSamples_COUNT,78,30.0
1900683,Argo technical data,3.1,1.2,AO,20210428203909,20210428203909,VOLTAGE_BatteryCPU_volts,6.7,30.0
1900683,Argo technical data,3.1,1.2,AO,20210428203909,20210428203909,VOLTAGE_Aux_volts,14.2,30.0
1900683,Argo technical data,3.1,1.2,AO,20210428203909,20210428203909,PRESSURE_InternalVacuum_COUNT,70,30.0
1900683,Argo technical data,3.1,1.2,AO,20210428203909,20210428203909,FLAG_System_NUMBER,4,30.0
1900683,Argo technical data,3.1,1.2,AO,20210428203909,20210428203909,PRES_InitialStabilizationDuringDescentToPark_dbar,1850.0,31.0
1900683,Argo technical data,3.1,1.2,AO,20210428203909,20210428203909,PRES_SurfaceOffsetCorrectedNotReset_1cBarResolution_dbar,5.3,31.0
1900683,Argo technical data,3.1,1.2,AO,20210428203909,20210428203909,NUMBER_ProfileSamples_COUNT,79,31.0
1900683,Argo technical data,3.1,1.2,AO,20210428203909,20210428203909,VOLTAGE_BatteryCPU_volts,6.7,31.0
1900683,Argo technical data,3.1,1.2,AO,20210428203909,20210428203909,VOLTAGE_Aux_volts,14.2,31.0
1900683,Argo technical data,3.1,1.2,AO,20210428203909,20210428203909,PRESSURE_InternalVacuum_COUNT,70,31.0
1900683,Argo technical data,3.1,1.2,AO,20210428203909,20210428203909,FLAG_System_NUMBER,4,31.0
1900683,Argo technical data,3.1,1.2,AO,20210428203909,20210428203909,PRES_InitialStabilizationDuringDescentToPark_dbar,1850.0,32.0
1900683,Argo technical data,3.1,1.2,AO,20210428203909,20210428203909,PRES_SurfaceOffsetCorrectedNotReset_1cBarResolution_dbar,5.1,32.0
1900683,Argo technical data,3.1,1.2,AO,20210428203909,20210428203909,NUMBER_ProfileSamples_COUNT,79,32.0
1900683,Argo technical data,3.1,1.2,AO,20210428203909,20210428203909,VOLTAGE_BatteryCPU_volts,6.7,32.0
1900683,Argo technical data,3.1,1.2,AO,20210428203909,20210428203909,VOLTAGE_Aux_volts,14.1,32.0
1900683,Argo technical data,3.1,1.2,AO,20210428203909,20210428203909,PRESSURE_InternalVacuum_COUNT,70,32.0
1900683,Argo technical data,3.1,1.2,AO,20210428203909,20210428203909,FLAG_System_NUMBER,4,32.0
1900683,Argo technical data,3.1,1.2,AO,20210428203909,20210428203909,PRES_InitialStabilizationDuringDescentToPark_dbar,1850.0,33.0
1900683,Argo technical data,3.1,1.2,AO,20210428203909,20210428203909,PRES_SurfaceOffsetCorrectedNotReset_1cBarResolution_dbar,5.3,33.0
1900683,Argo technical data,3.1,1.2,AO,20210428203909,20210428203909,NUMBER_ProfileSamples_COUNT,79,33.0
1900683,Argo technical data,3.1,1.2,AO,20210428203909,20210428203909,VOLTAGE_BatteryCPU_volts,6.7,33.0
1900683,Argo technical data,3.1,1.2,AO,20210428203909,20210428203909,VOLTAGE_Aux_volts,14.2,33.0
1900683,Argo technical data,3.1,1.2,AO,20210428203909,20210428203909,PRESSURE_InternalVacuum_COUNT,70,33.0
1900683,Argo technical data,3.1,1.2,AO,20210428203909,20210428203909,FLAG_System_NUMBER,4,33.0
1900683,Argo technical data,3.1,1.2,AO,20210428203909,20210428203909,PRES_InitialStabilizationDuringDescentToPark_dbar,1850.0,34.0
1900683,Argo technical data,3.1,1.2,AO,20210428203909,20210428203909,PRES_SurfaceOffsetCorrectedNotReset_1cBarResolution_dbar,5.3,34.0
1900683,Argo technical data,3.1,1.2,AO,20210428203909,20210428203909,NUMBER_ProfileSamples_COUNT,79,34.0
1900683,Argo technical data,3.1,1.2,AO,20210428203909,20210428203909,VOLTAGE_BatteryCPU_volts,6.7,34.0
1900683,Argo technical data,3.1,1.2,AO,20210428203909,20210428203909,VOLTAGE_Aux_volts,14.2,34.0
1900683,Argo technical data,3.1,1.2,AO,20210428203909,20210428203909,PRESSURE_InternalVacuum_COUNT,70,34.0
1900683,Argo technical data,3.1,1.2,AO,20210428203909,20210428203909,FLAG_System_NUMBER,4,34.0
1900683,Argo technical data,3.1,1.2,AO,20210428203909,20210428203909,PRES_InitialStabilizationDuringDescentToPark_dbar,1850.0,35.0
1900683,Argo technical data,3.1,1.2,AO,20210428203909,20210428203909,PRES_SurfaceOffsetCorrectedNotReset_1cBarResolution_dbar,5.3,35.0
1900683,Argo technical data,3.1,1.2,AO,20210428203909,20210428203909,NUMBER_ProfileSamples_COUNT,79,35.0
1900683,Argo technical data,3.1,1.2,AO,20210428203909,20210428203909,VOLTAGE_BatteryCPU_volts,6.7,35.0
1900683,Argo technical data,3.1,1.2,AO,20210428203909,20210428203909,VOLTAGE_Aux_volts,14.2,35.0
1900683,Argo technical data,3.1,1.2,AO,20210428203909,20210428203909,PRESSURE_InternalVacuum_COUNT,70,35.0
1900683,Argo technical data,3.1,1.2,AO,20210428203909,20210428203909,FLAG_System_NUMBER,4,35.0
1900683,Argo technical data,3.1,1.2,AO,20210428203909,20210428203909,PRES_InitialStabilizationDuringDescentToPark_dbar,1850.0,36.0
1900683,Argo technical data,3.1,1.2,AO,20210428203909,20210428203909,PRES_SurfaceOffsetCorrectedNotReset_1cBarResolution_dbar,5.4,36.0
1900683,Argo technical data,3.1,1.2,AO,20210428203909,20210428203909,NUMBER_ProfileSamples_COUNT,79,36.0
1900683,Argo technical data,3.1,1.2,AO,20210428203909,20210428203909,VOLTAGE_BatteryCPU_volts,6.7,36.0
1900683,Argo technical data,3.1,1.2,AO,20210428203909,20210428203909,VOLTAGE_Aux_volts,14.2,36.0
1900683,Argo technical data,3.1,1.2,AO,20210428203909,20210428203909,PRESSURE_InternalVacuum_COUNT,70,36.0
1900683,Argo technical data,3.1,1.2,AO,20210428203909,20210428203909,FLAG_System_NUMBER,4,36.0
1900683,Argo technical data,3.1,1.2,AO,20210428203909,20210428203909,PRES_InitialStabilizationDuringDescentToPark_dbar,1850.0,37.0
1900683,Argo technical data,3.1,1.2,AO,20210428203909,20210428203909,PRES_SurfaceOffsetCorrectedNotReset_1cBarResolution_dbar,5.3,37.0
1900683,Argo technical data,3.1,1.2,AO,20210428203909,20210428203909,NUMBER_ProfileSamples_COUNT,79,37.0
1900683,Argo technical data,3.1,1.2,AO,20210428203909,20210428203909,VOLTAGE_BatteryCPU_volts,6.7,37.0
1900683,Argo technical data,3.1,1.2,AO,20210428203909,20210428203909,VOLTAGE_Aux_volts,14.2,37.0
1900683,Argo technical data,3.1,1.2,AO,20210428203909,20210428203909,PRESSURE_InternalVacuum_COUNT,70,37.0
1900683,Argo technical data,3.1,1.2,AO,20210428203909,20210428203909,FLAG_System_NUMBER,4,37.0
1900683,Argo technical data,3.1,1.2,AO,20210428203909,20210428203909,PRES_InitialStabilizationDuringDescentToPark_dbar,1850.0,38.0
1900683,Argo technical data,3.1,1.2,AO,20210428203909,20210428203909,PRES_SurfaceOffsetCorrectedNotReset_1cBarResolution_dbar,5.3,38.0
1900683,Argo technical data,3.1,1.2,AO,20210428203909,20210428203909,NUMBER_ProfileSamples_COUNT,79,38.0
1900683,Argo technical data,3.1,1.2,AO,20210428203909,20210428203909,VOLTAGE_BatteryCPU_volts,6.7,38.0
1900683,Argo technical data,3.1,1.2,AO,20210428203909,20210428203909,VOLTAGE_Aux_volts,14.3,38.0
1900683,Argo technical data,3.1,1.2,AO,20210428203909,20210428203909,PRESSURE_InternalVacuum_COUNT,69,38.0
1900683,Argo technical data,3.1,1.2,AO,20210428203909,20210428203909,FLAG_System_NUMBER,4,38.0
1900683,Argo technical data,3.1,1.2,AO,20210428203909,20210428203909,PRES_InitialStabilizationDuringDescentToPark_dbar,1850.0,39.0
1900683,Argo technical data,3.1,1.2,AO,20210428203909,20210428203909,PRES_SurfaceOffsetCorrectedNotReset_1cBarResolution_dbar,5.4,39.0
1900683,Argo technical data,3.1,1.2,AO,20210428203909,20210428203909,NUMBER_ProfileSamples_COUNT,79,39.0
1900683,Argo technical data,3.1,1.2,AO,20210428203909,20210428203909,VOLTAGE_BatteryCPU_volts,6.7,39.0
1900683,Argo technical data,3.1,1.2,AO,20210428203909,20210428203909,VOLTAGE_Aux_volts,14.2,39.0
1900683,Argo technical data,3.1,1.2,AO,20210428203909,20210428203909,PRESSURE_InternalVacuum_COUNT,70,39.0
1900683,Argo technical data,3.1,1.2,AO,20210428203909,20210428203909,FLAG_System_NUMBER,4,39.0
1900683,Argo technical data,3.1,1.2,AO,20210428203909,20210428203909,PRES_InitialStabilizationDuringDescentToPark_dbar,1850.0,40.0
1900683,Argo technical data,3.1,1.2,AO,20210428203909,20210428203909,PRES_SurfaceOffsetCorrectedNotReset_1cBarResolution_dbar,5.3,40.0
1900683,Argo technical data,3.1,1.2,AO,20210428203909,20210428203909,NUMBER_ProfileSamples_COUNT,79,40.0
1900683,Argo technical data,3.1,1.2,AO,20210428203909,20210428203909,VOLTAGE_BatteryCPU_volts,6.7,40.0
1900683,Argo technical data,3.1,1.2,AO,20210428203909,20210428203909,VOLTAGE_Aux_volts,14.2,40.0
1900683,Argo technical data,3.1,1.2,AO,20210428203909,20210428203909,PRESSURE_InternalVacuum_COUNT,70,40.0
1900683,Argo technical data,3.1,1.2,AO,20210428203909,20210428203909,FLAG_System_NUMBER,4,40.0
1900683,Argo technical data,3.1,1.2,AO,20210428203909,20210428203909,PRES_InitialStabilizationDuringDescentToPark_dbar,1850.0,41.0
1900683,Argo technical data,3.1,1.2,AO,20210428203909,20210428203909,PRES_SurfaceOffsetCorrectedNotReset_1cBarResolution_dbar,5.3,41.0
1900683,Argo technical data,3.1,1.2,AO,20210428203909,20210428203909,NUMBER_ProfileSamples_COUNT,79,41.0
1900683,Argo technical data,3.1,1.2,AO,20210428203909,20210428203909,VOLTAGE_BatteryCPU_volts,6.7,41.0
1900683,Argo technical data,3.1,1.2,AO,20210428203909,20210428203909,VOLTAGE_Aux_volts,14.3,41.0
1900683,Argo technical data,3.1,1.2,AO,20210428203909,20210428203909,PRESSURE_InternalVacuum_COUNT,69,41.0
1900683,Argo technical data,3.1,1.2,AO,20210428203909,20210428203909,FLAG_System_NUMBER,4,41.0
1900683,Argo technical data,3.1,1.2,AO,20210428203909,20210428203909,PRES_InitialStabilizationDuringDescentToPark_dbar,1850.0,42.0
1900683,Argo technical data,3.1,1.2,AO,20210428203909,20210428203909,PRES_SurfaceOffsetCorrectedNotReset_1cBarResolution_dbar,5.3,42.0
1900683,Argo technical data,3.1,1.2,AO,20210428203909,20210428203909,NUMBER_ProfileSamples_COUNT,79,42.0
1900683,Argo technical data,3.1,1.2,AO,20210428203909,20210428203909,VOLTAGE_BatteryCPU_volts,6.7,42.0
1900683,Argo technical data,3.1,1.2,AO,20210428203909,20210428203909,VOLTAGE_Aux_volts,14.2,42.0
1900683,Argo technical data,3.1,1.2,AO,20210428203909,20210428203909,PRESSURE_InternalVacuum_COUNT,69,42.0
1900683,Argo technical data,3.1,1.2,AO,20210428203909,20210428203909,FLAG_System_NUMBER,4,42.0
1900683,Argo technical data,3.1,1.2,AO,20210428203909,20210428203909,PRES_InitialStabilizationDuringDescentToPark_dbar,1850.0,43.0
1900683,Argo technical data,3.1,1.2,AO,20210428203909,20210428203909,PRES_SurfaceOffsetCorrectedNotReset_1cBarResolution_dbar,5.3,43.0
1900683,Argo technical data,3.1,1.2,AO,20210428203909,20210428203909,NUMBER_ProfileSamples_COUNT,79,43.0
1900683,Argo technical data,3.1,1.2,AO,20210428203909,20210428203909,VOLTAGE_BatteryCPU_volts,6.7,43.0
1900683,Argo technical data,3.1,1.2,AO,20210428203909,20210428203909,VOLTAGE_Aux_volts,14.2,43.0
1900683,Argo technical data,3.1,1.2,AO,20210428203909,20210428203909,PRESSURE_InternalVacuum_COUNT,69,43.0
1900683,Argo technical data,3.1,1.2,AO,20210428203909,20210428203909,FLAG_System_NUMBER,4,43.0
1900683,Argo technical data,3.1,1.2,AO,20210428203909,20210428203909,PRES_InitialStabilizationDuringDescentToPark_dbar,1850.0,44.0
1900683,Argo technical data,3.1,1.2,AO,20210428203909,20210428203909,PRES_SurfaceOffsetCorrectedNotReset_1cBarResolution_dbar,5.4,44.0
1900683,Argo technical data,3.1,1.2,AO,20210428203909,20210428203909,NUMBER_ProfileSamples_COUNT,79,44.0
1900683,Argo technical data,3.1,1.2,AO,20210428203909,20210428203909,VOLTAGE_BatteryCPU_volts,6.7,44.0
1900683,Argo technical data,3.1,1.2,AO,20210428203909,20210428203909,VOLTAGE_Aux_volts,14.2,44.0
1900683,Argo technical data,3.1,1.2,AO,20210428203909,20210428203909,PRESSURE_InternalVacuum_COUNT,70,44.0
1900683,Argo technical data,3.1,1.2,AO,20210428203909,20210428203909,FLAG_System_NUMBER,4,44.0
1900683,Argo technical data,3.1,1.2,AO,20210428203909,20210428203909,PRES_InitialStabilizationDuringDescentToPark_dbar,1850.0,45.0
1900683,Argo technical data,3.1,1.2,AO,20210428203909,20210428203909,PRES_SurfaceOffsetCorrectedNotReset_1cBarResolution_dbar,5.4,45.0
1900683,Argo technical data,3.1,1.2,AO,20210428203909,20210428203909,NUMBER_ProfileSamples_COUNT,79,45.0
1900683,Argo technical data,3.1,1.2,AO,20210428203909,20210428203909,VOLTAGE_BatteryCPU_volts,6.7,45.0
1900683,Argo technical data,3.1,1.2,AO,20210428203909,20210428203909,VOLTAGE_Aux_volts,14.2,45.0
1900683,Argo technical data,3.1,1.2,AO,20210428203909,20210428203909,PRESSURE_InternalVacuum_COUNT,69,45.0
1900683,Argo technical data,3.1,1.2,AO,20210428203909,20210428203909,FLAG_System_NUMBER,4,45.0
1900683,Argo technical data,3.1,1.2,AO,20210428203909,20210428203909,PRES_InitialStabilizationDuringDescentToPark_dbar,1850.0,46.0
1900683,Argo technical data,3.1,1.2,AO,20210428203909,20210428203909,PRES_SurfaceOffsetCorrectedNotReset_1cBarResolution_dbar,5.3,46.0
1900683,Argo technical data,3.1,1.2,AO,20210428203909,20210428203909,NUMBER_ProfileSamples_COUNT,79,46.0
1900683,Argo technical data,3.1,1.2,AO,20210428203909,20210428203909,VOLTAGE_BatteryCPU_volts,6.7,46.0
1900683,Argo technical data,3.1,1.2,AO,20210428203909,20210428203909,VOLTAGE_Aux_volts,14.2,46.0
1900683,Argo technical data,3.1,1.2,AO,20210428203909,20210428203909,PRESSURE_InternalVacuum_COUNT,70,46.0
1900683,Argo technical data,3.1,1.2,AO,20210428203909,20210428203909,FLAG_System_NUMBER,4,46.0
1900683,Argo technical data,3.1,1.2,AO,20210428203909,20210428203909,PRES_InitialStabilizationDuringDescentToPark_dbar,1850.0,47.0
1900683,Argo technical data,3.1,1.2,AO,20210428203909,20210428203909,PRES_SurfaceOffsetCorrectedNotReset_1cBarResolution_dbar,5.3,47.0
1900683,Argo technical data,3.1,1.2,AO,20210428203909,20210428203909,NUMBER_ProfileSamples_COUNT,79,47.0
1900683,Argo technical data,3.1,1.2,AO,20210428203909,20210428203909,VOLTAGE_BatteryCPU_volts,6.7,47.0
1900683,Argo technical data,3.1,1.2,AO,20210428203909,20210428203909,VOLTAGE_Aux_volts,14.3,47.0
1900683,Argo technical data,3.1,1.2,AO,20210428203909,20210428203909,PRESSURE_InternalVacuum_COUNT,70,47.0
1900683,Argo technical data,3.1,1.2,AO,20210428203909,20210428203909,FLAG_System_NUMBER,4,47.0
1900683,Argo technical data,3.1,1.2,AO,20210428203909,20210428203909,PRES_InitialStabilizationDuringDescentToPark_dbar,1850.0,48.0
1900683,Argo technical data,3.1,1.2,AO,20210428203909,20210428203909,PRES_SurfaceOffsetCorrectedNotReset_1cBarResolution_dbar,5.3,48.0
1900683,Argo technical data,3.1,1.2,AO,20210428203909,20210428203909,NUMBER_ProfileSamples_COUNT,79,48.0
1900683,Argo technical data,3.1,1.2,AO,20210428203909,20210428203909,VOLTAGE_BatteryCPU_volts,6.7,48.0
1900683,Argo technical data,3.1,1.2,AO,20210428203909,20210428203909,VOLTAGE_Aux_volts,14.2,48.0
1900683,Argo technical data,3.1,1.2,AO,20210428203909,20210428203909,PRESSURE_InternalVacuum_COUNT,69,48.0
1900683,Argo technical data,3.1,1.2,AO,20210428203909,20210428203909,FLAG_System_NUMBER,4,48.0
1900683,Argo technical data,3.1,1.2,AO,20210428203909,20210428203909,PRES_InitialStabilizationDuringDescentToPark_dbar,1850.0,49.0
1900683,Argo technical data,3.1,1.2,AO,20210428203909,20210428203909,PRES_SurfaceOffsetCorrectedNotReset_1cBarResolution_dbar,5.3,49.0
1900683,Argo technical data,3.1,1.2,AO,20210428203909,20210428203909,NUMBER_ProfileSamples_COUNT,79,49.0
1900683,Argo technical data,3.1,1.2,AO,20210428203909,20210428203909,VOLTAGE_BatteryCPU_volts,6.7,49.0
1900683,Argo technical data,3.1,1.2,AO,20210428203909,20210428203909,VOLTAGE_Aux_volts,14.2,49.0
1900683,Argo technical data,3.1,1.2,AO,20210428203909,20210428203909,PRESSURE_InternalVacuum_COUNT,69,49.0
1900683,Argo technical data,3.1,1.2,AO,20210428203909,20210428203909,FLAG_System_NUMBER,4,49.0
1900683,Argo technical data,3.1,1.2,AO,20210428203909,20210428203909,PRES_InitialStabilizationDuringDescentToPark_dbar,1850.0,50.0
1900683,Argo technical data,3.1,1.2,AO,20210428203909,20210428203909,PRES_SurfaceOffsetCorrectedNotReset_1cBarResolution_dbar,5.4,50.0
1900683,Argo technical data,3.1,1.2,AO,20210428203909,20210428203909,NUMBER_ProfileSamples_COUNT,79,50.0
1900683,Argo technical data,3.1,1.2,AO,20210428203909,20210428203909,VOLTAGE_BatteryCPU_volts,6.7,50.0
1900683,Argo technical data,3.1,1.2,AO,20210428203909,20210428203909,VOLTAGE_Aux_volts,14.2,50.0
1900683,Argo technical data,3.1,1.2,AO,20210428203909,20210428203909,PRESSURE_InternalVacuum_COUNT,69,50.0
1900683,Argo technical data,3.1,1.2,AO,20210428203909,20210428203909,FLAG_System_NUMBER,4,50.0
1900683,Argo technical data,3.1,1.2,AO,20210428203909,20210428203909,PRES_InitialStabilizationDuringDescentToPark_dbar,1850.0,51.0
1900683,Argo technical data,3.1,1.2,AO,20210428203909,20210428203909,PRES_SurfaceOffsetCorrectedNotReset_1cBarResolution_dbar,5.4,51.0
1900683,Argo technical data,3.1,1.2,AO,20210428203909,20210428203909,NUMBER_ProfileSamples_COUNT,79,51.0
1900683,Argo technical data,3.1,1.2,AO,20210428203909,20210428203909,VOLTAGE_BatteryCPU_volts,6.7,51.0
1900683,Argo technical data,3.1,1.2,AO,20210428203909,20210428203909,VOLTAGE_Aux_volts,14.2,51.0
1900683,Argo technical data,3.1,1.2,AO,20210428203909,20210428203909,PRESSURE_InternalVacuum_COUNT,69,51.0
1900683,Argo technical data,3.1,1.2,AO,20210428203909,20210428203909,FLAG_System_NUMBER,4,51.0
1900683,Argo technical data,3.1,1.2,AO,20210428203909,20210428203909,PRES_InitialStabilizationDuringDescentToPark_dbar,1850.0,52.0
1900683,Argo technical data,3.1,1.2,AO,20210428203909,20210428203909,PRES_SurfaceOffsetCorrectedNotReset_1cBarResolution_dbar,5.3,52.0
1900683,Argo technical data,3.1,1.2,AO,20210428203909,20210428203909,NUMBER_ProfileSamples_COUNT,79,52.0
1900683,Argo technical data,3.1,1.2,AO,20210428203909,20210428203909,VOLTAGE_BatteryCPU_volts,6.7,52.0
1900683,Argo technical data,3.1,1.2,AO,20210428203909,20210428203909,VOLTAGE_Aux_volts,14.3,52.0
1900683,Argo technical data,3.1,1.2,AO,20210428203909,20210428203909,PRESSURE_InternalVacuum_COUNT,69,52.0
1900683,Argo technical data,3.1,1.2,AO,20210428203909,20210428203909,FLAG_System_NUMBER,4,52.0
1900683,Argo technical data,3.1,1.2,AO,20210428203909,20210428203909,PRES_InitialStabilizationDuringDescentToPark_dbar,1850.0,53.0
1900683,Argo technical data,3.1,1.2,AO,20210428203909,20210428203909,PRES_SurfaceOffsetCorrectedNotReset_1cBarResolution_dbar,5.3,53.0
1900683,Argo technical data,3.1,1.2,AO,20210428203909,20210428203909,NUMBER_ProfileSamples_COUNT,79,53.0
1900683,Argo technical data,3.1,1.2,AO,20210428203909,20210428203909,VOLTAGE_BatteryCPU_volts,6.7,53.0
1900683,Argo technical data,3.1,1.2,AO,20210428203909,20210428203909,VOLTAGE_Aux_volts,14.2,53.0
1900683,Argo technical data,3.1,1.2,AO,20210428203909,20210428203909,PRESSURE_InternalVacuum_COUNT,69,53.0
1900683,Argo technical data,3.1,1.2,AO,20210428203909,20210428203909,FLAG_System_NUMBER,4,53.0
1900683,Argo technical data,3.1,1.2,AO,20210428203909,20210428203909,PRES_InitialStabilizationDuringDescentToPark_dbar,1800.0,54.0
1900683,Argo technical data,3.1,1.2,AO,20210428203909,20210428203909,PRES_SurfaceOffsetCorrectedNotReset_1cBarResolution_dbar,5.3,54.0
1900683,Argo technical data,3.1,1.2,AO,20210428203909,20210428203909,NUMBER_ProfileSamples_COUNT,78,54.0
1900683,Argo technical data,3.1,1.2,AO,20210428203909,20210428203909,VOLTAGE_BatteryCPU_volts,6.7,54.0
1900683,Argo technical data,3.1,1.2,AO,20210428203909,20210428203909,VOLTAGE_Aux_volts,14.3,54.0
1900683,Argo technical data,3.1,1.2,AO,20210428203909,20210428203909,PRESSURE_InternalVacuum_COUNT,69,54.0
1900683,Argo technical data,3.1,1.2,AO,20210428203909,20210428203909,FLAG_System_NUMBER,4,54.0
1900683,Argo technical data,3.1,1.2,AO,20210428203909,20210428203909,PRES_InitialStabilizationDuringDescentToPark_dbar,1850.0,55.0
1900683,Argo technical data,3.1,1.2,AO,20210428203909,20210428203909,PRES_SurfaceOffsetCorrectedNotReset_1cBarResolution_dbar,5.4,55.0
1900683,Argo technical data,3.1,1.2,AO,20210428203909,20210428203909,NUMBER_ProfileSamples_COUNT,79,55.0
1900683,Argo technical data,3.1,1.2,AO,20210428203909,20210428203909,VOLTAGE_BatteryCPU_volts,6.7,55.0
1900683,Argo technical data,3.1,1.2,AO,20210428203909,20210428203909,VOLTAGE_Aux_volts,14.2,55.0
1900683,Argo technical data,3.1,1.2,AO,20210428203909,20210428203909,PRESSURE_InternalVacuum_COUNT,69,55.0
1900683,Argo technical data,3.1,1.2,AO,20210428203909,20210428203909,FLAG_System_NUMBER,4,55.0
1900683,Argo technical data,3.1,1.2,AO,20210428203909,20210428203909,PRES_InitialStabilizationDuringDescentToPark_dbar,1800.0,56.0
1900683,Argo technical data,3.1,1.2,AO,20210428203909,20210428203909,PRES_SurfaceOffsetCorrectedNotReset_1cBarResolution_dbar,5.4,56.0
1900683,Argo technical data,3.1,1.2,AO,20210428203909,20210428203909,NUMBER_ProfileSamples_COUNT,78,56.0
1900683,Argo technical data,3.1,1.2,AO,20210428203909,20210428203909,VOLTAGE_BatteryCPU_volts,6.7,56.0
1900683,Argo technical data,3.1,1.2,AO,20210428203909,20210428203909,VOLTAGE_Aux_volts,14.2,56.0
1900683,Argo technical data,3.1,1.2,AO,20210428203909,20210428203909,PRESSURE_InternalVacuum_COUNT,69,56.0
1900683,Argo technical data,3.1,1.2,AO,20210428203909,20210428203909,FLAG_System_NUMBER,4,56.0
1900683,Argo technical data,3.1,1.2,AO,20210428203909,20210428203909,PRES_InitialStabilizationDuringDescentToPark_dbar,1800.0,57.0
1900683,Argo technical data,3.1,1.2,AO,20210428203909,20210428203909,PRES_SurfaceOffsetCorrectedNotReset_1cBarResolution_dbar,5.3,57.0
1900683,Argo technical data,3.1,1.2,AO,20210428203909,20210428203909,NUMBER_ProfileSamples_COUNT,78,57.0
1900683,Argo technical data,3.1,1.2,AO,20210428203909,20210428203909,VOLTAGE_BatteryCPU_volts,6.7,57.0
1900683,Argo technical data,3.1,1.2,AO,20210428203909,20210428203909,VOLTAGE_Aux_volts,14.3,57.0
1900683,Argo technical data,3.1,1.2,AO,20210428203909,20210428203909,PRESSURE_InternalVacuum_COUNT,69,57.0
1900683,Argo technical data,3.1,1.2,AO,20210428203909,20210428203909,FLAG_System_NUMBER,4,57.0
1900683,Argo technical data,3.1,1.2,AO,20210428203909,20210428203909,PRES_InitialStabilizationDuringDescentToPark_dbar,1800.0,58.0
1900683,Argo technical data,3.1,1.2,AO,20210428203909,20210428203909,PRES_SurfaceOffsetCorrectedNotReset_1cBarResolution_dbar,5.4,58.0
1900683,Argo technical data,3.1,1.2,AO,20210428203909,20210428203909,NUMBER_ProfileSamples_COUNT,78,58.0
1900683,Argo technical data,3.1,1.2,AO,20210428203909,20210428203909,VOLTAGE_BatteryCPU_volts,6.7,58.0
1900683,Argo technical data,3.1,1.2,AO,20210428203909,20210428203909,VOLTAGE_Aux_volts,14.2,58.0
1900683,Argo technical data,3.1,1.2,AO,20210428203909,20210428203909,PRESSURE_InternalVacuum_COUNT,70,58.0
1900683,Argo technical data,3.1,1.2,AO,20210428203909,20210428203909,FLAG_System_NUMBER,4,58.0
1900683,Argo technical data,3.1,1.2,AO,20210428203909,20210428203909,PRES_InitialStabilizationDuringDescentToPark_dbar,1800.0,59.0
1900683,Argo technical data,3.1,1.2,AO,20210428203909,20210428203909,PRES_SurfaceOffsetCorrectedNotReset_1cBarResolution_dbar,5.3,59.0
1900683,Argo technical data,3.1,1.2,AO,20210428203909,20210428203909,NUMBER_ProfileSamples_COUNT,78,59.0
1900683,Argo technical data,3.1,1.2,AO,20210428203909,20210428203909,VOLTAGE_BatteryCPU_volts,6.7,59.0
1900683,Argo technical data,3.1,1.2,AO,20210428203909,20210428203909,VOLTAGE_Aux_volts,14.2,59.0
1900683,Argo technical data,3.1,1.2,AO,20210428203909,20210428203909,PRESSURE_InternalVacuum_COUNT,69,59.0
1900683,Argo technical data,3.1,1.2,AO,20210428203909,20210428203909,FLAG_System_NUMBER,4,59.0
1900683,Argo technical data,3.1,1.2,AO,20210428203909,20210428203909,PRES_InitialStabilizationDuringDescentToPark_dbar,1800.0,60.0
1900683,Argo technical data,3.1,1.2,AO,20210428203909,20210428203909,PRES_SurfaceOffsetCorrectedNotReset_1cBarResolution_dbar,5.3,60.0
1900683,Argo technical data,3.1,1.2,AO,20210428203909,20210428203909,NUMBER_ProfileSamples_COUNT,78,60.0
1900683,Argo technical data,3.1,1.2,AO,20210428203909,20210428203909,VOLTAGE_BatteryCPU_volts,6.7,60.0
1900683,Argo technical data,3.1,1.2,AO,20210428203909,20210428203909,VOLTAGE_Aux_volts,14.2,60.0
1900683,Argo technical data,3.1,1.2,AO,20210428203909,20210428203909,PRESSURE_InternalVacuum_COUNT,69,60.0
1900683,Argo technical data,3.1,1.2,AO,20210428203909,20210428203909,FLAG_System_NUMBER,4,60.0
1900683,Argo technical data,3.1,1.2,AO,20210428203909,20210428203909,PRES_InitialStabilizationDuringDescentToPark_dbar,1800.0,61.0
1900683,Argo technical data,3.1,1.2,AO,20210428203909,20210428203909,PRES_SurfaceOffsetCorrectedNotReset_1cBarResolution_dbar,5.3,61.0
1900683,Argo technical data,3.1,1.2,AO,20210428203909,20210428203909,NUMBER_ProfileSamples_COUNT,78,61.0
1900683,Argo technical data,3.1,1.2,AO,20210428203909,20210428203909,VOLTAGE_BatteryCPU_volts,6.7,61.0
1900683,Argo technical data,3.1,1.2,AO,20210428203909,20210428203909,VOLTAGE_Aux_volts,14.2,61.0
1900683,Argo technical data,3.1,1.2,AO,20210428203909,20210428203909,PRESSURE_InternalVacuum_COUNT,69,61.0
1900683,Argo technical data,3.1,1.2,AO,20210428203909,20210428203909,FLAG_System_NUMBER,4,61.0
1900683,Argo technical data,3.1,1.2,AO,20210428203909,20210428203909,PRES_InitialStabilizationDuringDescentToPark_dbar,1800.0,62.0
1900683,Argo technical data,3.1,1.2,AO,20210428203909,20210428203909,PRES_SurfaceOffsetCorrectedNotReset_1cBarResolution_dbar,5.3,62.0
1900683,Argo technical data,3.1,1.2,AO,20210428203909,20210428203909,NUMBER_ProfileSamples_COUNT,78,62.0
1900683,Argo technical data,3.1,1.2,AO,20210428203909,20210428203909,VOLTAGE_BatteryCPU_volts,6.7,62.0
1900683,Argo technical data,3.1,1.2,AO,20210428203909,20210428203909,VOLTAGE_Aux_volts,14.2,62.0
1900683,Argo technical data,3.1,1.2,AO,20210428203909,20210428203909,PRESSURE_InternalVacuum_COUNT,69,62.0
1900683,Argo technical data,3.1,1.2,AO,20210428203909,20210428203909,FLAG_System_NUMBER,4,62.0
1900683,Argo technical data,3.1,1.2,AO,20210428203909,20210428203909,PRES_InitialStabilizationDuringDescentToPark_dbar,1800.0,63.0
1900683,Argo technical data,3.1,1.2,AO,20210428203909,20210428203909,PRES_SurfaceOffsetCorrectedNotReset_1cBarResolution_dbar,5.3,63.0
1900683,Argo technical data,3.1,1.2,AO,20210428203909,20210428203909,NUMBER_ProfileSamples_COUNT,78,63.0
1900683,Argo technical data,3.1,1.2,AO,20210428203909,20210428203909,VOLTAGE_BatteryCPU_volts,6.7,63.0
1900683,Argo technical data,3.1,1.2,AO,20210428203909,20210428203909,VOLTAGE_Aux_volts,14.2,63.0
1900683,Argo technical data,3.1,1.2,AO,20210428203909,20210428203909,PRESSURE_InternalVacuum_COUNT,69,63.0
1900683,Argo technical data,3.1,1.2,AO,20210428203909,20210428203909,FLAG_System_NUMBER,4,63.0
1900683,Argo technical data,3.1,1.2,AO,20210428203909,20210428203909,PRES_InitialStabilizationDuringDescentToPark_dbar,1800.0,64.0
1900683,Argo technical data,3.1,1.2,AO,20210428203909,20210428203909,PRES_SurfaceOffsetCorrectedNotReset_1cBarResolution_dbar,5.3,64.0
1900683,Argo technical data,3.1,1.2,AO,20210428203909,20210428203909,NUMBER_ProfileSamples_COUNT,78,64.0
1900683,Argo technical data,3.1,1.2,AO,20210428203909,20210428203909,VOLTAGE_BatteryCPU_volts,6.7,64.0
1900683,Argo technical data,3.1,1.2,AO,20210428203909,20210428203909,VOLTAGE_Aux_volts,14.2,64.0
1900683,Argo technical data,3.1,1.2,AO,20210428203909,20210428203909,PRESSURE_InternalVacuum_COUNT,69,64.0
1900683,Argo technical data,3.1,1.2,AO,20210428203909,20210428203909,FLAG_System_NUMBER,4,64.0
1900683,Argo technical data,3.1,1.2,AO,20210428203909,20210428203909,PRES_InitialStabilizationDuringDescentToPark_dbar,1800.0,65.0
1900683,Argo technical data,3.1,1.2,AO,20210428203909,20210428203909,PRES_SurfaceOffsetCorrectedNotReset_1cBarResolution_dbar,5.3,65.0
1900683,Argo technical data,3.1,1.2,AO,20210428203909,20210428203909,NUMBER_ProfileSamples_COUNT,78,65.0
1900683,Argo technical data,3.1,1.2,AO,20210428203909,20210428203909,VOLTAGE_BatteryCPU_volts,6.7,65.0
1900683,Argo technical data,3.1,1.2,AO,20210428203909,20210428203909,VOLTAGE_Aux_volts,14.2,65.0
1900683,Argo technical data,3.1,1.2,AO,20210428203909,20210428203909,PRESSURE_InternalVacuum_COUNT,69,65.0
1900683,Argo technical data,3.1,1.2,AO,20210428203909,20210428203909,FLAG_System_NUMBER,4,65.0
1900683,Argo technical data,3.1,1.2,AO,20210428203909,20210428203909,PRES_InitialStabilizationDuringDescentToPark_dbar,1800.0,66.0
1900683,Argo technical data,3.1,1.2,AO,20210428203909,20210428203909,PRES_SurfaceOffsetCorrectedNotReset_1cBarResolution_dbar,5.4,66.0
1900683,Argo technical data,3.1,1.2,AO,20210428203909,20210428203909,NUMBER_ProfileSamples_COUNT,78,66.0
1900683,Argo technical data,3.1,1.2,AO,20210428203909,20210428203909,VOLTAGE_BatteryCPU_volts,6.7,66.0
1900683,Argo technical data,3.1,1.2,AO,20210428203909,20210428203909,VOLTAGE_Aux_volts,14.2,66.0
1900683,Argo technical data,3.1,1.2,AO,20210428203909,20210428203909,PRESSURE_InternalVacuum_COUNT,69,66.0
1900683,Argo technical data,3.1,1.2,AO,20210428203909,20210428203909,FLAG_System_NUMBER,4,66.0
1900683,Argo technical data,3.1,1.2,AO,20210428203909,20210428203909,PRES_InitialStabilizationDuringDescentToPark_dbar,1800.0,67.0
1900683,Argo technical data,3.1,1.2,AO,20210428203909,20210428203909,PRES_SurfaceOffsetCorrectedNotReset_1cBarResolution_dbar,5.3,67.0
1900683,Argo technical data,3.1,1.2,AO,20210428203909,20210428203909,NUMBER_ProfileSamples_COUNT,78,67.0
1900683,Argo technical data,3.1,1.2,AO,20210428203909,20210428203909,VOLTAGE_BatteryCPU_volts,6.7,67.0
1900683,Argo technical data,3.1,1.2,AO,20210428203909,20210428203909,VOLTAGE_Aux_volts,14.3,67.0
1900683,Argo technical data,3.1,1.2,AO,20210428203909,20210428203909,PRESSURE_InternalVacuum_COUNT,69,67.0
1900683,Argo technical data,3.1,1.2,AO,20210428203909,20210428203909,FLAG_System_NUMBER,4,67.0
1900683,Argo technical data,3.1,1.2,AO,20210428203909,20210428203909,PRES_InitialStabilizationDuringDescentToPark_dbar,1800.0,68.0
1900683,Argo technical data,3.1,1.2,AO,20210428203909,20210428203909,PRES_SurfaceOffsetCorrectedNotReset_1cBarResolution_dbar,5.3,68.0
1900683,Argo technical data,3.1,1.2,AO,20210428203909,20210428203909,NUMBER_ProfileSamples_COUNT,78,68.0
1900683,Argo technical data,3.1,1.2,AO,20210428203909,20210428203909,VOLTAGE_BatteryCPU_volts,6.7,68.0
1900683,Argo technical data,3.1,1.2,AO,20210428203909,20210428203909,VOLTAGE_Aux_volts,14.3,68.0
1900683,Argo technical data,3.1,1.2,AO,20210428203909,20210428203909,PRESSURE_InternalVacuum_COUNT,69,68.0
1900683,Argo technical data,3.1,1.2,AO,20210428203909,20210428203909,FLAG_System_NUMBER,4,68.0
1900683,Argo technical data,3.1,1.2,AO,20210428203909,20210428203909,PRES_InitialStabilizationDuringDescentToPark_dbar,1800.0,69.0
1900683,Argo technical data,3.1,1.2,AO,20210428203909,20210428203909,PRES_SurfaceOffsetCorrectedNotReset_1cBarResolution_dbar,5.4,69.0
1900683,Argo technical data,3.1,1.2,AO,20210428203909,20210428203909,NUMBER_ProfileSamples_COUNT,78,69.0
1900683,Argo technical data,3.1,1.2,AO,20210428203909,20210428203909,VOLTAGE_BatteryCPU_volts,6.7,69.0
1900683,Argo technical data,3.1,1.2,AO,20210428203909,20210428203909,VOLTAGE_Aux_volts,14.3,69.0
1900683,Argo technical data,3.1,1.2,AO,20210428203909,20210428203909,PRESSURE_InternalVacuum_COUNT,69,69.0
1900683,Argo technical data,3.1,1.2,AO,20210428203909,20210428203909,FLAG_System_NUMBER,4,69.0
1900683,Argo technical data,3.1,1.2,AO,20210428203909,20210428203909,PRES_InitialStabilizationDuringDescentToPark_dbar,1800.0,70.0
1900683,Argo technical data,3.1,1.2,AO,20210428203909,20210428203909,PRES_SurfaceOffsetCorrectedNotReset_1cBarResolution_dbar,5.3,70.0
1900683,Argo technical data,3.1,1.2,AO,20210428203909,20210428203909,NUMBER_ProfileSamples_COUNT,78,70.0
1900683,Argo technical data,3.1,1.2,AO,20210428203909,20210428203909,VOLTAGE_BatteryCPU_volts,6.7,70.0
1900683,Argo technical data,3.1,1.2,AO,20210428203909,20210428203909,VOLTAGE_Aux_volts,14.3,70.0
1900683,Argo technical data,3.1,1.2,AO,20210428203909,20210428203909,PRESSURE_InternalVacuum_COUNT,69,70.0
1900683,Argo technical data,3.1,1.2,AO,20210428203909,20210428203909,FLAG_System_NUMBER,4,70.0
1900683,Argo technical data,3.1,1.2,AO,20210428203909,20210428203909,PRES_InitialStabilizationDuringDescentToPark_dbar,1800.0,71.0
1900683,Argo technical data,3.1,1.2,AO,20210428203909,20210428203909,PRES_SurfaceOffsetCorrectedNotReset_1cBarResolution_dbar,5.2,71.0
1900683,Argo technical data,3.1,1.2,AO,20210428203909,20210428203909,NUMBER_ProfileSamples_COUNT,78,71.0
1900683,Argo technical data,3.1,1.2,AO,20210428203909,20210428203909,VOLTAGE_BatteryCPU_volts,6.7,71.0
1900683,Argo technical data,3.1,1.2,AO,20210428203909,20210428203909,VOLTAGE_Aux_volts,14.3,71.0
1900683,Argo technical data,3.1,1.2,AO,20210428203909,20210428203909,PRESSURE_InternalVacuum_COUNT,69,71.0
1900683,Argo technical data,3.1,1.2,AO,20210428203909,20210428203909,FLAG_System_NUMBER,4,71.0
1900683,Argo technical data,3.1,1.2,AO,20210428203909,20210428203909,PRES_InitialStabilizationDuringDescentToPark_dbar,1800.0,72.0
1900683,Argo technical data,3.1,1.2,AO,20210428203909,20210428203909,PRES_SurfaceOffsetCorrectedNotReset_1cBarResolution_dbar,5.3,72.0
1900683,Argo technical data,3.1,1.2,AO,20210428203909,20210428203909,NUMBER_ProfileSamples_COUNT,78,72.0
1900683,Argo technical data,3.1,1.2,AO,20210428203909,20210428203909,VOLTAGE_BatteryCPU_volts,6.7,72.0
1900683,Argo technical data,3.1,1.2,AO,20210428203909,20210428203909,VOLTAGE_Aux_volts,14.3,72.0
1900683,Argo technical data,3.1,1.2,AO,20210428203909,20210428203909,PRESSURE_InternalVacuum_COUNT,69,72.0
1900683,Argo technical data,3.1,1.2,AO,20210428203909,20210428203909,FLAG_System_NUMBER,4,72.0
1900683,Argo technical data,3.1,1.2,AO,20210428203909,20210428203909,PRES_InitialStabilizationDuringDescentToPark_dbar,1800.0,73.0
1900683,Argo technical data,3.1,1.2,AO,20210428203909,20210428203909,PRES_SurfaceOffsetCorrectedNotReset_1cBarResolution_dbar,5.3,73.0
1900683,Argo technical data,3.1,1.2,AO,20210428203909,20210428203909,NUMBER_ProfileSamples_COUNT,78,73.0
1900683,Argo technical data,3.1,1.2,AO,20210428203909,20210428203909,VOLTAGE_BatteryCPU_volts,6.7,73.0
1900683,Argo technical data,3.1,1.2,AO,20210428203909,20210428203909,VOLTAGE_Aux_volts,14.3,73.0
1900683,Argo technical data,3.1,1.2,AO,20210428203909,20210428203909,PRESSURE_InternalVacuum_COUNT,69,73.0
1900683,Argo technical data,3.1,1.2,AO,20210428203909,20210428203909,FLAG_System_NUMBER,4,73.0
1900683,Argo technical data,3.1,1.2,AO,20210428203909,20210428203909,PRES_InitialStabilizationDuringDescentToPark_dbar,1800.0,74.0
1900683,Argo technical data,3.1,1.2,AO,20210428203909,20210428203909,PRES_SurfaceOffsetCorrectedNotReset_1cBarResolution_dbar,5.4,74.0
1900683,Argo technical data,3.1,1.2,AO,20210428203909,20210428203909,NUMBER_ProfileSamples_COUNT,78,74.0
1900683,Argo technical data,3.1,1.2,AO,20210428203909,20210428203909,VOLTAGE_BatteryCPU_volts,6.7,74.0
1900683,Argo technical data,3.1,1.2,AO,20210428203909,20210428203909,VOLTAGE_Aux_volts,14.3,74.0
1900683,Argo technical data,3.1,1.2,AO,20210428203909,20210428203909,PRESSURE_InternalVacuum_COUNT,69,74.0
1900683,Argo technical data,3.1,1.2,AO,20210428203909,20210428203909,FLAG_System_NUMBER,4,74.0
1900683,Argo technical data,3.1,1.2,AO,20210428203909,20210428203909,PRES_InitialStabilizationDuringDescentToPark_dbar,1800.0,75.0
1900683,Argo technical data,3.1,1.2,AO,20210428203909,20210428203909,PRES_SurfaceOffsetCorrectedNotReset_1cBarResolution_dbar,5.4,75.0
1900683,Argo technical data,3.1,1.2,AO,20210428203909,20210428203909,NUMBER_ProfileSamples_COUNT,78,75.0
1900683,Argo technical data,3.1,1.2,AO,20210428203909,20210428203909,VOLTAGE_BatteryCPU_volts,6.7,75.0
1900683,Argo technical data,3.1,1.2,AO,20210428203909,20210428203909,VOLTAGE_Aux_volts,14.3,75.0
1900683,Argo technical data,3.1,1.2,AO,20210428203909,20210428203909,PRESSURE_InternalVacuum_COUNT,69,75.0
1900683,Argo technical data,3.1,1.2,AO,20210428203909,20210428203909,FLAG_System_NUMBER,4,75.0
1900683,Argo technical data,3.1,1.2,AO,20210428203909,20210428203909,PRES_InitialStabilizationDuringDescentToPark_dbar,1800.0,76.0
1900683,Argo technical data,3.1,1.2,AO,20210428203909,20210428203909,PRES_SurfaceOffsetCorrectedNotReset_1cBarResolution_dbar,5.4,76.0
1900683,Argo technical data,3.1,1.2,AO,20210428203909,20210428203909,NUMBER_ProfileSamples_COUNT,78,76.0
1900683,Argo technical data,3.1,1.2,AO,20210428203909,20210428203909,VOLTAGE_BatteryCPU_volts,6.7,76.0
1900683,Argo technical data,3.1,1.2,AO,20210428203909,20210428203909,VOLTAGE_Aux_volts,14.4,76.0
1900683,Argo technical data,3.1,1.2,AO,20210428203909,20210428203909,PRESSURE_InternalVacuum_COUNT,69,76.0
1900683,Argo technical data,3.1,1.2,AO,20210428203909,20210428203909,FLAG_System_NUMBER,4,76.0
1900683,Argo technical data,3.1,1.2,AO,20210428203909,20210428203909,PRES_InitialStabilizationDuringDescentToPark_dbar,1800.0,77.0
1900683,Argo technical data,3.1,1.2,AO,20210428203909,20210428203909,PRES_SurfaceOffsetCorrectedNotReset_1cBarResolution_dbar,5.4,77.0
1900683,Argo technical data,3.1,1.2,AO,20210428203909,20210428203909,NUMBER_ProfileSamples_COUNT,78,77.0
1900683,Argo technical data,3.1,1.2,AO,20210428203909,20210428203909,VOLTAGE_BatteryCPU_volts,6.7,77.0
1900683,Argo technical data,3.1,1.2,AO,20210428203909,20210428203909,VOLTAGE_Aux_volts,14.3,77.0
1900683,Argo technical data,3.1,1.2,AO,20210428203909,20210428203909,PRESSURE_InternalVacuum_COUNT,69,77.0
1900683,Argo technical data,3.1,1.2,AO,20210428203909,20210428203909,FLAG_System_NUMBER,4,77.0
1900683,Argo technical data,3.1,1.2,AO,20210428203909,20210428203909,PRES_InitialStabilizationDuringDescentToPark_dbar,1800.0,78.0
1900683,Argo technical data,3.1,1.2,AO,20210428203909,20210428203909,PRES_SurfaceOffsetCorrectedNotReset_1cBarResolution_dbar,5.3,78.0
1900683,Argo technical data,3.1,1.2,AO,20210428203909,20210428203909,NUMBER_ProfileSamples_COUNT,78,78.0
1900683,Argo technical data,3.1,1.2,AO,20210428203909,20210428203909,VOLTAGE_BatteryCPU_volts,6.7,78.0
1900683,Argo technical data,3.1,1.2,AO,20210428203909,20210428203909,VOLTAGE_Aux_volts,14.3,78.0
1900683,Argo technical data,3.1,1.2,AO,20210428203909,20210428203909,PRESSURE_InternalVacuum_COUNT,69,78.0
1900683,Argo technical data,3.1,1.2,AO,20210428203909,20210428203909,FLAG_System_NUMBER,4,78.0
1900683,Argo technical data,3.1,1.2,AO,20210428203909,20210428203909,PRES_InitialStabilizationDuringDescentToPark_dbar,1800.0,79.0
1900683,Argo technical data,3.1,1.2,AO,20210428203909,20210428203909,PRES_SurfaceOffsetCorrectedNotReset_1cBarResolution_dbar,5.3,79.0
1900683,Argo technical data,3.1,1.2,AO,20210428203909,20210428203909,NUMBER_ProfileSamples_COUNT,78,79.0
1900683,Argo technical data,3.1,1.2,AO,20210428203909,20210428203909,VOLTAGE_BatteryCPU_volts,6.7,79.0
1900683,Argo technical data,3.1,1.2,AO,20210428203909,20210428203909,VOLTAGE_Aux_volts,14.4,79.0
1900683,Argo technical data,3.1,1.2,AO,20210428203909,20210428203909,PRESSURE_InternalVacuum_COUNT,69,79.0
1900683,Argo technical data,3.1,1.2,AO,20210428203909,20210428203909,FLAG_System_NUMBER,4,79.0
1900683,Argo technical data,3.1,1.2,AO,20210428203909,20210428203909,PRES_InitialStabilizationDuringDescentToPark_dbar,1800.0,80.0
1900683,Argo technical data,3.1,1.2,AO,20210428203909,20210428203909,PRES_SurfaceOffsetCorrectedNotReset_1cBarResolution_dbar,5.3,80.0
1900683,Argo technical data,3.1,1.2,AO,20210428203909,20210428203909,NUMBER_ProfileSamples_COUNT,78,80.0
1900683,Argo technical data,3.1,1.2,AO,20210428203909,20210428203909,VOLTAGE_BatteryCPU_volts,6.7,80.0
1900683,Argo technical data,3.1,1.2,AO,20210428203909,20210428203909,VOLTAGE_Aux_volts,14.4,80.0
1900683,Argo technical data,3.1,1.2,AO,20210428203909,20210428203909,PRESSURE_InternalVacuum_COUNT,69,80.0
1900683,Argo technical data,3.1,1.2,AO,20210428203909,20210428203909,FLAG_System_NUMBER,4,80.0
1900683,Argo technical data,3.1,1.2,AO,20210428203909,20210428203909,PRES_InitialStabilizationDuringDescentToPark_dbar,1800.0,81.0
1900683,Argo technical data,3.1,1.2,AO,20210428203909,20210428203909,PRES_SurfaceOffsetCorrectedNotReset_1cBarResolution_dbar,5.3,81.0
1900683,Argo technical data,3.1,1.2,AO,20210428203909,20210428203909,NUMBER_ProfileSamples_COUNT,78,81.0
1900683,Argo technical data,3.1,1.2,AO,20210428203909,20210428203909,VOLTAGE_BatteryCPU_volts,6.7,81.0
1900683,Argo technical data,3.1,1.2,AO,20210428203909,20210428203909,VOLTAGE_Aux_volts,14.4,81.0
1900683,Argo technical data,3.1,1.2,AO,20210428203909,20210428203909,PRESSURE_InternalVacuum_COUNT,69,81.0
1900683,Argo technical data,3.1,1.2,AO,20210428203909,20210428203909,FLAG_System_NUMBER,4,81.0
1900683,Argo technical data,3.1,1.2,AO,20210428203909,20210428203909,PRES_InitialStabilizationDuringDescentToPark_dbar,1800.0,82.0
1900683,Argo technical data,3.1,1.2,AO,20210428203909,20210428203909,PRES_SurfaceOffsetCorrectedNotReset_1cBarResolution_dbar,5.3,82.0
1900683,Argo technical data,3.1,1.2,AO,20210428203909,20210428203909,NUMBER_ProfileSamples_COUNT,78,82.0
1900683,Argo technical data,3.1,1.2,AO,20210428203909,20210428203909,VOLTAGE_BatteryCPU_volts,6.7,82.0
1900683,Argo technical data,3.1,1.2,AO,20210428203909,20210428203909,VOLTAGE_Aux_volts,14.3,82.0
1900683,Argo technical data,3.1,1.2,AO,20210428203909,20210428203909,PRESSURE_InternalVacuum_COUNT,69,82.0
1900683,Argo technical data,3.1,1.2,AO,20210428203909,20210428203909,FLAG_System_NUMBER,4,82.0
1900683,Argo technical data,3.1,1.2,AO,20210428203909,20210428203909,PRES_InitialStabilizationDuringDescentToPark_dbar,1800.0,83.0
1900683,Argo technical data,3.1,1.2,AO,20210428203909,20210428203909,PRES_SurfaceOffsetCorrectedNotReset_1cBarResolution_dbar,5.3,83.0
1900683,Argo technical data,3.1,1.2,AO,20210428203909,20210428203909,NUMBER_ProfileSamples_COUNT,78,83.0
1900683,Argo technical data,3.1,1.2,AO,20210428203909,20210428203909,VOLTAGE_BatteryCPU_volts,6.7,83.0
1900683,Argo technical data,3.1,1.2,AO,20210428203909,20210428203909,VOLTAGE_Aux_volts,14.4,83.0
1900683,Argo technical data,3.1,1.2,AO,20210428203909,20210428203909,PRESSURE_InternalVacuum_COUNT,69,83.0
1900683,Argo technical data,3.1,1.2,AO,20210428203909,20210428203909,FLAG_System_NUMBER,4,83.0
1900683,Argo technical data,3.1,1.2,AO,20210428203909,20210428203909,PRES_InitialStabilizationDuringDescentToPark_dbar,1800.0,84.0
1900683,Argo technical data,3.1,1.2,AO,20210428203909,20210428203909,PRES_SurfaceOffsetCorrectedNotReset_1cBarResolution_dbar,5.3,84.0
1900683,Argo technical data,3.1,1.2,AO,20210428203909,20210428203909,NUMBER_ProfileSamples_COUNT,78,84.0
1900683,Argo technical data,3.1,1.2,AO,20210428203909,20210428203909,VOLTAGE_BatteryCPU_volts,6.7,84.0
1900683,Argo technical data,3.1,1.2,AO,20210428203909,20210428203909,VOLTAGE_Aux_volts,14.4,84.0
1900683,Argo technical data,3.1,1.2,AO,20210428203909,20210428203909,PRESSURE_InternalVacuum_COUNT,69,84.0
1900683,Argo technical data,3.1,1.2,AO,20210428203909,20210428203909,FLAG_System_NUMBER,4,84.0
1900683,Argo technical data,3.1,1.2,AO,20210428203909,20210428203909,PRES_InitialStabilizationDuringDescentToPark_dbar,1800.0,85.0
1900683,Argo technical data,3.1,1.2,AO,20210428203909,20210428203909,PRES_SurfaceOffsetCorrectedNotReset_1cBarResolution_dbar,5.3,85.0
1900683,Argo technical data,3.1,1.2,AO,20210428203909,20210428203909,NUMBER_ProfileSamples_COUNT,78,85.0
1900683,Argo technical data,3.1,1.2,AO,20210428203909,20210428203909,VOLTAGE_BatteryCPU_volts,6.7,85.0
1900683,Argo technical data,3.1,1.2,AO,20210428203909,20210428203909,VOLTAGE_Aux_volts,14.4,85.0
1900683,Argo technical data,3.1,1.2,AO,20210428203909,20210428203909,PRESSURE_InternalVacuum_COUNT,69,85.0
1900683,Argo technical data,3.1,1.2,AO,20210428203909,20210428203909,FLAG_System_NUMBER,4,85.0
1900683,Argo technical data,3.1,1.2,AO,20210428203909,20210428203909,PRES_InitialStabilizationDuringDescentToPark_dbar,1800.0,86.0
1900683,Argo technical data,3.1,1.2,AO,20210428203909,20210428203909,PRES_SurfaceOffsetCorrectedNotReset_1cBarResolution_dbar,5.4,86.0
1900683,Argo technical data,3.1,1.2,AO,20210428203909,20210428203909,NUMBER_ProfileSamples_COUNT,78,86.0
1900683,Argo technical data,3.1,1.2,AO,20210428203909,20210428203909,VOLTAGE_BatteryCPU_volts,6.7,86.0
1900683,Argo technical data,3.1,1.2,AO,20210428203909,20210428203909,VOLTAGE_Aux_volts,14.3,86.0
1900683,Argo technical data,3.1,1.2,AO,20210428203909,20210428203909,PRESSURE_InternalVacuum_COUNT,69,86.0
1900683,Argo technical data,3.1,1.2,AO,20210428203909,20210428203909,FLAG_System_NUMBER,4,86.0
1900683,Argo technical data,3.1,1.2,AO,20210428203909,20210428203909,PRES_InitialStabilizationDuringDescentToPark_dbar,1800.0,87.0
1900683,Argo technical data,3.1,1.2,AO,20210428203909,20210428203909,PRES_SurfaceOffsetCorrectedNotReset_1cBarResolution_dbar,5.3,87.0
1900683,Argo technical data,3.1,1.2,AO,20210428203909,20210428203909,NUMBER_ProfileSamples_COUNT,78,87.0
1900683,Argo technical data,3.1,1.2,AO,20210428203909,20210428203909,VOLTAGE_BatteryCPU_volts,6.7,87.0
1900683,Argo technical data,3.1,1.2,AO,20210428203909,20210428203909,VOLTAGE_Aux_volts,14.4,87.0
1900683,Argo technical data,3.1,1.2,AO,20210428203909,20210428203909,PRESSURE_InternalVacuum_COUNT,69,87.0
1900683,Argo technical data,3.1,1.2,AO,20210428203909,20210428203909,FLAG_System_NUMBER,4,87.0
1900683,Argo technical data,3.1,1.2,AO,20210428203909,20210428203909,PRES_InitialStabilizationDuringDescentToPark_dbar,1800.0,88.0
1900683,Argo technical data,3.1,1.2,AO,20210428203909,20210428203909,PRES_SurfaceOffsetCorrectedNotReset_1cBarResolution_dbar,5.3,88.0
1900683,Argo technical data,3.1,1.2,AO,20210428203909,20210428203909,NUMBER_ProfileSamples_COUNT,78,88.0
1900683,Argo technical data,3.1,1.2,AO,20210428203909,20210428203909,VOLTAGE_BatteryCPU_volts,6.7,88.0
1900683,Argo technical data,3.1,1.2,AO,20210428203909,20210428203909,VOLTAGE_Aux_volts,14.3,88.0
1900683,Argo technical data,3.1,1.2,AO,20210428203909,20210428203909,PRESSURE_InternalVacuum_COUNT,69,88.0
1900683,Argo technical data,3.1,1.2,AO,20210428203909,20210428203909,FLAG_System_NUMBER,4,88.0
1900683,Argo technical data,3.1,1.2,AO,20210428203909,20210428203909,PRES_InitialStabilizationDuringDescentToPark_dbar,1800.0,89.0
1900683,Argo technical data,3.1,1.2,AO,20210428203909,20210428203909,PRES_SurfaceOffsetCorrectedNotReset_1cBarResolution_dbar,5.3,89.0
1900683,Argo technical data,3.1,1.2,AO,20210428203909,20210428203909,NUMBER_ProfileSamples_COUNT,78,89.0
1900683,Argo technical data,3.1,1.2,AO,20210428203909,20210428203909,VOLTAGE_BatteryCPU_volts,6.7,89.0
1900683,Argo technical data,3.1,1.2,AO,20210428203909,20210428203909,VOLTAGE_Aux_volts,14.4,89.0
1900683,Argo technical data,3.1,1.2,AO,20210428203909,20210428203909,PRESSURE_InternalVacuum_COUNT,69,89.0
1900683,Argo technical data,3.1,1.2,AO,20210428203909,20210428203909,FLAG_System_NUMBER,4,89.0
1900683,Argo technical data,3.1,1.2,AO,20210428203909,20210428203909,PRES_InitialStabilizationDuringDescentToPark_dbar,1800.0,90.0
1900683,Argo technical data,3.1,1.2,AO,20210428203909,20210428203909,PRES_SurfaceOffsetCorrectedNotReset_1cBarResolution_dbar,5.3,90.0
1900683,Argo technical data,3.1,1.2,AO,20210428203909,20210428203909,NUMBER_ProfileSamples_COUNT,78,90.0
1900683,Argo technical data,3.1,1.2,AO,20210428203909,20210428203909,VOLTAGE_BatteryCPU_volts,6.7,90.0
1900683,Argo technical data,3.1,1.2,AO,20210428203909,20210428203909,VOLTAGE_Aux_volts,14.4,90.0
1900683,Argo technical data,3.1,1.2,AO,20210428203909,20210428203909,PRESSURE_InternalVacuum_COUNT,68,90.0
1900683,Argo technical data,3.1,1.2,AO,20210428203909,20210428203909,FLAG_System_NUMBER,4,90.0
1900683,Argo technical data,3.1,1.2,AO,20210428203909,20210428203909,PRES_InitialStabilizationDuringDescentToPark_dbar,1800.0,91.0
1900683,Argo technical data,3.1,1.2,AO,20210428203909,20210428203909,PRES_SurfaceOffsetCorrectedNotReset_1cBarResolution_dbar,5.4,91.0
1900683,Argo technical data,3.1,1.2,AO,20210428203909,20210428203909,NUMBER_ProfileSamples_COUNT,78,91.0
1900683,Argo technical data,3.1,1.2,AO,20210428203909,20210428203909,VOLTAGE_BatteryCPU_volts,6.7,91.0
1900683,Argo technical data,3.1,1.2,AO,20210428203909,20210428203909,VOLTAGE_Aux_volts,14.4,91.0
1900683,Argo technical data,3.1,1.2,AO,20210428203909,20210428203909,PRESSURE_InternalVacuum_COUNT,68,91.0
1900683,Argo technical data,3.1,1.2,AO,20210428203909,20210428203909,FLAG_System_NUMBER,4,91.0
1900683,Argo technical data,3.1,1.2,AO,20210428203909,20210428203909,PRES_InitialStabilizationDuringDescentToPark_dbar,1800.0,92.0
1900683,Argo technical data,3.1,1.2,AO,20210428203909,20210428203909,PRES_SurfaceOffsetCorrectedNotReset_1cBarResolution_dbar,5.3,92.0
1900683,Argo technical data,3.1,1.2,AO,20210428203909,20210428203909,NUMBER_ProfileSamples_COUNT,78,92.0
1900683,Argo technical data,3.1,1.2,AO,20210428203909,20210428203909,VOLTAGE_BatteryCPU_volts,6.7,92.0
1900683,Argo technical data,3.1,1.2,AO,20210428203909,20210428203909,VOLTAGE_Aux_volts,14.4,92.0
1900683,Argo technical data,3.1,1.2,AO,20210428203909,20210428203909,PRESSURE_InternalVacuum_COUNT,69,92.0
1900683,Argo technical data,3.1,1.2,AO,20210428203909,20210428203909,FLAG_System_NUMBER,4,92.0
1900683,Argo technical data,3.1,1.2,AO,20210428203909,20210428203909,PRES_InitialStabilizationDuringDescentToPark_dbar,1800.0,93.0
1900683,Argo technical data,3.1,1.2,AO,20210428203909,20210428203909,PRES_SurfaceOffsetCorrectedNotReset_1cBarResolution_dbar,5.3,93.0
1900683,Argo technical data,3.1,1.2,AO,20210428203909,20210428203909,NUMBER_ProfileSamples_COUNT,78,93.0
1900683,Argo technical data,3.1,1.2,AO,20210428203909,20210428203909,VOLTAGE_BatteryCPU_volts,6.7,93.0
1900683,Argo technical data,3.1,1.2,AO,20210428203909,20210428203909,VOLTAGE_Aux_volts,14.4,93.0
1900683,Argo technical data,3.1,1.2,AO,20210428203909,20210428203909,PRESSURE_InternalVacuum_COUNT,69,93.0
1900683,Argo technical data,3.1,1.2,AO,20210428203909,20210428203909,FLAG_System_NUMBER,4,93.0
1900683,Argo technical data,3.1,1.2,AO,20210428203909,20210428203909,PRES_InitialStabilizationDuringDescentToPark_dbar,1800.0,94.0
1900683,Argo technical data,3.1,1.2,AO,20210428203909,20210428203909,PRES_SurfaceOffsetCorrectedNotReset_1cBarResolution_dbar,5.3,94.0
1900683,Argo technical data,3.1,1.2,AO,20210428203909,20210428203909,NUMBER_ProfileSamples_COUNT,78,94.0
1900683,Argo technical data,3.1,1.2,AO,20210428203909,20210428203909,VOLTAGE_BatteryCPU_volts,6.7,94.0
1900683,Argo technical data,3.1,1.2,AO,20210428203909,20210428203909,VOLTAGE_Aux_volts,14.4,94.0
1900683,Argo technical data,3.1,1.2,AO,20210428203909,20210428203909,PRESSURE_InternalVacuum_COUNT,69,94.0
1900683,Argo technical data,3.1,1.2,AO,20210428203909,20210428203909,FLAG_System_NUMBER,4,94.0
1900683,Argo technical data,3.1,1.2,AO,20210428203909,20210428203909,PRES_InitialStabilizationDuringDescentToPark_dbar,1800.0,95.0
1900683,Argo technical data,3.1,1.2,AO,20210428203909,20210428203909,PRES_SurfaceOffsetCorrectedNotReset_1cBarResolution_dbar,5.3,95.0
1900683,Argo technical data,3.1,1.2,AO,20210428203909,20210428203909,NUMBER_ProfileSamples_COUNT,78,95.0
1900683,Argo technical data,3.1,1.2,AO,20210428203909,20210428203909,VOLTAGE_BatteryCPU_volts,6.7,95.0
1900683,Argo technical data,3.1,1.2,AO,20210428203909,20210428203909,VOLTAGE_Aux_volts,14.4,95.0
1900683,Argo technical data,3.1,1.2,AO,20210428203909,20210428203909,PRESSURE_InternalVacuum_COUNT,69,95.0
1900683,Argo technical data,3.1,1.2,AO,20210428203909,20210428203909,FLAG_System_NUMBER,4,95.0
1900683,Argo technical data,3.1,1.2,AO,20210428203909,20210428203909,PRES_InitialStabilizationDuringDescentToPark_dbar,1800.0,96.0
1900683,Argo technical data,3.1,1.2,AO,20210428203909,20210428203909,PRES_SurfaceOffsetCorrectedNotReset_1cBarResolution_dbar,5.3,96.0
1900683,Argo technical data,3.1,1.2,AO,20210428203909,20210428203909,NUMBER_ProfileSamples_COUNT,78,96.0
1900683,Argo technical data,3.1,1.2,AO,20210428203909,20210428203909,VOLTAGE_BatteryCPU_volts,6.7,96.0
1900683,Argo technical data,3.1,1.2,AO,20210428203909,20210428203909,VOLTAGE_Aux_volts,14.4,96.0
1900683,Argo technical data,3.1,1.2,AO,20210428203909,20210428203909,PRESSURE_InternalVacuum_COUNT,68,96.0
1900683,Argo technical data,3.1,1.2,AO,20210428203909,20210428203909,FLAG_System_NUMBER,4,96.0
1900683,Argo technical data,3.1,1.2,AO,20210428203909,20210428203909,PRES_InitialStabilizationDuringDescentToPark_dbar,1800.0,97.0
1900683,Argo technical data,3.1,1.2,AO,20210428203909,20210428203909,PRES_SurfaceOffsetCorrectedNotReset_1cBarResolution_dbar,5.3,97.0
1900683,Argo technical data,3.1,1.2,AO,20210428203909,20210428203909,NUMBER_ProfileSamples_COUNT,78,97.0
1900683,Argo technical data,3.1,1.2,AO,20210428203909,20210428203909,VOLTAGE_BatteryCPU_volts,6.7,97.0
1900683,Argo technical data,3.1,1.2,AO,20210428203909,20210428203909,VOLTAGE_Aux_volts,14.4,97.0
1900683,Argo technical data,3.1,1.2,AO,20210428203909,20210428203909,PRESSURE_InternalVacuum_COUNT,68,97.0
1900683,Argo technical data,3.1,1.2,AO,20210428203909,20210428203909,FLAG_System_NUMBER,4,97.0
1900683,Argo technical data,3.1,1.2,AO,20210428203909,20210428203909,PRES_InitialStabilizationDuringDescentToPark_dbar,1800.0,98.0
1900683,Argo technical data,3.1,1.2,AO,20210428203909,20210428203909,PRES_SurfaceOffsetCorrectedNotReset_1cBarResolution_dbar,5.3,98.0
1900683,Argo technical data,3.1,1.2,AO,20210428203909,20210428203909,NUMBER_ProfileSamples_COUNT,78,98.0
1900683,Argo technical data,3.1,1.2,AO,20210428203909,20210428203909,VOLTAGE_BatteryCPU_volts,6.7,98.0
1900683,Argo technical data,3.1,1.2,AO,20210428203909,20210428203909,VOLTAGE_Aux_volts,14.4,98.0
1900683,Argo technical data,3.1,1.2,AO,20210428203909,20210428203909,PRESSURE_InternalVacuum_COUNT,68,98.0
1900683,Argo technical data,3.1,1.2,AO,20210428203909,20210428203909,FLAG_System_NUMBER,4,98.0
1900683,Argo technical data,3.1,1.2,AO,20210428203909,20210428203909,PRES_InitialStabilizationDuringDescentToPark_dbar,1800.0,99.0
1900683,Argo technical data,3.1,1.2,AO,20210428203909,20210428203909,PRES_SurfaceOffsetCorrectedNotReset_1cBarResolution_dbar,5.3,99.0
1900683,Argo technical data,3.1,1.2,AO,20210428203909,20210428203909,NUMBER_ProfileSamples_COUNT,78,99.0
1900683,Argo technical data,3.1,1.2,AO,20210428203909,20210428203909,VOLTAGE_BatteryCPU_volts,6.7,99.0
1900683,Argo technical data,3.1,1.2,AO,20210428203909,20210428203909,VOLTAGE_Aux_volts,14.4,99.0
1900683,Argo technical data,3.1,1.2,AO,20210428203909,20210428203909,PRESSURE_InternalVacuum_COUNT,68,99.0
1900683,Argo technical data,3.1,1.2,AO,20210428203909,20210428203909,FLAG_System_NUMBER,4,99.0
1900683,Argo technical data,3.1,1.2,AO,20210428203909,20210428203909,PRES_InitialStabilizationDuringDescentToPark_dbar,1800.0,100.0
1900683,Argo technical data,3.1,1.2,AO,20210428203909,20210428203909,PRES_SurfaceOffsetCorrectedNotReset_1cBarResolution_dbar,5.4,100.0
1900683,Argo technical data,3.1,1.2,AO,20210428203909,20210428203909,NUMBER_ProfileSamples_COUNT,78,100.0
1900683,Argo technical data,3.1,1.2,AO,20210428203909,20210428203909,VOLTAGE_BatteryCPU_volts,6.7,100.0
1900683,Argo technical data,3.1,1.2,AO,20210428203909,20210428203909,VOLTAGE_Aux_volts,14.4,100.0
1900683,Argo technical data,3.1,1.2,AO,20210428203909,20210428203909,PRESSURE_InternalVacuum_COUNT,69,100.0
1900683,Argo technical data,3.1,1.2,AO,20210428203909,20210428203909,FLAG_System_NUMBER,4,100.0
1900683,Argo technical data,3.1,1.2,AO,20210428203909,20210428203909,PRES_InitialStabilizationDuringDescentToPark_dbar,1800.0,101.0
1900683,Argo technical data,3.1,1.2,AO,20210428203909,20210428203909,PRES_SurfaceOffsetCorrectedNotReset_1cBarResolution_dbar,5.4,101.0
1900683,Argo technical data,3.1,1.2,AO,20210428203909,20210428203909,NUMBER_ProfileSamples_COUNT,78,101.0
1900683,Argo technical data,3.1,1.2,AO,20210428203909,20210428203909,VOLTAGE_BatteryCPU_volts,6.7,101.0
1900683,Argo technical data,3.1,1.2,AO,20210428203909,20210428203909,VOLTAGE_Aux_volts,14.4,101.0
1900683,Argo technical data,3.1,1.2,AO,20210428203909,20210428203909,PRESSURE_InternalVacuum_COUNT,68,101.0
1900683,Argo technical data,3.1,1.2,AO,20210428203909,20210428203909,FLAG_System_NUMBER,4,101.0
1900683,Argo technical data,3.1,1.2,AO,20210428203909,20210428203909,PRES_InitialStabilizationDuringDescentToPark_dbar,1800.0,102.0
1900683,Argo technical data,3.1,1.2,AO,20210428203909,20210428203909,PRES_SurfaceOffsetCorrectedNotReset_1cBarResolution_dbar,5.4,102.0
1900683,Argo technical data,3.1,1.2,AO,20210428203909,20210428203909,NUMBER_ProfileSamples_COUNT,78,102.0
1900683,Argo technical data,3.1,1.2,AO,20210428203909,20210428203909,VOLTAGE_BatteryCPU_volts,6.7,102.0
1900683,Argo technical data,3.1,1.2,AO,20210428203909,20210428203909,VOLTAGE_Aux_volts,14.4,102.0
1900683,Argo technical data,3.1,1.2,AO,20210428203909,20210428203909,PRESSURE_InternalVacuum_COUNT,68,102.0
1900683,Argo technical data,3.1,1.2,AO,20210428203909,20210428203909,FLAG_System_NUMBER,4,102.0
1900683,Argo technical data,3.1,1.2,AO,20210428203909,20210428203909,PRES_InitialStabilizationDuringDescentToPark_dbar,1800.0,103.0
1900683,Argo technical data,3.1,1.2,AO,20210428203909,20210428203909,PRES_SurfaceOffsetCorrectedNotReset_1cBarResolution_dbar,5.3,103.0
1900683,Argo technical data,3.1,1.2,AO,20210428203909,20210428203909,NUMBER_ProfileSamples_COUNT,78,103.0
1900683,Argo technical data,3.1,1.2,AO,20210428203909,20210428203909,VOLTAGE_BatteryCPU_volts,6.7,103.0
1900683,Argo technical data,3.1,1.2,AO,20210428203909,20210428203909,VOLTAGE_Aux_volts,14.4,103.0
1900683,Argo technical data,3.1,1.2,AO,20210428203909,20210428203909,PRESSURE_InternalVacuum_COUNT,68,103.0
1900683,Argo technical data,3.1,1.2,AO,20210428203909,20210428203909,FLAG_System_NUMBER,4,103.0
1900683,Argo technical data,3.1,1.2,AO,20210428203909,20210428203909,PRES_InitialStabilizationDuringDescentToPark_dbar,1800.0,104.0
1900683,Argo technical data,3.1,1.2,AO,20210428203909,20210428203909,PRES_SurfaceOffsetCorrectedNotReset_1cBarResolution_dbar,5.4,104.0
1900683,Argo technical data,3.1,1.2,AO,20210428203909,20210428203909,NUMBER_ProfileSamples_COUNT,78,104.0
1900683,Argo technical data,3.1,1.2,AO,20210428203909,20210428203909,VOLTAGE_BatteryCPU_volts,6.7,104.0
1900683,Argo technical data,3.1,1.2,AO,20210428203909,20210428203909,VOLTAGE_Aux_volts,14.4,104.0
1900683,Argo technical data,3.1,1.2,AO,20210428203909,20210428203909,PRESSURE_InternalVacuum_COUNT,68,104.0
1900683,Argo technical data,3.1,1.2,AO,20210428203909,20210428203909,FLAG_System_NUMBER,4,104.0
1900683,Argo technical data,3.1,1.2,AO,20210428203909,20210428203909,PRES_InitialStabilizationDuringDescentToPark_dbar,1800.0,105.0
1900683,Argo technical data,3.1,1.2,AO,20210428203909,20210428203909,PRES_SurfaceOffsetCorrectedNotReset_1cBarResolution_dbar,5.3,105.0
1900683,Argo technical data,3.1,1.2,AO,20210428203909,20210428203909,NUMBER_ProfileSamples_COUNT,78,105.0
1900683,Argo technical data,3.1,1.2,AO,20210428203909,20210428203909,VOLTAGE_BatteryCPU_volts,6.7,105.0
1900683,Argo technical data,3.1,1.2,AO,20210428203909,20210428203909,VOLTAGE_Aux_volts,14.4,105.0
1900683,Argo technical data,3.1,1.2,AO,20210428203909,20210428203909,PRESSURE_InternalVacuum_COUNT,68,105.0
1900683,Argo technical data,3.1,1.2,AO,20210428203909,20210428203909,FLAG_System_NUMBER,4,105.0
1900683,Argo technical data,3.1,1.2,AO,20210428203909,20210428203909,PRES_InitialStabilizationDuringDescentToPark_dbar,1800.0,106.0
1900683,Argo technical data,3.1,1.2,AO,20210428203909,20210428203909,PRES_SurfaceOffsetCorrectedNotReset_1cBarResolution_dbar,5.3,106.0
1900683,Argo technical data,3.1,1.2,AO,20210428203909,20210428203909,NUMBER_ProfileSamples_COUNT,78,106.0
1900683,Argo technical data,3.1,1.2,AO,20210428203909,20210428203909,VOLTAGE_BatteryCPU_volts,6.7,106.0
1900683,Argo technical data,3.1,1.2,AO,20210428203909,20210428203909,VOLTAGE_Aux_volts,14.4,106.0
1900683,Argo technical data,3.1,1.2,AO,20210428203909,20210428203909,PRESSURE_InternalVacuum_COUNT,68,106.0
1900683,Argo technical data,3.1,1.2,AO,20210428203909,20210428203909,FLAG_System_NUMBER,4,106.0
1900683,Argo technical data,3.1,1.2,AO,20210428203909,20210428203909,PRES_InitialStabilizationDuringDescentToPark_dbar,1800.0,107.0
1900683,Argo technical data,3.1,1.2,AO,20210428203909,20210428203909,PRES_SurfaceOffsetCorrectedNotReset_1cBarResolution_dbar,5.3,107.0
1900683,Argo technical data,3.1,1.2,AO,20210428203909,20210428203909,NUMBER_ProfileSamples_COUNT,78,107.0
1900683,Argo technical data,3.1,1.2,AO,20210428203909,20210428203909,VOLTAGE_BatteryCPU_volts,6.7,107.0
1900683,Argo technical data,3.1,1.2,AO,20210428203909,20210428203909,VOLTAGE_Aux_volts,14.4,107.0
1900683,Argo technical data,3.1,1.2,AO,20210428203909,20210428203909,PRESSURE_InternalVacuum_COUNT,68,107.0
1900683,Argo technical data,3.1,1.2,AO,20210428203909,20210428203909,FLAG_System_NUMBER,4,107.0
1900683,Argo technical data,3.1,1.2,AO,20210428203909,20210428203909,PRES_InitialStabilizationDuringDescentToPark_dbar,1800.0,108.0
1900683,Argo technical data,3.1,1.2,AO,20210428203909,20210428203909,PRES_SurfaceOffsetCorrectedNotReset_1cBarResolution_dbar,5.3,108.0
1900683,Argo technical data,3.1,1.2,AO,20210428203909,20210428203909,NUMBER_ProfileSamples_COUNT,78,108.0
1900683,Argo technical data,3.1,1.2,AO,20210428203909,20210428203909,VOLTAGE_BatteryCPU_volts,6.7,108.0
1900683,Argo technical data,3.1,1.2,AO,20210428203909,20210428203909,VOLTAGE_Aux_volts,14.4,108.0
1900683,Argo technical data,3.1,1.2,AO,20210428203909,20210428203909,PRESSURE_InternalVacuum_COUNT,68,108.0
1900683,Argo technical data,3.1,1.2,AO,20210428203909,20210428203909,FLAG_System_NUMBER,4,108.0
1900683,Argo technical data,3.1,1.2,AO,20210428203909,20210428203909,PRES_InitialStabilizationDuringDescentToPark_dbar,1800.0,109.0
1900683,Argo technical data,3.1,1.2,AO,20210428203909,20210428203909,PRES_SurfaceOffsetCorrectedNotReset_1cBarResolution_dbar,5.3,109.0
1900683,Argo technical data,3.1,1.2,AO,20210428203909,20210428203909,NUMBER_ProfileSamples_COUNT,78,109.0
1900683,Argo technical data,3.1,1.2,AO,20210428203909,20210428203909,VOLTAGE_BatteryCPU_volts,6.7,109.0
1900683,Argo technical data,3.1,1.2,AO,20210428203909,20210428203909,VOLTAGE_Aux_volts,14.4,109.0
1900683,Argo technical data,3.1,1.2,AO,20210428203909,20210428203909,PRESSURE_InternalVacuum_COUNT,68,109.0
1900683,Argo technical data,3.1,1.2,AO,20210428203909,20210428203909,FLAG_System_NUMBER,4,109.0
1900683,Argo technical data,3.1,1.2,AO,20210428203909,20210428203909,PRES_InitialStabilizationDuringDescentToPark_dbar,1800.0,110.0
1900683,Argo technical data,3.1,1.2,AO,20210428203909,20210428203909,PRES_SurfaceOffsetCorrectedNotReset_1cBarResolution_dbar,5.3,110.0
1900683,Argo technical data,3.1,1.2,AO,20210428203909,20210428203909,NUMBER_ProfileSamples_COUNT,78,110.0
1900683,Argo technical data,3.1,1.2,AO,20210428203909,20210428203909,VOLTAGE_BatteryCPU_volts,6.7,110.0
1900683,Argo technical data,3.1,1.2,AO,20210428203909,20210428203909,VOLTAGE_Aux_volts,14.4,110.0
1900683,Argo technical data,3.1,1.2,AO,20210428203909,20210428203909,PRESSURE_InternalVacuum_COUNT,68,110.0
1900683,Argo technical data,3.1,1.2,AO,20210428203909,20210428203909,FLAG_System_NUMBER,4,110.0
1900683,Argo technical data,3.1,1.2,AO,20210428203909,20210428203909,PRES_InitialStabilizationDuringDescentToPark_dbar,0.0,111.0
1900683,Argo technical data,3.1,1.2,AO,20210428203909,20210428203909,PRES_SurfaceOffsetCorrectedNotReset_1cBarResolution_dbar,0.1,111.0
1900683,Argo technical data,3.1,1.2,AO,20210428203909,20210428203909,NUMBER_ProfileSamples_COUNT,65535,111.0
1900683,Argo technical data,3.1,1.2,AO,20210428203909,20210428203909,VOLTAGE_BatteryCPU_volts,6.8,111.0
1900683,Argo technical data,3.1,1.2,AO,20210428203909,20210428203909,VOLTAGE_Aux_volts,14.4,111.0
1900683,Argo technical data,3.1,1.2,AO,20210428203909,20210428203909,PRESSURE_InternalVacuum_COUNT,68,111.0
1900683,Argo technical data,3.1,1.2,AO,20210428203909,20210428203909,FLAG_System_NUMBER,4,111.0
1900683,Argo technical data,3.1,1.2,AO,20210428203909,20210428203909,PRES_InitialStabilizationDuringDescentToPark_dbar,1800.0,112.0
1900683,Argo technical data,3.1,1.2,AO,20210428203909,20210428203909,PRES_SurfaceOffsetCorrectedNotReset_1cBarResolution_dbar,5.3,112.0
1900683,Argo technical data,3.1,1.2,AO,20210428203909,20210428203909,NUMBER_ProfileSamples_COUNT,78,112.0
1900683,Argo technical data,3.1,1.2,AO,20210428203909,20210428203909,VOLTAGE_BatteryCPU_volts,6.7,112.0
1900683,Argo technical data,3.1,1.2,AO,20210428203909,20210428203909,VOLTAGE_Aux_volts,14.4,112.0
1900683,Argo technical data,3.1,1.2,AO,20210428203909,20210428203909,PRESSURE_InternalVacuum_COUNT,68,112.0
1900683,Argo technical data,3.1,1.2,AO,20210428203909,20210428203909,FLAG_System_NUMBER,4,112.0
1900683,Argo technical data,3.1,1.2,AO,20210428203909,20210428203909,PRES_InitialStabilizationDuringDescentToPark_dbar,0.0,113.0
1900683,Argo technical data,3.1,1.2,AO,20210428203909,20210428203909,PRES_SurfaceOffsetCorrectedNotReset_1cBarResolution_dbar,0.1,113.0
1900683,Argo technical data,3.1,1.2,AO,20210428203909,20210428203909,NUMBER_ProfileSamples_COUNT,65535,113.0
1900683,Argo technical data,3.1,1.2,AO,20210428203909,20210428203909,VOLTAGE_BatteryCPU_volts,6.8,113.0
1900683,Argo technical data,3.1,1.2,AO,20210428203909,20210428203909,VOLTAGE_Aux_volts,14.4,113.0
1900683,Argo technical data,3.1,1.2,AO,20210428203909,20210428203909,PRESSURE_InternalVacuum_COUNT,68,113.0
1900683,Argo technical data,3.1,1.2,AO,20210428203909,20210428203909,FLAG_System_NUMBER,4,113.0
1900683,Argo technical data,3.1,1.2,AO,20210428203909,20210428203909,PRES_InitialStabilizationDuringDescentToPark_dbar,1800.0,114.0
1900683,Argo technical data,3.1,1.2,AO,20210428203909,20210428203909,PRES_SurfaceOffsetCorrectedNotReset_1cBarResolution_dbar,5.3,114.0
1900683,Argo technical data,3.1,1.2,AO,20210428203909,20210428203909,NUMBER_ProfileSamples_COUNT,78,114.0
1900683,Argo technical data,3.1,1.2,AO,20210428203909,20210428203909,VOLTAGE_BatteryCPU_volts,6.7,114.0
1900683,Argo technical data,3.1,1.2,AO,20210428203909,20210428203909,VOLTAGE_Aux_volts,14.4,114.0
1900683,Argo technical data,3.1,1.2,AO,20210428203909,20210428203909,PRESSURE_InternalVacuum_COUNT,68,114.0
1900683,Argo technical data,3.1,1.2,AO,20210428203909,20210428203909,FLAG_System_NUMBER,4,114.0
1900683,Argo technical data,3.1,1.2,AO,20210428203909,20210428203909,PRES_InitialStabilizationDuringDescentToPark_dbar,1800.0,115.0
1900683,Argo technical data,3.1,1.2,AO,20210428203909,20210428203909,PRES_SurfaceOffsetCorrectedNotReset_1cBarResolution_dbar,5.3,115.0
1900683,Argo technical data,3.1,1.2,AO,20210428203909,20210428203909,NUMBER_ProfileSamples_COUNT,78,115.0
1900683,Argo technical data,3.1,1.2,AO,20210428203909,20210428203909,VOLTAGE_BatteryCPU_volts,6.8,115.0
1900683,Argo technical data,3.1,1.2,AO,20210428203909,20210428203909,VOLTAGE_Aux_volts,14.4,115.0
1900683,Argo technical data,3.1,1.2,AO,20210428203909,20210428203909,PRESSURE_InternalVacuum_COUNT,68,115.0
1900683,Argo technical data,3.1,1.2,AO,20210428203909,20210428203909,FLAG_System_NUMBER,4,115.0
1900683,Argo technical data,3.1,1.2,AO,20210428203909,20210428203909,PRES_InitialStabilizationDuringDescentToPark_dbar,1800.0,116.0
1900683,Argo technical data,3.1,1.2,AO,20210428203909,20210428203909,PRES_SurfaceOffsetCorrectedNotReset_1cBarResolution_dbar,5.3,116.0
1900683,Argo technical data,3.1,1.2,AO,20210428203909,20210428203909,NUMBER_ProfileSamples_COUNT,78,116.0
1900683,Argo technical data,3.1,1.2,AO,20210428203909,20210428203909,VOLTAGE_BatteryCPU_volts,6.8,116.0
1900683,Argo technical data,3.1,1.2,AO,20210428203909,20210428203909,VOLTAGE_Aux_volts,14.4,116.0
1900683,Argo technical data,3.1,1.2,AO,20210428203909,20210428203909,PRESSURE_InternalVacuum_COUNT,68,116.0
1900683,Argo technical data,3.1,1.2,AO,20210428203909,20210428203909,FLAG_System_NUMBER,4,116.0
1900683,Argo technical data,3.1,1.2,AO,20210428203909,20210428203909,PRES_InitialStabilizationDuringDescentToPark_dbar,1800.0,117.0
1900683,Argo technical data,3.1,1.2,AO,20210428203909,20210428203909,PRES_SurfaceOffsetCorrectedNotReset_1cBarResolution_dbar,5.3,117.0
1900683,Argo technical data,3.1,1.2,AO,20210428203909,20210428203909,NUMBER_ProfileSamples_COUNT,78,117.0
1900683,Argo technical data,3.1,1.2,AO,20210428203909,20210428203909,VOLTAGE_BatteryCPU_volts,6.7,117.0
1900683,Argo technical data,3.1,1.2,AO,20210428203909,20210428203909,VOLTAGE_Aux_volts,14.4,117.0
1900683,Argo technical data,3.1,1.2,AO,20210428203909,20210428203909,PRESSURE_InternalVacuum_COUNT,68,117.0
1900683,Argo technical data,3.1,1.2,AO,20210428203909,20210428203909,FLAG_System_NUMBER,4,117.0
1900683,Argo technical data,3.1,1.2,AO,20210428203909,20210428203909,PRES_InitialStabilizationDuringDescentToPark_dbar,1800.0,118.0
1900683,Argo technical data,3.1,1.2,AO,20210428203909,20210428203909,PRES_SurfaceOffsetCorrectedNotReset_1cBarResolution_dbar,5.4,118.0
1900683,Argo technical data,3.1,1.2,AO,20210428203909,20210428203909,NUMBER_ProfileSamples_COUNT,78,118.0
1900683,Argo technical data,3.1,1.2,AO,20210428203909,20210428203909,VOLTAGE_BatteryCPU_volts,6.7,118.0
1900683,Argo technical data,3.1,1.2,AO,20210428203909,20210428203909,VOLTAGE_Aux_volts,14.4,118.0
1900683,Argo technical data,3.1,1.2,AO,20210428203909,20210428203909,PRESSURE_InternalVacuum_COUNT,68,118.0
1900683,Argo technical data,3.1,1.2,AO,20210428203909,20210428203909,FLAG_System_NUMBER,4,118.0
1900683,Argo technical data,3.1,1.2,AO,20210428203909,20210428203909,PRES_InitialStabilizationDuringDescentToPark_dbar,0.0,119.0
1900683,Argo technical data,3.1,1.2,AO,20210428203909,20210428203909,PRES_SurfaceOffsetCorrectedNotReset_1cBarResolution_dbar,0.1,119.0
1900683,Argo technical data,3.1,1.2,AO,20210428203909,20210428203909,NUMBER_ProfileSamples_COUNT,65535,119.0
1900683,Argo technical data,3.1,1.2,AO,20210428203909,20210428203909,VOLTAGE_BatteryCPU_volts,6.8,119.0
1900683,Argo technical data,3.1,1.2,AO,20210428203909,20210428203909,VOLTAGE_Aux_volts,14.4,119.0
1900683,Argo technical data,3.1,1.2,AO,20210428203909,20210428203909,PRESSURE_InternalVacuum_COUNT,68,119.0
1900683,Argo technical data,3.1,1.2,AO,20210428203909,20210428203909,FLAG_System_NUMBER,4,119.0
1900683,Argo technical data,3.1,1.2,AO,20210428203909,20210428203909,PRES_InitialStabilizationDuringDescentToPark_dbar,0.0,120.0
1900683,Argo technical data,3.1,1.2,AO,20210428203909,20210428203909,PRES_SurfaceOffsetCorrectedNotReset_1cBarResolution_dbar,0.1,120.0
1900683,Argo technical data,3.1,1.2,AO,20210428203909,20210428203909,NUMBER_ProfileSamples_COUNT,65535,120.0
1900683,Argo technical data,3.1,1.2,AO,20210428203909,20210428203909,VOLTAGE_BatteryCPU_volts,6.8,120.0
1900683,Argo technical data,3.1,1.2,AO,20210428203909,20210428203909,VOLTAGE_Aux_volts,14.3,120.0
1900683,Argo technical data,3.1,1.2,AO,20210428203909,20210428203909,PRESSURE_InternalVacuum_COUNT,68,120.0
1900683,Argo technical data,3.1,1.2,AO,20210428203909,20210428203909,FLAG_System_NUMBER,4,120.0
1900683,Argo technical data,3.1,1.2,AO,20210428203909,20210428203909,PRES_InitialStabilizationDuringDescentToPark_dbar,1800.0,121.0
1900683,Argo technical data,3.1,1.2,AO,20210428203909,20210428203909,PRES_SurfaceOffsetCorrectedNotReset_1cBarResolution_dbar,5.3,121.0
1900683,Argo technical data,3.1,1.2,AO,20210428203909,20210428203909,NUMBER_ProfileSamples_COUNT,78,121.0
1900683,Argo technical data,3.1,1.2,AO,20210428203909,20210428203909,VOLTAGE_BatteryCPU_volts,6.7,121.0
1900683,Argo technical data,3.1,1.2,AO,20210428203909,20210428203909,VOLTAGE_Aux_volts,14.4,121.0
1900683,Argo technical data,3.1,1.2,AO,20210428203909,20210428203909,PRESSURE_InternalVacuum_COUNT,68,121.0
1900683,Argo technical data,3.1,1.2,AO,20210428203909,20210428203909,FLAG_System_NUMBER,4,121.0
1900683,Argo technical data,3.1,1.2,AO,20210428203909,20210428203909,PRES_InitialStabilizationDuringDescentToPark_dbar,1800.0,122.0
1900683,Argo technical data,3.1,1.2,AO,20210428203909,20210428203909,PRES_SurfaceOffsetCorrectedNotReset_1cBarResolution_dbar,5.4,122.0
1900683,Argo technical data,3.1,1.2,AO,20210428203909,20210428203909,NUMBER_ProfileSamples_COUNT,78,122.0
1900683,Argo technical data,3.1,1.2,AO,20210428203909,20210428203909,VOLTAGE_BatteryCPU_volts,6.8,122.0
1900683,Argo technical data,3.1,1.2,AO,20210428203909,20210428203909,VOLTAGE_Aux_volts,14.4,122.0
1900683,Argo technical data,3.1,1.2,AO,20210428203909,20210428203909,PRESSURE_InternalVacuum_COUNT,68,122.0
1900683,Argo technical data,3.1,1.2,AO,20210428203909,20210428203909,FLAG_System_NUMBER,4,122.0
1900683,Argo technical data,3.1,1.2,AO,20210428203909,20210428203909,PRES_InitialStabilizationDuringDescentToPark_dbar,1800.0,123.0
1900683,Argo technical data,3.1,1.2,AO,20210428203909,20210428203909,PRES_SurfaceOffsetCorrectedNotReset_1cBarResolution_dbar,5.2,123.0
1900683,Argo technical data,3.1,1.2,AO,20210428203909,20210428203909,NUMBER_ProfileSamples_COUNT,78,123.0
1900683,Argo technical data,3.1,1.2,AO,20210428203909,20210428203909,VOLTAGE_BatteryCPU_volts,6.7,123.0
1900683,Argo technical data,3.1,1.2,AO,20210428203909,20210428203909,VOLTAGE_Aux_volts,14.4,123.0
1900683,Argo technical data,3.1,1.2,AO,20210428203909,20210428203909,PRESSURE_InternalVacuum_COUNT,68,123.0
1900683,Argo technical data,3.1,1.2,AO,20210428203909,20210428203909,FLAG_System_NUMBER,4,123.0
1900683,Argo technical data,3.1,1.2,AO,20210428203909,20210428203909,PRES_InitialStabilizationDuringDescentToPark_dbar,1800.0,124.0
1900683,Argo technical data,3.1,1.2,AO,20210428203909,20210428203909,PRES_SurfaceOffsetCorrectedNotReset_1cBarResolution_dbar,5.4,124.0
1900683,Argo technical data,3.1,1.2,AO,20210428203909,20210428203909,NUMBER_ProfileSamples_COUNT,78,124.0
1900683,Argo technical data,3.1,1.2,AO,20210428203909,20210428203909,VOLTAGE_BatteryCPU_volts,6.7,124.0
1900683,Argo technical data,3.1,1.2,AO,20210428203909,20210428203909,VOLTAGE_Aux_volts,14.4,124.0
1900683,Argo technical data,3.1,1.2,AO,20210428203909,20210428203909,PRESSURE_InternalVacuum_COUNT,67,124.0
1900683,Argo technical data,3.1,1.2,AO,20210428203909,20210428203909,FLAG_System_NUMBER,4,124.0
1900683,Argo technical data,3.1,1.2,AO,20210428203909,20210428203909,PRES_InitialStabilizationDuringDescentToPark_dbar,0.1,125.0
1900683,Argo technical data,3.1,1.2,AO,20210428203909,20210428203909,PRES_SurfaceOffsetCorrectedNotReset_1cBarResolution_dbar,0.1,125.0
1900683,Argo technical data,3.1,1.2,AO,20210428203909,20210428203909,NUMBER_ProfileSamples_COUNT,65535,125.0
1900683,Argo technical data,3.1,1.2,AO,20210428203909,20210428203909,VOLTAGE_BatteryCPU_volts,6.7,125.0
1900683,Argo technical data,3.1,1.2,AO,20210428203909,20210428203909,VOLTAGE_Aux_volts,14.3,125.0
1900683,Argo technical data,3.1,1.2,AO,20210428203909,20210428203909,PRESSURE_InternalVacuum_COUNT,68,125.0
1900683,Argo technical data,3.1,1.2,AO,20210428203909,20210428203909,FLAG_System_NUMBER,4,125.0
1900683,Argo technical data,3.1,1.2,AO,20210428203909,20210428203909,PRES_InitialStabilizationDuringDescentToPark_dbar,1800.0,126.0
1900683,Argo technical data,3.1,1.2,AO,20210428203909,20210428203909,PRES_SurfaceOffsetCorrectedNotReset_1cBarResolution_dbar,5.4,126.0
1900683,Argo technical data,3.1,1.2,AO,20210428203909,20210428203909,NUMBER_ProfileSamples_COUNT,78,126.0
1900683,Argo technical data,3.1,1.2,AO,20210428203909,20210428203909,VOLTAGE_BatteryCPU_volts,6.7,126.0
1900683,Argo technical data,3.1,1.2,AO,20210428203909,20210428203909,VOLTAGE_Aux_volts,14.4,126.0
1900683,Argo technical data,3.1,1.2,AO,20210428203909,20210428203909,PRESSURE_InternalVacuum_COUNT,68,126.0
1900683,Argo technical data,3.1,1.2,AO,20210428203909,20210428203909,FLAG_System_NUMBER,4,126.0
1900683,Argo technical data,3.1,1.2,AO,20210428203909,20210428203909,PRES_InitialStabilizationDuringDescentToPark_dbar,1800.0,127.0
1900683,Argo technical data,3.1,1.2,AO,20210428203909,20210428203909,PRES_SurfaceOffsetCorrectedNotReset_1cBarResolution_dbar,5.4,127.0
1900683,Argo technical data,3.1,1.2,AO,20210428203909,20210428203909,NUMBER_ProfileSamples_COUNT,78,127.0
1900683,Argo technical data,3.1,1.2,AO,20210428203909,20210428203909,VOLTAGE_BatteryCPU_volts,6.7,127.0
1900683,Argo technical data,3.1,1.2,AO,20210428203909,20210428203909,VOLTAGE_Aux_volts,14.4,127.0
1900683,Argo technical data,3.1,1.2,AO,20210428203909,20210428203909,PRESSURE_InternalVacuum_COUNT,67,127.0
1900683,Argo technical data,3.1,1.2,AO,20210428203909,20210428203909,FLAG_System_NUMBER,4,127.0
1900683,Argo technical data,3.1,1.2,AO,20210428203909,20210428203909,PRES_InitialStabilizationDuringDescentToPark_dbar,1800.0,128.0
1900683,Argo technical data,3.1,1.2,AO,20210428203909,20210428203909,PRES_SurfaceOffsetCorrectedNotReset_1cBarResolution_dbar,5.3,128.0
1900683,Argo technical data,3.1,1.2,AO,20210428203909,20210428203909,NUMBER_ProfileSamples_COUNT,78,128.0
1900683,Argo technical data,3.1,1.2,AO,20210428203909,20210428203909,VOLTAGE_BatteryCPU_volts,6.7,128.0
1900683,Argo technical data,3.1,1.2,AO,20210428203909,20210428203909,VOLTAGE_Aux_volts,14.4,128.0
1900683,Argo technical data,3.1,1.2,AO,20210428203909,20210428203909,PRESSURE_InternalVacuum_COUNT,68,128.0
1900683,Argo technical data,3.1,1.2,AO,20210428203909,20210428203909,FLAG_System_NUMBER,4,128.0
1900683,Argo technical data,3.1,1.2,AO,20210428203909,20210428203909,PRES_InitialStabilizationDuringDescentToPark_dbar,1800.0,129.0
1900683,Argo technical data,3.1,1.2,AO,20210428203909,20210428203909,PRES_SurfaceOffsetCorrectedNotReset_1cBarResolution_dbar,5.3,129.0
1900683,Argo technical data,3.1,1.2,AO,20210428203909,20210428203909,NUMBER_ProfileSamples_COUNT,78,129.0
1900683,Argo technical data,3.1,1.2,AO,20210428203909,20210428203909,VOLTAGE_BatteryCPU_volts,6.7,129.0
1900683,Argo technical data,3.1,1.2,AO,20210428203909,20210428203909,VOLTAGE_Aux_volts,14.4,129.0
1900683,Argo technical data,3.1,1.2,AO,20210428203909,20210428203909,PRESSURE_InternalVacuum_COUNT,68,129.0
1900683,Argo technical data,3.1,1.2,AO,20210428203909,20210428203909,FLAG_System_NUMBER,4,129.0
1900683,Argo technical data,3.1,1.2,AO,20210428203909,20210428203909,PRES_InitialStabilizationDuringDescentToPark_dbar,1800.0,130.0
1900683,Argo technical data,3.1,1.2,AO,20210428203909,20210428203909,PRES_SurfaceOffsetCorrectedNotReset_1cBarResolution_dbar,5.3,130.0
1900683,Argo technical data,3.1,1.2,AO,20210428203909,20210428203909,NUMBER_ProfileSamples_COUNT,78,130.0
1900683,Argo technical data,3.1,1.2,AO,20210428203909,20210428203909,VOLTAGE_BatteryCPU_volts,6.7,130.0
1900683,Argo technical data,3.1,1.2,AO,20210428203909,20210428203909,VOLTAGE_Aux_volts,14.4,130.0
1900683,Argo technical data,3.1,1.2,AO,20210428203909,20210428203909,PRESSURE_InternalVacuum_COUNT,67,130.0
1900683,Argo technical data,3.1,1.2,AO,20210428203909,20210428203909,FLAG_System_NUMBER,4,130.0
1900683,Argo technical data,3.1,1.2,AO,20210428203909,20210428203909,PRES_InitialStabilizationDuringDescentToPark_dbar,1800.0,131.0
1900683,Argo technical data,3.1,1.2,AO,20210428203909,20210428203909,PRES_SurfaceOffsetCorrectedNotReset_1cBarResolution_dbar,5.4,131.0
1900683,Argo technical data,3.1,1.2,AO,20210428203909,20210428203909,NUMBER_ProfileSamples_COUNT,78,131.0
1900683,Argo technical data,3.1,1.2,AO,20210428203909,20210428203909,VOLTAGE_BatteryCPU_volts,6.7,131.0
1900683,Argo technical data,3.1,1.2,AO,20210428203909,20210428203909,VOLTAGE_Aux_volts,14.4,131.0
1900683,Argo technical data,3.1,1.2,AO,20210428203909,20210428203909,PRESSURE_InternalVacuum_COUNT,68,131.0
1900683,Argo technical data,3.1,1.2,AO,20210428203909,20210428203909,FLAG_System_NUMBER,4,131.0
1900683,Argo technical data,3.1,1.2,AO,20210428203909,20210428203909,PRES_InitialStabilizationDuringDescentToPark_dbar,1800.0,132.0
1900683,Argo technical data,3.1,1.2,AO,20210428203909,20210428203909,PRES_SurfaceOffsetCorrectedNotReset_1cBarResolution_dbar,5.3,132.0
1900683,Argo technical data,3.1,1.2,AO,20210428203909,20210428203909,NUMBER_ProfileSamples_COUNT,78,132.0
1900683,Argo technical data,3.1,1.2,AO,20210428203909,20210428203909,VOLTAGE_BatteryCPU_volts,6.7,132.0
1900683,Argo technical data,3.1,1.2,AO,20210428203909,20210428203909,VOLTAGE_Aux_volts,14.4,132.0
1900683,Argo technical data,3.1,1.2,AO,20210428203909,20210428203909,PRESSURE_InternalVacuum_COUNT,68,132.0
1900683,Argo technical data,3.1,1.2,AO,20210428203909,20210428203909,FLAG_System_NUMBER,4,132.0
1900683,Argo technical data,3.1,1.2,AO,20210428203909,20210428203909,PRES_InitialStabilizationDuringDescentToPark_dbar,1800.0,133.0
1900683,Argo technical data,3.1,1.2,AO,20210428203909,20210428203909,PRES_SurfaceOffsetCorrectedNotReset_1cBarResolution_dbar,5.3,133.0
1900683,Argo technical data,3.1,1.2,AO,20210428203909,20210428203909,NUMBER_ProfileSamples_COUNT,78,133.0
1900683,Argo technical data,3.1,1.2,AO,20210428203909,20210428203909,VOLTAGE_BatteryCPU_volts,6.7,133.0
1900683,Argo technical data,3.1,1.2,AO,20210428203909,20210428203909,VOLTAGE_Aux_volts,14.4,133.0
1900683,Argo technical data,3.1,1.2,AO,20210428203909,20210428203909,PRESSURE_InternalVacuum_COUNT,68,133.0
1900683,Argo technical data,3.1,1.2,AO,20210428203909,20210428203909,FLAG_System_NUMBER,4,133.0
1900683,Argo technical data,3.1,1.2,AO,20210428203909,20210428203909,PRES_InitialStabilizationDuringDescentToPark_dbar,1800.0,134.0
1900683,Argo technical data,3.1,1.2,AO,20210428203909,20210428203909,PRES_SurfaceOffsetCorrectedNotReset_1cBarResolution_dbar,5.3,134.0
1900683,Argo technical data,3.1,1.2,AO,20210428203909,20210428203909,NUMBER_ProfileSamples_COUNT,78,134.0
1900683,Argo technical data,3.1,1.2,AO,20210428203909,20210428203909,VOLTAGE_BatteryCPU_volts,6.7,134.0
1900683,Argo technical data,3.1,1.2,AO,20210428203909,20210428203909,VOLTAGE_Aux_volts,14.4,134.0
1900683,Argo technical data,3.1,1.2,AO,20210428203909,20210428203909,PRESSURE_InternalVacuum_COUNT,68,134.0
1900683,Argo technical data,3.1,1.2,AO,20210428203909,20210428203909,FLAG_System_NUMBER,4,134.0
1900683,Argo technical data,3.1,1.2,AO,20210428203909,20210428203909,PRES_InitialStabilizationDuringDescentToPark_dbar,1800.0,135.0
1900683,Argo technical data,3.1,1.2,AO,20210428203909,20210428203909,PRES_SurfaceOffsetCorrectedNotReset_1cBarResolution_dbar,5.3,135.0
1900683,Argo technical data,3.1,1.2,AO,20210428203909,20210428203909,NUMBER_ProfileSamples_COUNT,78,135.0
1900683,Argo technical data,3.1,1.2,AO,20210428203909,20210428203909,VOLTAGE_BatteryCPU_volts,6.7,135.0
1900683,Argo technical data,3.1,1.2,AO,20210428203909,20210428203909,VOLTAGE_Aux_volts,14.4,135.0
1900683,Argo technical data,3.1,1.2,AO,20210428203909,20210428203909,PRESSURE_InternalVacuum_COUNT,68,135.0
1900683,Argo technical data,3.1,1.2,AO,20210428203909,20210428203909,FLAG_System_NUMBER,4,135.0
1900683,Argo technical data,3.1,1.2,AO,20210428203909,20210428203909,PRES_InitialStabilizationDuringDescentToPark_dbar,0.1,136.0
1900683,Argo technical data,3.1,1.2,AO,20210428203909,20210428203909,PRES_SurfaceOffsetCorrectedNotReset_1cBarResolution_dbar,0.1,136.0
1900683,Argo technical data,3.1,1.2,AO,20210428203909,20210428203909,NUMBER_ProfileSamples_COUNT,65535,136.0
1900683,Argo technical data,3.1,1.2,AO,20210428203909,20210428203909,VOLTAGE_BatteryCPU_volts,6.8,136.0
1900683,Argo technical data,3.1,1.2,AO,20210428203909,20210428203909,VOLTAGE_Aux_volts,14.4,136.0
1900683,Argo technical data,3.1,1.2,AO,20210428203909,20210428203909,PRESSURE_InternalVacuum_COUNT,67,136.0
1900683,Argo technical data,3.1,1.2,AO,20210428203909,20210428203909,FLAG_System_NUMBER,4,136.0
1900683,Argo technical data,3.1,1.2,AO,20210428203909,20210428203909,PRES_InitialStabilizationDuringDescentToPark_dbar,1800.0,137.0
1900683,Argo technical data,3.1,1.2,AO,20210428203909,20210428203909,PRES_SurfaceOffsetCorrectedNotReset_1cBarResolution_dbar,5.3,137.0
1900683,Argo technical data,3.1,1.2,AO,20210428203909,20210428203909,NUMBER_ProfileSamples_COUNT,78,137.0
1900683,Argo technical data,3.1,1.2,AO,20210428203909,20210428203909,VOLTAGE_BatteryCPU_volts,6.7,137.0
1900683,Argo technical data,3.1,1.2,AO,20210428203909,20210428203909,VOLTAGE_Aux_volts,14.4,137.0
1900683,Argo technical data,3.1,1.2,AO,20210428203909,20210428203909,PRESSURE_InternalVacuum_COUNT,68,137.0
1900683,Argo technical data,3.1,1.2,AO,20210428203909,20210428203909,FLAG_System_NUMBER,4,137.0
1900683,Argo technical data,3.1,1.2,AO,20210428203909,20210428203909,PRES_InitialStabilizationDuringDescentToPark_dbar,1800.0,138.0
1900683,Argo technical data,3.1,1.2,AO,20210428203909,20210428203909,PRES_SurfaceOffsetCorrectedNotReset_1cBarResolution_dbar,5.4,138.0
1900683,Argo technical data,3.1,1.2,AO,20210428203909,20210428203909,NUMBER_ProfileSamples_COUNT,78,138.0
1900683,Argo technical data,3.1,1.2,AO,20210428203909,20210428203909,VOLTAGE_BatteryCPU_volts,6.7,138.0
1900683,Argo technical data,3.1,1.2,AO,20210428203909,20210428203909,VOLTAGE_Aux_volts,14.4,138.0
1900683,Argo technical data,3.1,1.2,AO,20210428203909,20210428203909,PRESSURE_InternalVacuum_COUNT,68,138.0
1900683,Argo technical data,3.1,1.2,AO,20210428203909,20210428203909,FLAG_System_NUMBER,4,138.0
1900683,Argo technical data,3.1,1.2,AO,20210428203909,20210428203909,PRES_InitialStabilizationDuringDescentToPark_dbar,1800.0,139.0
1900683,Argo technical data,3.1,1.2,AO,20210428203909,20210428203909,PRES_SurfaceOffsetCorrectedNotReset_1cBarResolution_dbar,5.3,139.0
1900683,Argo technical data,3.1,1.2,AO,20210428203909,20210428203909,NUMBER_ProfileSamples_COUNT,78,139.0
1900683,Argo technical data,3.1,1.2,AO,20210428203909,20210428203909,VOLTAGE_BatteryCPU_volts,6.7,139.0
1900683,Argo technical data,3.1,1.2,AO,20210428203909,20210428203909,VOLTAGE_Aux_volts,14.4,139.0
1900683,Argo technical data,3.1,1.2,AO,20210428203909,20210428203909,PRESSURE_InternalVacuum_COUNT,68,139.0
1900683,Argo technical data,3.1,1.2,AO,20210428203909,20210428203909,FLAG_System_NUMBER,4,139.0
1900683,Argo technical data,3.1,1.2,AO,20210428203909,20210428203909,PRES_InitialStabilizationDuringDescentToPark_dbar,1800.0,140.0
1900683,Argo technical data,3.1,1.2,AO,20210428203909,20210428203909,PRES_SurfaceOffsetCorrectedNotReset_1cBarResolution_dbar,5.3,140.0
1900683,Argo technical data,3.1,1.2,AO,20210428203909,20210428203909,NUMBER_ProfileSamples_COUNT,78,140.0
1900683,Argo technical data,3.1,1.2,AO,20210428203909,20210428203909,VOLTAGE_BatteryCPU_volts,6.7,140.0
1900683,Argo technical data,3.1,1.2,AO,20210428203909,20210428203909,VOLTAGE_Aux_volts,14.4,140.0
1900683,Argo technical data,3.1,1.2,AO,20210428203909,20210428203909,PRESSURE_InternalVacuum_COUNT,67,140.0
1900683,Argo technical data,3.1,1.2,AO,20210428203909,20210428203909,FLAG_System_NUMBER,4,140.0
1900683,Argo technical data,3.1,1.2,AO,20210428203909,20210428203909,PRES_InitialStabilizationDuringDescentToPark_dbar,1800.0,141.0
1900683,Argo technical data,3.1,1.2,AO,20210428203909,20210428203909,PRES_SurfaceOffsetCorrectedNotReset_1cBarResolution_dbar,5.3,141.0
1900683,Argo technical data,3.1,1.2,AO,20210428203909,20210428203909,NUMBER_ProfileSamples_COUNT,78,141.0
1900683,Argo technical data,3.1,1.2,AO,20210428203909,20210428203909,VOLTAGE_BatteryCPU_volts,6.7,141.0
1900683,Argo technical data,3.1,1.2,AO,20210428203909,20210428203909,VOLTAGE_Aux_volts,14.4,141.0
1900683,Argo technical data,3.1,1.2,AO,20210428203909,20210428203909,PRESSURE_InternalVacuum_COUNT,67,141.0
1900683,Argo technical data,3.1,1.2,AO,20210428203909,20210428203909,FLAG_System_NUMBER,4,141.0
1900683,Argo technical data,3.1,1.2,AO,20210428203909,20210428203909,PRES_InitialStabilizationDuringDescentToPark_dbar,1850.0,142.0
1900683,Argo technical data,3.1,1.2,AO,20210428203909,20210428203909,PRES_SurfaceOffsetCorrectedNotReset_1cBarResolution_dbar,5.4,142.0
1900683,Argo technical data,3.1,1.2,AO,20210428203909,20210428203909,NUMBER_ProfileSamples_COUNT,79,142.0
1900683,Argo technical data,3.1,1.2,AO,20210428203909,20210428203909,VOLTAGE_BatteryCPU_volts,6.7,142.0
1900683,Argo technical data,3.1,1.2,AO,20210428203909,20210428203909,VOLTAGE_Aux_volts,14.4,142.0
1900683,Argo technical data,3.1,1.2,AO,20210428203909,20210428203909,PRESSURE_InternalVacuum_COUNT,68,142.0
1900683,Argo technical data,3.1,1.2,AO,20210428203909,20210428203909,FLAG_System_NUMBER,4,142.0
1900683,Argo technical data,3.1,1.2,AO,20210428203909,20210428203909,PRES_InitialStabilizationDuringDescentToPark_dbar,1800.0,143.0
1900683,Argo technical data,3.1,1.2,AO,20210428203909,20210428203909,PRES_SurfaceOffsetCorrectedNotReset_1cBarResolution_dbar,5.3,143.0
1900683,Argo technical data,3.1,1.2,AO,20210428203909,20210428203909,NUMBER_ProfileSamples_COUNT,78,143.0
1900683,Argo technical data,3.1,1.2,AO,20210428203909,20210428203909,VOLTAGE_BatteryCPU_volts,6.7,143.0
1900683,Argo technical data,3.1,1.2,AO,20210428203909,20210428203909,VOLTAGE_Aux_volts,14.4,143.0
1900683,Argo technical data,3.1,1.2,AO,20210428203909,20210428203909,PRESSURE_InternalVacuum_COUNT,68,143.0
1900683,Argo technical data,3.1,1.2,AO,20210428203909,20210428203909,FLAG_System_NUMBER,4,143.0
1900683,Argo technical data,3.1,1.2,AO,20210428203909,20210428203909,PRES_InitialStabilizationDuringDescentToPark_dbar,1800.0,144.0
1900683,Argo technical data,3.1,1.2,AO,20210428203909,20210428203909,PRES_SurfaceOffsetCorrectedNotReset_1cBarResolution_dbar,5.3,144.0
1900683,Argo technical data,3.1,1.2,AO,20210428203909,20210428203909,NUMBER_ProfileSamples_COUNT,78,144.0
1900683,Argo technical data,3.1,1.2,AO,20210428203909,20210428203909,VOLTAGE_BatteryCPU_volts,6.7,144.0
1900683,Argo technical data,3.1,1.2,AO,20210428203909,20210428203909,VOLTAGE_Aux_volts,14.4,144.0
1900683,Argo technical data,3.1,1.2,AO,20210428203909,20210428203909,PRESSURE_InternalVacuum_COUNT,68,144.0
1900683,Argo technical data,3.1,1.2,AO,20210428203909,20210428203909,FLAG_System_NUMBER,4,144.0
1900683,Argo technical data,3.1,1.2,AO,20210428203909,20210428203909,PRES_InitialStabilizationDuringDescentToPark_dbar,1800.0,145.0
1900683,Argo technical data,3.1,1.2,AO,20210428203909,20210428203909,PRES_SurfaceOffsetCorrectedNotReset_1cBarResolution_dbar,5.3,145.0
1900683,Argo technical data,3.1,1.2,AO,20210428203909,20210428203909,NUMBER_ProfileSamples_COUNT,78,145.0
1900683,Argo technical data,3.1,1.2,AO,20210428203909,20210428203909,VOLTAGE_BatteryCPU_volts,6.7,145.0
1900683,Argo technical data,3.1,1.2,AO,20210428203909,20210428203909,VOLTAGE_Aux_volts,14.4,145.0
1900683,Argo technical data,3.1,1.2,AO,20210428203909,20210428203909,PRESSURE_InternalVacuum_COUNT,68,145.0
1900683,Argo technical data,3.1,1.2,AO,20210428203909,20210428203909,FLAG_System_NUMBER,4,145.0
1900683,Argo technical data,3.1,1.2,AO,20210428203909,20210428203909,PRES_InitialStabilizationDuringDescentToPark_dbar,1800.0,146.0
1900683,Argo technical data,3.1,1.2,AO,20210428203909,20210428203909,PRES_SurfaceOffsetCorrectedNotReset_1cBarResolution_dbar,5.4,146.0
1900683,Argo technical data,3.1,1.2,AO,20210428203909,20210428203909,NUMBER_ProfileSamples_COUNT,78,146.0
1900683,Argo technical data,3.1,1.2,AO,20210428203909,20210428203909,VOLTAGE_BatteryCPU_volts,6.7,146.0
1900683,Argo technical data,3.1,1.2,AO,20210428203909,20210428203909,VOLTAGE_Aux_volts,14.4,146.0
1900683,Argo technical data,3.1,1.2,AO,20210428203909,20210428203909,PRESSURE_InternalVacuum_COUNT,68,146.0
1900683,Argo technical data,3.1,1.2,AO,20210428203909,20210428203909,FLAG_System_NUMBER,4,146.0
1900683,Argo technical data,3.1,1.2,AO,20210428203909,20210428203909,PRES_InitialStabilizationDuringDescentToPark_dbar,1800.0,147.0
1900683,Argo technical data,3.1,1.2,AO,20210428203909,20210428203909,PRES_SurfaceOffsetCorrectedNotReset_1cBarResolution_dbar,5.4,147.0
1900683,Argo technical data,3.1,1.2,AO,20210428203909,20210428203909,NUMBER_ProfileSamples_COUNT,78,147.0
1900683,Argo technical data,3.1,1.2,AO,20210428203909,20210428203909,VOLTAGE_BatteryCPU_volts,6.7,147.0
1900683,Argo technical data,3.1,1.2,AO,20210428203909,20210428203909,VOLTAGE_Aux_volts,14.4,147.0
1900683,Argo technical data,3.1,1.2,AO,20210428203909,20210428203909,PRESSURE_InternalVacuum_COUNT,68,147.0
1900683,Argo technical data,3.1,1.2,AO,20210428203909,20210428203909,FLAG_System_NUMBER,4,147.0
1900683,Argo technical data,3.1,1.2,AO,20210428203909,20210428203909,PRES_InitialStabilizationDuringDescentToPark_dbar,1800.0,148.0
1900683,Argo technical data,3.1,1.2,AO,20210428203909,20210428203909,PRES_SurfaceOffsetCorrectedNotReset_1cBarResolution_dbar,5.4,148.0
1900683,Argo technical data,3.1,1.2,AO,20210428203909,20210428203909,NUMBER_ProfileSamples_COUNT,78,148.0
1900683,Argo technical data,3.1,1.2,AO,20210428203909,20210428203909,VOLTAGE_BatteryCPU_volts,6.7,148.0
1900683,Argo technical data,3.1,1.2,AO,20210428203909,20210428203909,VOLTAGE_Aux_volts,14.4,148.0
1900683,Argo technical data,3.1,1.2,AO,20210428203909,20210428203909,PRESSURE_InternalVacuum_COUNT,68,148.0
1900683,Argo technical data,3.1,1.2,AO,20210428203909,20210428203909,FLAG_System_NUMBER,4,148.0
1900683,Argo technical data,3.1,1.2,AO,20210428203909,20210428203909,PRES_InitialStabilizationDuringDescentToPark_dbar,1800.0,149.0
1900683,Argo technical data,3.1,1.2,AO,20210428203909,20210428203909,PRES_SurfaceOffsetCorrectedNotReset_1cBarResolution_dbar,5.3,149.0
1900683,Argo technical data,3.1,1.2,AO,20210428203909,20210428203909,NUMBER_ProfileSamples_COUNT,78,149.0
1900683,Argo technical data,3.1,1.2,AO,20210428203909,20210428203909,VOLTAGE_BatteryCPU_volts,6.7,149.0
1900683,Argo technical data,3.1,1.2,AO,20210428203909,20210428203909,VOLTAGE_Aux_volts,14.4,149.0
1900683,Argo technical data,3.1,1.2,AO,20210428203909,20210428203909,PRESSURE_InternalVacuum_COUNT,67,149.0
1900683,Argo technical data,3.1,1.2,AO,20210428203909,20210428203909,FLAG_System_NUMBER,4,149.0
1900683,Argo technical data,3.1,1.2,AO,20210428203909,20210428203909,PRES_InitialStabilizationDuringDescentToPark_dbar,1800.0,150.0
1900683,Argo technical data,3.1,1.2,AO,20210428203909,20210428203909,PRES_SurfaceOffsetCorrectedNotReset_1cBarResolution_dbar,5.3,150.0
1900683,Argo technical data,3.1,1.2,AO,20210428203909,20210428203909,NUMBER_ProfileSamples_COUNT,78,150.0
1900683,Argo technical data,3.1,1.2,AO,20210428203909,20210428203909,VOLTAGE_BatteryCPU_volts,6.7,150.0
1900683,Argo technical data,3.1,1.2,AO,20210428203909,20210428203909,VOLTAGE_Aux_volts,14.4,150.0
1900683,Argo technical data,3.1,1.2,AO,20210428203909,20210428203909,PRESSURE_InternalVacuum_COUNT,67,150.0
1900683,Argo technical data,3.1,1.2,AO,20210428203909,20210428203909,FLAG_System_NUMBER,4,150.0
1900683,Argo technical data,3.1,1.2,AO,20210428203909,20210428203909,PRES_InitialStabilizationDuringDescentToPark_dbar,1800.0,151.0
1900683,Argo technical data,3.1,1.2,AO,20210428203909,20210428203909,PRES_SurfaceOffsetCorrectedNotReset_1cBarResolution_dbar,5.3,151.0
1900683,Argo technical data,3.1,1.2,AO,20210428203909,20210428203909,NUMBER_ProfileSamples_COUNT,78,151.0
1900683,Argo technical data,3.1,1.2,AO,20210428203909,20210428203909,VOLTAGE_BatteryCPU_volts,6.7,151.0
1900683,Argo technical data,3.1,1.2,AO,20210428203909,20210428203909,VOLTAGE_Aux_volts,14.4,151.0
1900683,Argo technical data,3.1,1.2,AO,20210428203909,20210428203909,PRESSURE_InternalVacuum_COUNT,67,151.0
1900683,Argo technical data,3.1,1.2,AO,20210428203909,20210428203909,FLAG_System_NUMBER,4,151.0
1900683,Argo technical data,3.1,1.2,AO,20210428203909,20210428203909,PRES_InitialStabilizationDuringDescentToPark_dbar,0.1,152.0
1900683,Argo technical data,3.1,1.2,AO,20210428203909,20210428203909,PRES_SurfaceOffsetCorrectedNotReset_1cBarResolution_dbar,0.1,152.0
1900683,Argo technical data,3.1,1.2,AO,20210428203909,20210428203909,NUMBER_ProfileSamples_COUNT,65535,152.0
1900683,Argo technical data,3.1,1.2,AO,20210428203909,20210428203909,VOLTAGE_BatteryCPU_volts,6.8,152.0
1900683,Argo technical data,3.1,1.2,AO,20210428203909,20210428203909,VOLTAGE_Aux_volts,14.4,152.0
1900683,Argo technical data,3.1,1.2,AO,20210428203909,20210428203909,PRESSURE_InternalVacuum_COUNT,68,152.0
1900683,Argo technical data,3.1,1.2,AO,20210428203909,20210428203909,FLAG_System_NUMBER,4,152.0
1900683,Argo technical data,3.1,1.2,AO,20210428203909,20210428203909,PRES_InitialStabilizationDuringDescentToPark_dbar,1800.0,153.0
1900683,Argo technical data,3.1,1.2,AO,20210428203909,20210428203909,PRES_SurfaceOffsetCorrectedNotReset_1cBarResolution_dbar,5.4,153.0
1900683,Argo technical data,3.1,1.2,AO,20210428203909,20210428203909,NUMBER_ProfileSamples_COUNT,78,153.0
1900683,Argo technical data,3.1,1.2,AO,20210428203909,20210428203909,VOLTAGE_BatteryCPU_volts,6.7,153.0
1900683,Argo technical data,3.1,1.2,AO,20210428203909,20210428203909,VOLTAGE_Aux_volts,14.4,153.0
1900683,Argo technical data,3.1,1.2,AO,20210428203909,20210428203909,PRESSURE_InternalVacuum_COUNT,68,153.0
1900683,Argo technical data,3.1,1.2,AO,20210428203909,20210428203909,FLAG_System_NUMBER,4,153.0
1900683,Argo technical data,3.1,1.2,AO,20210428203909,20210428203909,PRES_InitialStabilizationDuringDescentToPark_dbar,0.0,154.0
1900683,Argo technical data,3.1,1.2,AO,20210428203909,20210428203909,PRES_SurfaceOffsetCorrectedNotReset_1cBarResolution_dbar,0.1,154.0
1900683,Argo technical data,3.1,1.2,AO,20210428203909,20210428203909,NUMBER_ProfileSamples_COUNT,65535,154.0
1900683,Argo technical data,3.1,1.2,AO,20210428203909,20210428203909,VOLTAGE_BatteryCPU_volts,6.8,154.0
1900683,Argo technical data,3.1,1.2,AO,20210428203909,20210428203909,VOLTAGE_Aux_volts,14.4,154.0
1900683,Argo technical data,3.1,1.2,AO,20210428203909,20210428203909,PRESSURE_InternalVacuum_COUNT,68,154.0
1900683,Argo technical data,3.1,1.2,AO,20210428203909,20210428203909,FLAG_System_NUMBER,4,154.0
1900683,Argo technical data,3.1,1.2,AO,20210428203909,20210428203909,PRES_InitialStabilizationDuringDescentToPark_dbar,1800.0,155.0
1900683,Argo technical data,3.1,1.2,AO,20210428203909,20210428203909,PRES_SurfaceOffsetCorrectedNotReset_1cBarResolution_dbar,5.4,155.0
1900683,Argo technical data,3.1,1.2,AO,20210428203909,20210428203909,NUMBER_ProfileSamples_COUNT,78,155.0
1900683,Argo technical data,3.1,1.2,AO,20210428203909,20210428203909,VOLTAGE_BatteryCPU_volts,6.7,155.0
1900683,Argo technical data,3.1,1.2,AO,20210428203909,20210428203909,VOLTAGE_Aux_volts,14.4,155.0
1900683,Argo technical data,3.1,1.2,AO,20210428203909,20210428203909,PRESSURE_InternalVacuum_COUNT,67,155.0
1900683,Argo technical data,3.1,1.2,AO,20210428203909,20210428203909,FLAG_System_NUMBER,4,155.0
1900683,Argo technical data,3.1,1.2,AO,20210428203909,20210428203909,PRES_InitialStabilizationDuringDescentToPark_dbar,1800.0,156.0
1900683,Argo technical data,3.1,1.2,AO,20210428203909,20210428203909,PRES_SurfaceOffsetCorrectedNotReset_1cBarResolution_dbar,5.3,156.0
1900683,Argo technical data,3.1,1.2,AO,20210428203909,20210428203909,NUMBER_ProfileSamples_COUNT,78,156.0
1900683,Argo technical data,3.1,1.2,AO,20210428203909,20210428203909,VOLTAGE_BatteryCPU_volts,6.7,156.0
1900683,Argo technical data,3.1,1.2,AO,20210428203909,20210428203909,VOLTAGE_Aux_volts,14.4,156.0
1900683,Argo technical data,3.1,1.2,AO,20210428203909,20210428203909,PRESSURE_InternalVacuum_COUNT,67,156.0
1900683,Argo technical data,3.1,1.2,AO,20210428203909,20210428203909,FLAG_System_NUMBER,4,156.0
1900683,Argo technical data,3.1,1.2,AO,20210428203909,20210428203909,PRES_InitialStabilizationDuringDescentToPark_dbar,1800.0,157.0
1900683,Argo technical data,3.1,1.2,AO,20210428203909,20210428203909,PRES_SurfaceOffsetCorrectedNotReset_1cBarResolution_dbar,5.3,157.0
1900683,Argo technical data,3.1,1.2,AO,20210428203909,20210428203909,NUMBER_ProfileSamples_COUNT,78,157.0
1900683,Argo technical data,3.1,1.2,AO,20210428203909,20210428203909,VOLTAGE_BatteryCPU_volts,6.7,157.0
1900683,Argo technical data,3.1,1.2,AO,20210428203909,20210428203909,VOLTAGE_Aux_volts,14.4,157.0
1900683,Argo technical data,3.1,1.2,AO,20210428203909,20210428203909,PRESSURE_InternalVacuum_COUNT,68,157.0
1900683,Argo technical data,3.1,1.2,AO,20210428203909,20210428203909,FLAG_System_NUMBER,4,157.0
1900683,Argo technical data,3.1,1.2,AO,20210428203909,20210428203909,PRES_InitialStabilizationDuringDescentToPark_dbar,1800.0,158.0
1900683,Argo technical data,3.1,1.2,AO,20210428203909,20210428203909,PRES_SurfaceOffsetCorrectedNotReset_1cBarResolution_dbar,5.4,158.0
1900683,Argo technical data,3.1,1.2,AO,20210428203909,20210428203909,NUMBER_ProfileSamples_COUNT,78,158.0
1900683,Argo technical data,3.1,1.2,AO,20210428203909,20210428203909,VOLTAGE_BatteryCPU_volts,6.7,158.0
1900683,Argo technical data,3.1,1.2,AO,20210428203909,20210428203909,VOLTAGE_Aux_volts,14.4,158.0
1900683,Argo technical data,3.1,1.2,AO,20210428203909,20210428203909,PRESSURE_InternalVacuum_COUNT,67,158.0
1900683,Argo technical data,3.1,1.2,AO,20210428203909,20210428203909,FLAG_System_NUMBER,4,158.0
1900683,Argo technical data,3.1,1.2,AO,20210428203909,20210428203909,PRES_InitialStabilizationDuringDescentToPark_dbar,0.0,159.0
1900683,Argo technical data,3.1,1.2,AO,20210428203909,20210428203909,PRES_SurfaceOffsetCorrectedNotReset_1cBarResolution_dbar,0.1,159.0
1900683,Argo technical data,3.1,1.2,AO,20210428203909,20210428203909,NUMBER_ProfileSamples_COUNT,65535,159.0
1900683,Argo technical data,3.1,1.2,AO,20210428203909,20210428203909,VOLTAGE_BatteryCPU_volts,6.8,159.0
1900683,Argo technical data,3.1,1.2,AO,20210428203909,20210428203909,VOLTAGE_Aux_volts,14.4,159.0
1900683,Argo technical data,3.1,1.2,AO,20210428203909,20210428203909,PRESSURE_InternalVacuum_COUNT,68,159.0
1900683,Argo technical data,3.1,1.2,AO,20210428203909,20210428203909,FLAG_System_NUMBER,4,159.0
1900683,Argo technical data,3.1,1.2,AO,20210428203909,20210428203909,PRES_InitialStabilizationDuringDescentToPark_dbar,1800.0,160.0
1900683,Argo technical data,3.1,1.2,AO,20210428203909,20210428203909,PRES_SurfaceOffsetCorrectedNotReset_1cBarResolution_dbar,5.4,160.0
1900683,Argo technical data,3.1,1.2,AO,20210428203909,20210428203909,NUMBER_ProfileSamples_COUNT,78,160.0
1900683,Argo technical data,3.1,1.2,AO,20210428203909,20210428203909,VOLTAGE_BatteryCPU_volts,6.7,160.0
1900683,Argo technical data,3.1,1.2,AO,20210428203909,20210428203909,VOLTAGE_Aux_volts,14.4,160.0
1900683,Argo technical data,3.1,1.2,AO,20210428203909,20210428203909,PRESSURE_InternalVacuum_COUNT,67,160.0
1900683,Argo technical data,3.1,1.2,AO,20210428203909,20210428203909,FLAG_System_NUMBER,4,160.0
1900683,Argo technical data,3.1,1.2,AO,20210428203909,20210428203909,PRES_InitialStabilizationDuringDescentToPark_dbar,0.0,161.0
1900683,Argo technical data,3.1,1.2,AO,20210428203909,20210428203909,PRES_SurfaceOffsetCorrectedNotReset_1cBarResolution_dbar,0.1,161.0
1900683,Argo technical data,3.1,1.2,AO,20210428203909,20210428203909,NUMBER_ProfileSamples_COUNT,65535,161.0
1900683,Argo technical data,3.1,1.2,AO,20210428203909,20210428203909,VOLTAGE_BatteryCPU_volts,6.8,161.0
1900683,Argo technical data,3.1,1.2,AO,20210428203909,20210428203909,VOLTAGE_Aux_volts,14.4,161.0
1900683,Argo technical data,3.1,1.2,AO,20210428203909,20210428203909,PRESSURE_InternalVacuum_COUNT,67,161.0
1900683,Argo technical data,3.1,1.2,AO,20210428203909,20210428203909,FLAG_System_NUMBER,4,161.0
1900683,Argo technical data,3.1,1.2,AO,20210428203909,20210428203909,PRES_InitialStabilizationDuringDescentToPark_dbar,1800.0,162.0
1900683,Argo technical data,3.1,1.2,AO,20210428203909,20210428203909,PRES_SurfaceOffsetCorrectedNotReset_1cBarResolution_dbar,5.3,162.0
1900683,Argo technical data,3.1,1.2,AO,20210428203909,20210428203909,NUMBER_ProfileSamples_COUNT,78,162.0
1900683,Argo technical data,3.1,1.2,AO,20210428203909,20210428203909,VOLTAGE_BatteryCPU_volts,6.7,162.0
1900683,Argo technical data,3.1,1.2,AO,20210428203909,20210428203909,VOLTAGE_Aux_volts,14.4,162.0
1900683,Argo technical data,3.1,1.2,AO,20210428203909,20210428203909,PRESSURE_InternalVacuum_COUNT,68,162.0
1900683,Argo technical data,3.1,1.2,AO,20210428203909,20210428203909,FLAG_System_NUMBER,4,162.0
1900683,Argo technical data,3.1,1.2,AO,20210428203909,20210428203909,PRES_InitialStabilizationDuringDescentToPark_dbar,0.0,163.0
1900683,Argo technical data,3.1,1.2,AO,20210428203909,20210428203909,PRES_SurfaceOffsetCorrectedNotReset_1cBarResolution_dbar,0.1,163.0
1900683,Argo technical data,3.1,1.2,AO,20210428203909,20210428203909,NUMBER_ProfileSamples_COUNT,65535,163.0
1900683,Argo technical data,3.1,1.2,AO,20210428203909,20210428203909,VOLTAGE_BatteryCPU_volts,6.8,163.0
1900683,Argo technical data,3.1,1.2,AO,20210428203909,20210428203909,VOLTAGE_Aux_volts,14.3,163.0
1900683,Argo technical data,3.1,1.2,AO,20210428203909,20210428203909,PRESSURE_InternalVacuum_COUNT,68,163.0
1900683,Argo technical data,3.1,1.2,AO,20210428203909,20210428203909,FLAG_System_NUMBER,4,163.0
1900683,Argo technical data,3.1,1.2,AO,20210428203909,20210428203909,PRES_InitialStabilizationDuringDescentToPark_dbar,1800.0,164.0
1900683,Argo technical data,3.1,1.2,AO,20210428203909,20210428203909,PRES_SurfaceOffsetCorrectedNotReset_1cBarResolution_dbar,5.4,164.0
1900683,Argo technical data,3.1,1.2,AO,20210428203909,20210428203909,NUMBER_ProfileSamples_COUNT,78,164.0
1900683,Argo technical data,3.1,1.2,AO,20210428203909,20210428203909,VOLTAGE_BatteryCPU_volts,6.7,164.0
1900683,Argo technical data,3.1,1.2,AO,20210428203909,20210428203909,VOLTAGE_Aux_volts,14.4,164.0
1900683,Argo technical data,3.1,1.2,AO,20210428203909,20210428203909,PRESSURE_InternalVacuum_COUNT,68,164.0
1900683,Argo technical data,3.1,1.2,AO,20210428203909,20210428203909,FLAG_System_NUMBER,4,164.0
1900683,Argo technical data,3.1,1.2,AO,20210428203909,20210428203909,PRES_InitialStabilizationDuringDescentToPark_dbar,1800.0,165.0
1900683,Argo technical data,3.1,1.2,AO,20210428203909,20210428203909,PRES_SurfaceOffsetCorrectedNotReset_1cBarResolution_dbar,5.3,165.0
1900683,Argo technical data,3.1,1.2,AO,20210428203909,20210428203909,NUMBER_ProfileSamples_COUNT,78,165.0
1900683,Argo technical data,3.1,1.2,AO,20210428203909,20210428203909,VOLTAGE_BatteryCPU_volts,6.7,165.0
1900683,Argo technical data,3.1,1.2,AO,20210428203909,20210428203909,VOLTAGE_Aux_volts,14.4,165.0
1900683,Argo technical data,3.1,1.2,AO,20210428203909,20210428203909,PRESSURE_InternalVacuum_COUNT,68,165.0
1900683,Argo technical data,3.1,1.2,AO,20210428203909,20210428203909,FLAG_System_NUMBER,4,165.0
1900683,Argo technical data,3.1,1.2,AO,20210428203909,20210428203909,PRES_InitialStabilizationDuringDescentToPark_dbar,1800.0,166.0
1900683,Argo technical data,3.1,1.2,AO,20210428203909,20210428203909,PRES_SurfaceOffsetCorrectedNotReset_1cBarResolution_dbar,5.3,166.0
1900683,Argo technical data,3.1,1.2,AO,20210428203909,20210428203909,NUMBER_ProfileSamples_COUNT,78,166.0
1900683,Argo technical data,3.1,1.2,AO,20210428203909,20210428203909,VOLTAGE_BatteryCPU_volts,6.7,166.0
1900683,Argo technical data,3.1,1.2,AO,20210428203909,20210428203909,VOLTAGE_Aux_volts,14.4,166.0
1900683,Argo technical data,3.1,1.2,AO,20210428203909,20210428203909,PRESSURE_InternalVacuum_COUNT,68,166.0
1900683,Argo technical data,3.1,1.2,AO,20210428203909,20210428203909,FLAG_System_NUMBER,4,166.0
1900683,Argo technical data,3.1,1.2,AO,20210428203909,20210428203909,PRES_InitialStabilizationDuringDescentToPark_dbar,0.0,167.0
1900683,Argo technical data,3.1,1.2,AO,20210428203909,20210428203909,PRES_SurfaceOffsetCorrectedNotReset_1cBarResolution_dbar,0.1,167.0
1900683,Argo technical data,3.1,1.2,AO,20210428203909,20210428203909,NUMBER_ProfileSamples_COUNT,65535,167.0
1900683,Argo technical data,3.1,1.2,AO,20210428203909,20210428203909,VOLTAGE_BatteryCPU_volts,6.8,167.0
1900683,Argo technical data,3.1,1.2,AO,20210428203909,20210428203909,VOLTAGE_Aux_volts,14.3,167.0
1900683,Argo technical data,3.1,1.2,AO,20210428203909,20210428203909,PRESSURE_InternalVacuum_COUNT,68,167.0
1900683,Argo technical data,3.1,1.2,AO,20210428203909,20210428203909,FLAG_System_NUMBER,4,167.0
1900683,Argo technical data,3.1,1.2,AO,20210428203909,20210428203909,PRES_InitialStabilizationDuringDescentToPark_dbar,1800.0,168.0
1900683,Argo technical data,3.1,1.2,AO,20210428203909,20210428203909,PRES_SurfaceOffsetCorrectedNotReset_1cBarResolution_dbar,5.3,168.0
1900683,Argo technical data,3.1,1.2,AO,20210428203909,20210428203909,NUMBER_ProfileSamples_COUNT,78,168.0
1900683,Argo technical data,3.1,1.2,AO,20210428203909,20210428203909,VOLTAGE_BatteryCPU_volts,6.7,168.0
1900683,Argo technical data,3.1,1.2,AO,20210428203909,20210428203909,VOLTAGE_Aux_volts,14.4,168.0
1900683,Argo technical data,3.1,1.2,AO,20210428203909,20210428203909,PRESSURE_InternalVacuum_COUNT,68,168.0
1900683,Argo technical data,3.1,1.2,AO,20210428203909,20210428203909,FLAG_System_NUMBER,4,168.0
1900683,Argo technical data,3.1,1.2,AO,20210428203909,20210428203909,PRES_InitialStabilizationDuringDescentToPark_dbar,0.0,169.0
1900683,Argo technical data,3.1,1.2,AO,20210428203909,20210428203909,PRES_SurfaceOffsetCorrectedNotReset_1cBarResolution_dbar,0.1,169.0
1900683,Argo technical data,3.1,1.2,AO,20210428203909,20210428203909,NUMBER_ProfileSamples_COUNT,65535,169.0
1900683,Argo technical data,3.1,1.2,AO,20210428203909,20210428203909,VOLTAGE_BatteryCPU_volts,6.8,169.0
1900683,Argo technical data,3.1,1.2,AO,20210428203909,20210428203909,VOLTAGE_Aux_volts,14.4,169.0
1900683,Argo technical data,3.1,1.2,AO,20210428203909,20210428203909,PRESSURE_InternalVacuum_COUNT,67,169.0
1900683,Argo technical data,3.1,1.2,AO,20210428203909,20210428203909,FLAG_System_NUMBER,4,169.0
1900683,Argo technical data,3.1,1.2,AO,20210428203909,20210428203909,PRES_InitialStabilizationDuringDescentToPark_dbar,0.0,170.0
1900683,Argo technical data,3.1,1.2,AO,20210428203909,20210428203909,PRES_SurfaceOffsetCorrectedNotReset_1cBarResolution_dbar,0.1,170.0
1900683,Argo technical data,3.1,1.2,AO,20210428203909,20210428203909,NUMBER_ProfileSamples_COUNT,65535,170.0
1900683,Argo technical data,3.1,1.2,AO,20210428203909,20210428203909,VOLTAGE_BatteryCPU_volts,6.8,170.0
1900683,Argo technical data,3.1,1.2,AO,20210428203909,20210428203909,VOLTAGE_Aux_volts,14.4,170.0
1900683,Argo technical data,3.1,1.2,AO,20210428203909,20210428203909,PRESSURE_InternalVacuum_COUNT,67,170.0
1900683,Argo technical data,3.1,1.2,AO,20210428203909,20210428203909,FLAG_System_NUMBER,4,170.0
1900683,Argo technical data,3.1,1.2,AO,20210428203909,20210428203909,PRES_InitialStabilizationDuringDescentToPark_dbar,1800.0,171.0
1900683,Argo technical data,3.1,1.2,AO,20210428203909,20210428203909,PRES_SurfaceOffsetCorrectedNotReset_1cBarResolution_dbar,5.4,171.0
1900683,Argo technical data,3.1,1.2,AO,20210428203909,20210428203909,NUMBER_ProfileSamples_COUNT,78,171.0
1900683,Argo technical data,3.1,1.2,AO,20210428203909,20210428203909,VOLTAGE_BatteryCPU_volts,6.7,171.0
1900683,Argo technical data,3.1,1.2,AO,20210428203909,20210428203909,VOLTAGE_Aux_volts,14.4,171.0
1900683,Argo technical data,3.1,1.2,AO,20210428203909,20210428203909,PRESSURE_InternalVacuum_COUNT,67,171.0
1900683,Argo technical data,3.1,1.2,AO,20210428203909,20210428203909,FLAG_System_NUMBER,4,171.0
1900683,Argo technical data,3.1,1.2,AO,20210428203909,20210428203909,PRES_InitialStabilizationDuringDescentToPark_dbar,1800.0,172.0
1900683,Argo technical data,3.1,1.2,AO,20210428203909,20210428203909,PRES_SurfaceOffsetCorrectedNotReset_1cBarResolution_dbar,5.2,172.0
1900683,Argo technical data,3.1,1.2,AO,20210428203909,20210428203909,NUMBER_ProfileSamples_COUNT,78,172.0
1900683,Argo technical data,3.1,1.2,AO,20210428203909,20210428203909,VOLTAGE_BatteryCPU_volts,6.7,172.0
1900683,Argo technical data,3.1,1.2,AO,20210428203909,20210428203909,VOLTAGE_Aux_volts,14.4,172.0
1900683,Argo technical data,3.1,1.2,AO,20210428203909,20210428203909,PRESSURE_InternalVacuum_COUNT,70,172.0
1900683,Argo technical data,3.1,1.2,AO,20210428203909,20210428203909,FLAG_System_NUMBER,4,172.0
1900683,Argo technical data,3.1,1.2,AO,20210428203909,20210428203909,PRES_InitialStabilizationDuringDescentToPark_dbar,0.1,173.0
1900683,Argo technical data,3.1,1.2,AO,20210428203909,20210428203909,PRES_SurfaceOffsetCorrectedNotReset_1cBarResolution_dbar,0.1,173.0
1900683,Argo technical data,3.1,1.2,AO,20210428203909,20210428203909,NUMBER_ProfileSamples_COUNT,65535,173.0
1900683,Argo technical data,3.1,1.2,AO,20210428203909,20210428203909,VOLTAGE_BatteryCPU_volts,6.8,173.0
1900683,Argo technical data,3.1,1.2,AO,20210428203909,20210428203909,VOLTAGE_Aux_volts,14.4,173.0
1900683,Argo technical data,3.1,1.2,AO,20210428203909,20210428203909,PRESSURE_InternalVacuum_COUNT,68,173.0
1900683,Argo technical data,3.1,1.2,AO,20210428203909,20210428203909,FLAG_System_NUMBER,4,173.0
1900683,Argo technical data,3.1,1.2,AO,20210428203909,20210428203909,PRES_InitialStabilizationDuringDescentToPark_dbar,1800.0,174.0
1900683,Argo technical data,3.1,1.2,AO,20210428203909,20210428203909,PRES_SurfaceOffsetCorrectedNotReset_1cBarResolution_dbar,5.4,174.0
1900683,Argo technical data,3.1,1.2,AO,20210428203909,20210428203909,NUMBER_ProfileSamples_COUNT,78,174.0
1900683,Argo technical data,3.1,1.2,AO,20210428203909,20210428203909,VOLTAGE_BatteryCPU_volts,6.7,174.0
1900683,Argo technical data,3.1,1.2,AO,20210428203909,20210428203909,VOLTAGE_Aux_volts,14.4,174.0
1900683,Argo technical data,3.1,1.2,AO,20210428203909,20210428203909,PRESSURE_InternalVacuum_COUNT,67,174.0
1900683,Argo technical data,3.1,1.2,AO,20210428203909,20210428203909,FLAG_System_NUMBER,4,174.0
1900683,Argo technical data,3.1,1.2,AO,20210428203909,20210428203909,PRES_InitialStabilizationDuringDescentToPark_dbar,1800.0,175.0
1900683,Argo technical data,3.1,1.2,AO,20210428203909,20210428203909,PRES_SurfaceOffsetCorrectedNotReset_1cBarResolution_dbar,5.4,175.0
1900683,Argo technical data,3.1,1.2,AO,20210428203909,20210428203909,NUMBER_ProfileSamples_COUNT,78,175.0
1900683,Argo technical data,3.1,1.2,AO,20210428203909,20210428203909,VOLTAGE_BatteryCPU_volts,6.7,175.0
1900683,Argo technical data,3.1,1.2,AO,20210428203909,20210428203909,VOLTAGE_Aux_volts,14.4,175.0
1900683,Argo technical data,3.1,1.2,AO,20210428203909,20210428203909,PRESSURE_InternalVacuum_COUNT,69,175.0
1900683,Argo technical data,3.1,1.2,AO,20210428203909,20210428203909,FLAG_System_NUMBER,4,175.0
1900683,Argo technical data,3.1,1.2,AO,20210428203909,20210428203909,PRES_InitialStabilizationDuringDescentToPark_dbar,0.0,176.0
1900683,Argo technical data,3.1,1.2,AO,20210428203909,20210428203909,PRES_SurfaceOffsetCorrectedNotReset_1cBarResolution_dbar,0.1,176.0
1900683,Argo technical data,3.1,1.2,AO,20210428203909,20210428203909,NUMBER_ProfileSamples_COUNT,65535,176.0
1900683,Argo technical data,3.1,1.2,AO,20210428203909,20210428203909,VOLTAGE_BatteryCPU_volts,6.8,176.0
1900683,Argo technical data,3.1,1.2,AO,20210428203909,20210428203909,VOLTAGE_Aux_volts,14.4,176.0
1900683,Argo technical data,3.1,1.2,AO,20210428203909,20210428203909,PRESSURE_InternalVacuum_COUNT,67,176.0
1900683,Argo technical data,3.1,1.2,AO,20210428203909,20210428203909,FLAG_System_NUMBER,4,176.0
1900683,Argo technical data,3.1,1.2,AO,20210428203909,20210428203909,PRES_InitialStabilizationDuringDescentToPark_dbar,0.0,177.0
1900683,Argo technical data,3.1,1.2,AO,20210428203909,20210428203909,PRES_SurfaceOffsetCorrectedNotReset_1cBarResolution_dbar,0.1,177.0
1900683,Argo technical data,3.1,1.2,AO,20210428203909,20210428203909,NUMBER_ProfileSamples_COUNT,65535,177.0
1900683,Argo technical data,3.1,1.2,AO,20210428203909,20210428203909,VOLTAGE_BatteryCPU_volts,6.8,177.0
1900683,Argo technical data,3.1,1.2,AO,20210428203909,20210428203909,VOLTAGE_Aux_volts,14.4,177.0
1900683,Argo technical data,3.1,1.2,AO,20210428203909,20210428203909,PRESSURE_InternalVacuum_COUNT,68,177.0
1900683,Argo technical data,3.1,1.2,AO,20210428203909,20210428203909,FLAG_System_NUMBER,4,177.0
1900683,Argo technical data,3.1,1.2,AO,20210428203909,20210428203909,PRES_InitialStabilizationDuringDescentToPark_dbar,1800.0,178.0
1900683,Argo technical data,3.1,1.2,AO,20210428203909,20210428203909,PRES_SurfaceOffsetCorrectedNotReset_1cBarResolution_dbar,5.3,178.0
1900683,Argo technical data,3.1,1.2,AO,20210428203909,20210428203909,NUMBER_ProfileSamples_COUNT,78,178.0
1900683,Argo technical data,3.1,1.2,AO,20210428203909,20210428203909,VOLTAGE_BatteryCPU_volts,6.7,178.0
1900683,Argo technical data,3.1,1.2,AO,20210428203909,20210428203909,VOLTAGE_Aux_volts,14.4,178.0
1900683,Argo technical data,3.1,1.2,AO,20210428203909,20210428203909,PRESSURE_InternalVacuum_COUNT,68,178.0
1900683,Argo technical data,3.1,1.2,AO,20210428203909,20210428203909,FLAG_System_NUMBER,4,178.0
1900683,Argo technical data,3.1,1.2,AO,20210428203909,20210428203909,PRES_InitialStabilizationDuringDescentToPark_dbar,0.1,179.0
1900683,Argo technical data,3.1,1.2,AO,20210428203909,20210428203909,PRES_SurfaceOffsetCorrectedNotReset_1cBarResolution_dbar,0.1,179.0
1900683,Argo technical data,3.1,1.2,AO,20210428203909,20210428203909,NUMBER_ProfileSamples_COUNT,65535,179.0
1900683,Argo technical data,3.1,1.2,AO,20210428203909,20210428203909,VOLTAGE_BatteryCPU_volts,6.8,179.0
1900683,Argo technical data,3.1,1.2,AO,20210428203909,20210428203909,VOLTAGE_Aux_volts,14.4,179.0
1900683,Argo technical data,3.1,1.2,AO,20210428203909,20210428203909,PRESSURE_InternalVacuum_COUNT,68,179.0
1900683,Argo technical data,3.1,1.2,AO,20210428203909,20210428203909,FLAG_System_NUMBER,4,179.0
1900683,Argo technical data,3.1,1.2,AO,20210428203909,20210428203909,PRES_InitialStabilizationDuringDescentToPark_dbar,1800.0,180.0
1900683,Argo technical data,3.1,1.2,AO,20210428203909,20210428203909,PRES_SurfaceOffsetCorrectedNotReset_1cBarResolution_dbar,5.3,180.0
1900683,Argo technical data,3.1,1.2,AO,20210428203909,20210428203909,NUMBER_ProfileSamples_COUNT,78,180.0
1900683,Argo technical data,3.1,1.2,AO,20210428203909,20210428203909,VOLTAGE_BatteryCPU_volts,6.7,180.0
1900683,Argo technical data,3.1,1.2,AO,20210428203909,20210428203909,VOLTAGE_Aux_volts,14.4,180.0
1900683,Argo technical data,3.1,1.2,AO,20210428203909,20210428203909,PRESSURE_InternalVacuum_COUNT,67,180.0
1900683,Argo technical data,3.1,1.2,AO,20210428203909,20210428203909,FLAG_System_NUMBER,4,180.0
1900683,Argo technical data,3.1,1.2,AO,20210428203909,20210428203909,PRES_InitialStabilizationDuringDescentToPark_dbar,1800.0,181.0
1900683,Argo technical data,3.1,1.2,AO,20210428203909,20210428203909,PRES_SurfaceOffsetCorrectedNotReset_1cBarResolution_dbar,5.3,181.0
1900683,Argo technical data,3.1,1.2,AO,20210428203909,20210428203909,NUMBER_ProfileSamples_COUNT,78,181.0
1900683,Argo technical data,3.1,1.2,AO,20210428203909,20210428203909,VOLTAGE_BatteryCPU_volts,6.7,181.0
1900683,Argo technical data,3.1,1.2,AO,20210428203909,20210428203909,VOLTAGE_Aux_volts,14.4,181.0
1900683,Argo technical data,3.1,1.2,AO,20210428203909,20210428203909,PRESSURE_InternalVacuum_COUNT,67,181.0
1900683,Argo technical data,3.1,1.2,AO,20210428203909,20210428203909,FLAG_System_NUMBER,4,181.0
1900683,Argo technical data,3.1,1.2,AO,20210428203909,20210428203909,PRES_InitialStabilizationDuringDescentToPark_dbar,1800.0,182.0
1900683,Argo technical data,3.1,1.2,AO,20210428203909,20210428203909,PRES_SurfaceOffsetCorrectedNotReset_1cBarResolution_dbar,5.2,182.0
1900683,Argo technical data,3.1,1.2,AO,20210428203909,20210428203909,NUMBER_ProfileSamples_COUNT,78,182.0
1900683,Argo technical data,3.1,1.2,AO,20210428203909,20210428203909,VOLTAGE_BatteryCPU_volts,6.7,182.0
1900683,Argo technical data,3.1,1.2,AO,20210428203909,20210428203909,VOLTAGE_Aux_volts,14.4,182.0
1900683,Argo technical data,3.1,1.2,AO,20210428203909,20210428203909,PRESSURE_InternalVacuum_COUNT,67,182.0
1900683,Argo technical data,3.1,1.2,AO,20210428203909,20210428203909,FLAG_System_NUMBER,4,182.0
1900683,Argo technical data,3.1,1.2,AO,20210428203909,20210428203909,PRES_InitialStabilizationDuringDescentToPark_dbar,1800.0,183.0
1900683,Argo technical data,3.1,1.2,AO,20210428203909,20210428203909,PRES_SurfaceOffsetCorrectedNotReset_1cBarResolution_dbar,5.4,183.0
1900683,Argo technical data,3.1,1.2,AO,20210428203909,20210428203909,NUMBER_ProfileSamples_COUNT,78,183.0
1900683,Argo technical data,3.1,1.2,AO,20210428203909,20210428203909,VOLTAGE_BatteryCPU_volts,6.7,183.0
1900683,Argo technical data,3.1,1.2,AO,20210428203909,20210428203909,VOLTAGE_Aux_volts,14.4,183.0
1900683,Argo technical data,3.1,1.2,AO,20210428203909,20210428203909,PRESSURE_InternalVacuum_COUNT,67,183.0
1900683,Argo technical data,3.1,1.2,AO,20210428203909,20210428203909,FLAG_System_NUMBER,4,183.0
1900683,Argo technical data,3.1,1.2,AO,20210428203909,20210428203909,PRES_InitialStabilizationDuringDescentToPark_dbar,1800.0,184.0
1900683,Argo technical data,3.1,1.2,AO,20210428203909,20210428203909,PRES_SurfaceOffsetCorrectedNotReset_1cBarResolution_dbar,5.4,184.0
1900683,Argo technical data,3.1,1.2,AO,20210428203909,20210428203909,NUMBER_ProfileSamples_COUNT,78,184.0
1900683,Argo technical data,3.1,1.2,AO,20210428203909,20210428203909,VOLTAGE_BatteryCPU_volts,6.7,184.0
1900683,Argo technical data,3.1,1.2,AO,20210428203909,20210428203909,VOLTAGE_Aux_volts,14.4,184.0
1900683,Argo technical data,3.1,1.2,AO,20210428203909,20210428203909,PRESSURE_InternalVacuum_COUNT,68,184.0
1900683,Argo technical data,3.1,1.2,AO,20210428203909,20210428203909,FLAG_System_NUMBER,4,184.0
1900683,Argo technical data,3.1,1.2,AO,20210428203909,20210428203909,PRES_InitialStabilizationDuringDescentToPark_dbar,1800.0,185.0
1900683,Argo technical data,3.1,1.2,AO,20210428203909,20210428203909,PRES_SurfaceOffsetCorrectedNotReset_1cBarResolution_dbar,5.4,185.0
1900683,Argo technical data,3.1,1.2,AO,20210428203909,20210428203909,NUMBER_ProfileSamples_COUNT,78,185.0
1900683,Argo technical data,3.1,1.2,AO,20210428203909,20210428203909,VOLTAGE_BatteryCPU_volts,6.7,185.0
1900683,Argo technical data,3.1,1.2,AO,20210428203909,20210428203909,VOLTAGE_Aux_volts,14.4,185.0
1900683,Argo technical data,3.1,1.2,AO,20210428203909,20210428203909,PRESSURE_InternalVacuum_COUNT,67,185.0
1900683,Argo technical data,3.1,1.2,AO,20210428203909,20210428203909,FLAG_System_NUMBER,4,185.0
1900683,Argo technical data,3.1,1.2,AO,20210428203909,20210428203909,PRES_InitialStabilizationDuringDescentToPark_dbar,1800.0,186.0
1900683,Argo technical data,3.1,1.2,AO,20210428203909,20210428203909,PRES_SurfaceOffsetCorrectedNotReset_1cBarResolution_dbar,5.4,186.0
1900683,Argo technical data,3.1,1.2,AO,20210428203909,20210428203909,NUMBER_ProfileSamples_COUNT,78,186.0
1900683,Argo technical data,3.1,1.2,AO,20210428203909,20210428203909,VOLTAGE_BatteryCPU_volts,6.7,186.0
1900683,Argo technical data,3.1,1.2,AO,20210428203909,20210428203909,VOLTAGE_Aux_volts,14.4,186.0
1900683,Argo technical data,3.1,1.2,AO,20210428203909,20210428203909,PRESSURE_InternalVacuum_COUNT,67,186.0
1900683,Argo technical data,3.1,1.2,AO,20210428203909,20210428203909,FLAG_System_NUMBER,4,186.0
1900683,Argo technical data,3.1,1.2,AO,20210428203909,20210428203909,PRES_InitialStabilizationDuringDescentToPark_dbar,1800.0,187.0
1900683,Argo technical data,3.1,1.2,AO,20210428203909,20210428203909,PRES_SurfaceOffsetCorrectedNotReset_1cBarResolution_dbar,5.4,187.0
1900683,Argo technical data,3.1,1.2,AO,20210428203909,20210428203909,NUMBER_ProfileSamples_COUNT,78,187.0
1900683,Argo technical data,3.1,1.2,AO,20210428203909,20210428203909,VOLTAGE_BatteryCPU_volts,6.7,187.0
1900683,Argo technical data,3.1,1.2,AO,20210428203909,20210428203909,VOLTAGE_Aux_volts,14.4,187.0
1900683,Argo technical data,3.1,1.2,AO,20210428203909,20210428203909,PRESSURE_InternalVacuum_COUNT,67,187.0
1900683,Argo technical data,3.1,1.2,AO,20210428203909,20210428203909,FLAG_System_NUMBER,4,187.0
1900683,Argo technical data,3.1,1.2,AO,20210428203909,20210428203909,PRES_InitialStabilizationDuringDescentToPark_dbar,1800.0,188.0
1900683,Argo technical data,3.1,1.2,AO,20210428203909,20210428203909,PRES_SurfaceOffsetCorrectedNotReset_1cBarResolution_dbar,5.3,188.0
1900683,Argo technical data,3.1,1.2,AO,20210428203909,20210428203909,NUMBER_ProfileSamples_COUNT,78,188.0
1900683,Argo technical data,3.1,1.2,AO,20210428203909,20210428203909,VOLTAGE_BatteryCPU_volts,6.7,188.0
1900683,Argo technical data,3.1,1.2,AO,20210428203909,20210428203909,VOLTAGE_Aux_volts,14.4,188.0
1900683,Argo technical data,3.1,1.2,AO,20210428203909,20210428203909,PRESSURE_InternalVacuum_COUNT,68,188.0
1900683,Argo technical data,3.1,1.2,AO,20210428203909,20210428203909,FLAG_System_NUMBER,4,188.0
1900683,Argo technical data,3.1,1.2,AO,20210428203909,20210428203909,PRES_InitialStabilizationDuringDescentToPark_dbar,1800.0,189.0
1900683,Argo technical data,3.1,1.2,AO,20210428203909,20210428203909,PRES_SurfaceOffsetCorrectedNotReset_1cBarResolution_dbar,5.2,189.0
1900683,Argo technical data,3.1,1.2,AO,20210428203909,20210428203909,NUMBER_ProfileSamples_COUNT,78,189.0
1900683,Argo technical data,3.1,1.2,AO,20210428203909,20210428203909,VOLTAGE_BatteryCPU_volts,6.7,189.0
1900683,Argo technical data,3.1,1.2,AO,20210428203909,20210428203909,VOLTAGE_Aux_volts,14.4,189.0
1900683,Argo technical data,3.1,1.2,AO,20210428203909,20210428203909,PRESSURE_InternalVacuum_COUNT,68,189.0
1900683,Argo technical data,3.1,1.2,AO,20210428203909,20210428203909,FLAG_System_NUMBER,4,189.0
1900683,Argo technical data,3.1,1.2,AO,20210428203909,20210428203909,PRES_InitialStabilizationDuringDescentToPark_dbar,1800.0,190.0
1900683,Argo technical data,3.1,1.2,AO,20210428203909,20210428203909,PRES_SurfaceOffsetCorrectedNotReset_1cBarResolution_dbar,5.4,190.0
1900683,Argo technical data,3.1,1.2,AO,20210428203909,20210428203909,NUMBER_ProfileSamples_COUNT,78,190.0
1900683,Argo technical data,3.1,1.2,AO,20210428203909,20210428203909,VOLTAGE_BatteryCPU_volts,6.7,190.0
1900683,Argo technical data,3.1,1.2,AO,20210428203909,20210428203909,VOLTAGE_Aux_volts,14.3,190.0
1900683,Argo technical data,3.1,1.2,AO,20210428203909,20210428203909,PRESSURE_InternalVacuum_COUNT,68,190.0
1900683,Argo technical data,3.1,1.2,AO,20210428203909,20210428203909,FLAG_System_NUMBER,4,190.0
1900683,Argo technical data,3.1,1.2,AO,20210428203909,20210428203909,PRES_InitialStabilizationDuringDescentToPark_dbar,1800.0,191.0
1900683,Argo technical data,3.1,1.2,AO,20210428203909,20210428203909,PRES_SurfaceOffsetCorrectedNotReset_1cBarResolution_dbar,5.3,191.0
1900683,Argo technical data,3.1,1.2,AO,20210428203909,20210428203909,NUMBER_ProfileSamples_COUNT,78,191.0
1900683,Argo technical data,3.1,1.2,AO,20210428203909,20210428203909,VOLTAGE_BatteryCPU_volts,6.7,191.0
1900683,Argo technical data,3.1,1.2,AO,20210428203909,20210428203909,VOLTAGE_Aux_volts,14.4,191.0
1900683,Argo technical data,3.1,1.2,AO,20210428203909,20210428203909,PRESSURE_InternalVacuum_COUNT,67,191.0
1900683,Argo technical data,3.1,1.2,AO,20210428203909,20210428203909,FLAG_System_NUMBER,4,191.0
1900683,Argo technical data,3.1,1.2,AO,20210428203909,20210428203909,PRES_InitialStabilizationDuringDescentToPark_dbar,0.0,192.0
1900683,Argo technical data,3.1,1.2,AO,20210428203909,20210428203909,PRES_SurfaceOffsetCorrectedNotReset_1cBarResolution_dbar,0.1,192.0
1900683,Argo technical data,3.1,1.2,AO,20210428203909,20210428203909,NUMBER_ProfileSamples_COUNT,65535,192.0
1900683,Argo technical data,3.1,1.2,AO,20210428203909,20210428203909,VOLTAGE_BatteryCPU_volts,6.8,192.0
1900683,Argo technical data,3.1,1.2,AO,20210428203909,20210428203909,VOLTAGE_Aux_volts,14.4,192.0
1900683,Argo technical data,3.1,1.2,AO,20210428203909,20210428203909,PRESSURE_InternalVacuum_COUNT,67,192.0
1900683,Argo technical data,3.1,1.2,AO,20210428203909,20210428203909,FLAG_System_NUMBER,4,192.0
1900683,Argo technical data,3.1,1.2,AO,20210428203909,20210428203909,PRES_InitialStabilizationDuringDescentToPark_dbar,1800.0,193.0
1900683,Argo technical data,3.1,1.2,AO,20210428203909,20210428203909,PRES_SurfaceOffsetCorrectedNotReset_1cBarResolution_dbar,5.3,193.0
1900683,Argo technical data,3.1,1.2,AO,20210428203909,20210428203909,NUMBER_ProfileSamples_COUNT,78,193.0
1900683,Argo technical data,3.1,1.2,AO,20210428203909,20210428203909,VOLTAGE_BatteryCPU_volts,6.7,193.0
1900683,Argo technical data,3.1,1.2,AO,20210428203909,20210428203909,VOLTAGE_Aux_volts,14.4,193.0
1900683,Argo technical data,3.1,1.2,AO,20210428203909,20210428203909,PRESSURE_InternalVacuum_COUNT,68,193.0
1900683,Argo technical data,3.1,1.2,AO,20210428203909,20210428203909,FLAG_System_NUMBER,4,193.0
1900683,Argo technical data,3.1,1.2,AO,20210428203909,20210428203909,PRES_InitialStabilizationDuringDescentToPark_dbar,1800.0,194.0
1900683,Argo technical data,3.1,1.2,AO,20210428203909,20210428203909,PRES_SurfaceOffsetCorrectedNotReset_1cBarResolution_dbar,5.4,194.0
1900683,Argo technical data,3.1,1.2,AO,20210428203909,20210428203909,NUMBER_ProfileSamples_COUNT,78,194.0
1900683,Argo technical data,3.1,1.2,AO,20210428203909,20210428203909,VOLTAGE_BatteryCPU_volts,6.7,194.0
1900683,Argo technical data,3.1,1.2,AO,20210428203909,20210428203909,VOLTAGE_Aux_volts,14.4,194.0
1900683,Argo technical data,3.1,1.2,AO,20210428203909,20210428203909,PRESSURE_InternalVacuum_COUNT,68,194.0
1900683,Argo technical data,3.1,1.2,AO,20210428203909,20210428203909,FLAG_System_NUMBER,4,194.0
1900683,Argo technical data,3.1,1.2,AO,20210428203909,20210428203909,PRES_InitialStabilizationDuringDescentToPark_dbar,1800.0,195.0
1900683,Argo technical data,3.1,1.2,AO,20210428203909,20210428203909,PRES_SurfaceOffsetCorrectedNotReset_1cBarResolution_dbar,5.4,195.0
1900683,Argo technical data,3.1,1.2,AO,20210428203909,20210428203909,NUMBER_ProfileSamples_COUNT,78,195.0
1900683,Argo technical data,3.1,1.2,AO,20210428203909,20210428203909,VOLTAGE_BatteryCPU_volts,6.7,195.0
1900683,Argo technical data,3.1,1.2,AO,20210428203909,20210428203909,VOLTAGE_Aux_volts,14.3,195.0
1900683,Argo technical data,3.1,1.2,AO,20210428203909,20210428203909,PRESSURE_InternalVacuum_COUNT,67,195.0
1900683,Argo technical data,3.1,1.2,AO,20210428203909,20210428203909,FLAG_System_NUMBER,4,195.0
1900683,Argo technical data,3.1,1.2,AO,20210428203909,20210428203909,PRES_InitialStabilizationDuringDescentToPark_dbar,1800.0,196.0
1900683,Argo technical data,3.1,1.2,AO,20210428203909,20210428203909,PRES_SurfaceOffsetCorrectedNotReset_1cBarResolution_dbar,5.3,196.0
1900683,Argo technical data,3.1,1.2,AO,20210428203909,20210428203909,NUMBER_ProfileSamples_COUNT,78,196.0
1900683,Argo technical data,3.1,1.2,AO,20210428203909,20210428203909,VOLTAGE_BatteryCPU_volts,6.7,196.0
1900683,Argo technical data,3.1,1.2,AO,20210428203909,20210428203909,VOLTAGE_Aux_volts,14.4,196.0
1900683,Argo technical data,3.1,1.2,AO,20210428203909,20210428203909,PRESSURE_InternalVacuum_COUNT,68,196.0
1900683,Argo technical data,3.1,1.2,AO,20210428203909,20210428203909,FLAG_System_NUMBER,4,196.0
1900683,Argo technical data,3.1,1.2,AO,20210428203909,20210428203909,PRES_InitialStabilizationDuringDescentToPark_dbar,1800.0,197.0
1900683,Argo technical data,3.1,1.2,AO,20210428203909,20210428203909,PRES_SurfaceOffsetCorrectedNotReset_1cBarResolution_dbar,5.3,197.0
1900683,Argo technical data,3.1,1.2,AO,20210428203909,20210428203909,NUMBER_ProfileSamples_COUNT,78,197.0
1900683,Argo technical data,3.1,1.2,AO,20210428203909,20210428203909,VOLTAGE_BatteryCPU_volts,6.7,197.0
1900683,Argo technical data,3.1,1.2,AO,20210428203909,20210428203909,VOLTAGE_Aux_volts,14.3,197.0
1900683,Argo technical data,3.1,1.2,AO,20210428203909,20210428203909,PRESSURE_InternalVacuum_COUNT,68,197.0
1900683,Argo technical data,3.1,1.2,AO,20210428203909,20210428203909,FLAG_System_NUMBER,4,197.0
1900683,Argo technical data,3.1,1.2,AO,20210428203909,20210428203909,PRES_InitialStabilizationDuringDescentToPark_dbar,0.1,198.0
1900683,Argo technical data,3.1,1.2,AO,20210428203909,20210428203909,PRES_SurfaceOffsetCorrectedNotReset_1cBarResolution_dbar,0.1,198.0
1900683,Argo technical data,3.1,1.2,AO,20210428203909,20210428203909,NUMBER_ProfileSamples_COUNT,65535,198.0
1900683,Argo technical data,3.1,1.2,AO,20210428203909,20210428203909,VOLTAGE_BatteryCPU_volts,6.8,198.0
1900683,Argo technical data,3.1,1.2,AO,20210428203909,20210428203909,VOLTAGE_Aux_volts,14.3,198.0
1900683,Argo technical data,3.1,1.2,AO,20210428203909,20210428203909,PRESSURE_InternalVacuum_COUNT,69,198.0
1900683,Argo technical data,3.1,1.2,AO,20210428203909,20210428203909,FLAG_System_NUMBER,4,198.0
1900683,Argo technical data,3.1,1.2,AO,20210428203909,20210428203909,PRES_InitialStabilizationDuringDescentToPark_dbar,1800.0,199.0
1900683,Argo technical data,3.1,1.2,AO,20210428203909,20210428203909,PRES_SurfaceOffsetCorrectedNotReset_1cBarResolution_dbar,5.3,199.0
1900683,Argo technical data,3.1,1.2,AO,20210428203909,20210428203909,NUMBER_ProfileSamples_COUNT,78,199.0
1900683,Argo technical data,3.1,1.2,AO,20210428203909,20210428203909,VOLTAGE_BatteryCPU_volts,6.7,199.0
1900683,Argo technical data,3.1,1.2,AO,20210428203909,20210428203909,VOLTAGE_Aux_volts,14.4,199.0
1900683,Argo technical data,3.1,1.2,AO,20210428203909,20210428203909,PRESSURE_InternalVacuum_COUNT,68,199.0
1900683,Argo technical data,3.1,1.2,AO,20210428203909,20210428203909,FLAG_System_NUMBER,4,199.0
1900683,Argo technical data,3.1,1.2,AO,20210428203909,20210428203909,PRES_InitialStabilizationDuringDescentToPark_dbar,0.1,200.0
1900683,Argo technical data,3.1,1.2,AO,20210428203909,20210428203909,PRES_SurfaceOffsetCorrectedNotReset_1cBarResolution_dbar,0.1,200.0
1900683,Argo technical data,3.1,1.2,AO,20210428203909,20210428203909,NUMBER_ProfileSamples_COUNT,65535,200.0
1900683,Argo technical data,3.1,1.2,AO,20210428203909,20210428203909,VOLTAGE_BatteryCPU_volts,6.7,200.0
1900683,Argo technical data,3.1,1.2,AO,20210428203909,20210428203909,VOLTAGE_Aux_volts,14.3,200.0
1900683,Argo technical data,3.1,1.2,AO,20210428203909,20210428203909,PRESSURE_InternalVacuum_COUNT,68,200.0
1900683,Argo technical data,3.1,1.2,AO,20210428203909,20210428203909,FLAG_System_NUMBER,4,200.0
