N_PARAM,N_MEASUREMENT,N_CYCLE,N_HISTORY,DATA_TYPE,FORMAT_VERSION,HANDBOOK_VERSION,REFERENCE_DATE_TIME,DATE_CREATION,DATE_UPDATE,PLATFORM_NUMBER,PROJECT_NAME,PI_NAME,TRAJECTORY_PARAMETERS,DATA_CENTRE,DATA_STATE_INDICATOR,PLATFORM_TYPE,FLOAT_SERIAL_NO,FIRMWARE_VERSION,WMO_INST_TYPE,POSITIONING_SYSTEM,JULD,JULD_STATUS,JULD_QC,JULD_ADJUSTED,JULD_ADJUSTED_STATUS,JULD_ADJUSTED_QC,LATITUDE,LONGITUDE,POSITION_ACCURACY,POSITION_QC,CYCLE_NUMBER,CYCLE_NUMBER_ADJUSTED,MEASUREMENT_CODE,PRES,PRES_QC,PRES_ADJUSTED,PRES_ADJUSTED_QC,PRES_ADJUSTED_ERROR,TEMP,TEMP_QC,TEMP_ADJUSTED,TEMP_ADJUSTED_QC,TEMP_ADJUSTED_ERROR,PSAL,PSAL_QC,PSAL_ADJUSTED,PSAL_ADJUSTED_QC,PSAL_ADJUSTED_ERROR,AXES_ERROR_ELLIPSE_MAJOR,AXES_ERROR_ELLIPSE_MINOR,AXES_ERROR_ELLIPSE_ANGLE,SATELLITE_NAME,JULD_DESCENT_START,JULD_DESCENT_START_STATUS,JULD_FIRST_STABILIZATION,JULD_FIRST_STABILIZATION_STATUS,JULD_DESCENT_END,JULD_DESCENT_END_STATUS,JULD_PARK_START,JULD_PARK_START_STATUS,JULD_PARK_END,JULD_PARK_END_STATUS,JULD_DEEP_DESCENT_END,JULD_DEEP_DESCENT_END_STATUS,JULD_DEEP_PARK_START,JULD_DEEP_PARK_START_STATUS,JULD_ASCENT_START,JULD_ASCENT_START_STATUS,JULD_DEEP_ASCENT_START,JULD_DEEP_ASCENT_START_STATUS,JULD_ASCENT_END,JULD_ASCENT_END_STATUS,JULD_TRANSMISSION_START,JULD_TRANSMISSION_START_STATUS,JULD_FIRST_MESSAGE,JULD_FIRST_MESSAGE_STATUS,JULD_FIRST_LOCATION,JULD_FIRST_LOCATION_STATUS,JULD_LAST_LOCATION,JULD_LAST_LOCATION_STATUS,JULD_LAST_MESSAGE,JULD_LAST_MESSAGE_STATUS,JULD_TRANSMISSION_END,JULD_TRANSMISSION_END_STATUS,CLOCK_OFFSET,GROUNDED,REPRESENTATIVE_PARK_PRESSURE,REPRESENTATIVE_PARK_PRESSURE_STATUS,CONFIG_MISSION_NUMBER,CYCLE_NUMBER_INDEX,CYCLE_NUMBER_INDEX_ADJUSTED,DATA_MODE,HISTORY_INSTITUTION,HISTORY_STEP,HISTORY_SOFTWARE,HISTORY_SOFTWARE_RELEASE,HISTORY_REFERENCE,HISTORY_DATE,HISTORY_ACTION,HISTORY_PARAMETER,HISTORY_PREVIOUS_VALUE,HISTORY_INDEX_DIMENSION,HISTORY_START_INDEX,HISTORY_STOP_INDEX,HISTORY_QCTEST
0,0,0,0,Argo trajectory,3.1,1.2,19500101000000,20210428203909,20210428203909,1900683,US ARGO PROJECT,BRECK OWENS,PRES,AO,2B,SOLO_W,SL524,1.10,851,ARGOS,2006-02-14 23:36:00.002519808,1,1,,,,-48.999332427978516,7.052499771118164,,0,-1.0,,0.0,,,,,,,,,,,,,,,,,,,,,9,,9,,9,,9,,9,,9,,,,9,,9,,9,,9,2006-02-15 13:31:03.001439744,2,2006-02-15 13:36:54.001447168,4,2006-02-16 01:27:00.000146432,4,2006-02-16 01:43:26.000169472,2,,9,,U,,,1.0,0.0,,R,AO,ARGQ,QCPL,,,20210428203909,QCP$,,,,,,0
0,0,0,1,Argo trajectory,3.1,1.2,19500101000000,20210428203909,20210428203909,1900683,US ARGO PROJECT,BRECK OWENS,PRES,AO,2B,SOLO_W,SL524,1.10,851,ARGOS,2006-02-14 23:36:00.002519808,1,1,,,,-48.999332427978516,7.052499771118164,,0,-1.0,,0.0,,,,,,,,,,,,,,,,,,,,,9,,9,,9,,9,,9,,9,,,,9,,9,,9,,9,2006-02-15 13:31:03.001439744,2,2006-02-15 13:36:54.001447168,4,2006-02-16 01:27:00.000146432,4,2006-02-16 01:43:26.000169472,2,,9,,U,,,1.0,0.0,,R,AO,ARGQ,QCPL,,,20210428203909,QCF$,,,,,,0
0,0,0,2,Argo trajectory,3.1,1.2,19500101000000,20210428203909,20210428203909,1900683,US ARGO PROJECT,BRECK OWENS,PRES,AO,2B,SOLO_W,SL524,1.10,851,ARGOS,2006-02-14 23:36:00.002519808,1,1,,,,-48.999332427978516,7.052499771118164,,0,-1.0,,0.0,,,,,,,,,,,,,,,,,,,,,9,,9,,9,,9,,9,,9,,,,9,,9,,9,,9,2006-02-15 13:31:03.001439744,2,2006-02-15 13:36:54.001447168,4,2006-02-16 01:27:00.000146432,4,2006-02-16 01:43:26.000169472,2,,9,,U,,,1.0,0.0,,R,,,,,,,,,,,,,
0,0,0,3,Argo trajectory,3.1,1.2,19500101000000,20210428203909,20210428203909,1900683,US ARGO PROJECT,BRECK OWENS,PRES,AO,2B,SOLO_W,SL524,1.10,851,ARGOS,2006-02-14 23:36:00.002519808,1,1,,,,-48.999332427978516,7.052499771118164,,0,-1.0,,0.0,,,,,,,,,,,,,,,,,,,,,9,,9,,9,,9,,9,,9,,,,9,,9,,9,,9,2006-02-15 13:31:03.001439744,2,2006-02-15 13:36:54.001447168,4,2006-02-16 01:27:00.000146432,4,2006-02-16 01:43:26.000169472,2,,9,,U,,,1.0,0.0,,R,,,,,,,,,,,,,
0,0,0,4,Argo trajectory,3.1,1.2,19500101000000,20210428203909,20210428203909,1900683,US ARGO PROJECT,BRECK OWENS,PRES,AO,2B,SOLO_W,SL524,1.10,851,ARGOS,2006-02-14 23:36:00.002519808,1,1,,,,-48.999332427978516,7.052499771118164,,0,-1.0,,0.0,,,,,,,,,,,,,,,,,,,,,9,,9,,9,,9,,9,,9,,,,9,,9,,9,,9,2006-02-15 13:31:03.001439744,2,2006-02-15 13:36:54.001447168,4,2006-02-16 01:27:00.000146432,4,2006-02-16 01:43:26.000169472,2,,9,,U,,,1.0,0.0,,R,,,,,,,,,,,,,
0,0,0,5,Argo trajectory,3.1,1.2,19500101000000,20210428203909,20210428203909,1900683,US ARGO PROJECT,BRECK OWENS,PRES,AO,2B,SOLO_W,SL524,1.10,851,ARGOS,2006-02-14 23:36:00.002519808,1,1,,,,-48.999332427978516,7.052499771118164,,0,-1.0,,0.0,,,,,,,,,,,,,,,,,,,,,9,,9,,9,,9,,9,,9,,,,9,,9,,9,,9,2006-02-15 13:31:03.001439744,2,2006-02-15 13:36:54.001447168,4,2006-02-16 01:27:00.000146432,4,2006-02-16 01:43:26.000169472,2,,9,,U,,,1.0,0.0,,R,,,,,,,,,,,,,
0,0,0,6,Argo trajectory,3.1,1.2,19500101000000,20210428203909,20210428203909,1900683,US ARGO PROJECT,BRECK OWENS,PRES,AO,2B,SOLO_W,SL524,1.10,851,ARGOS,2006-02-14 23:36:00.002519808,1,1,,,,-48.999332427978516,7.052499771118164,,0,-1.0,,0.0,,,,,,,,,,,,,,,,,,,,,9,,9,,9,,9,,9,,9,,,,9,,9,,9,,9,2006-02-15 13:31:03.001439744,2,2006-02-15 13:36:54.001447168,4,2006-02-16 01:27:00.000146432,4,2006-02-16 01:43:26.000169472,2,,9,,U,,,1.0,0.0,,R,,,,,,,,,,,,,
0,0,0,7,Argo trajectory,3.1,1.2,19500101000000,20210428203909,20210428203909,1900683,US ARGO PROJECT,BRECK OWENS,PRES,AO,2B,SOLO_W,SL524,1.10,851,ARGOS,2006-02-14 23:36:00.002519808,1,1,,,,-48.999332427978516,7.052499771118164,,0,-1.0,,0.0,,,,,,,,,,,,,,,,,,,,,9,,9,,9,,9,,9,,9,,,,9,,9,,9,,9,2006-02-15 13:31:03.001439744,2,2006-02-15 13:36:54.001447168,4,2006-02-16 01:27:00.000146432,4,2006-02-16 01:43:26.000169472,2,,9,,U,,,1.0,0.0,,R,,,,,,,,,,,,,
0,0,0,8,Argo trajectory,3.1,1.2,19500101000000,20210428203909,20210428203909,1900683,US ARGO PROJECT,BRECK OWENS,PRES,AO,2B,SOLO_W,SL524,1.10,851,ARGOS,2006-02-14 23:36:00.002519808,1,1,,,,-48.999332427978516,7.052499771118164,,0,-1.0,,0.0,,,,,,,,,,,,,,,,,,,,,9,,9,,9,,9,,9,,9,,,,9,,9,,9,,9,2006-02-15 13:31:03.001439744,2,2006-02-15 13:36:54.001447168,4,2006-02-16 01:27:00.000146432,4,2006-02-16 01:43:26.000169472,2,,9,,U,,,1.0,0.0,,R,,,,,,,,,,,,,
0,0,0,9,Argo trajectory,3.1,1.2,19500101000000,20210428203909,20210428203909,1900683,US ARGO PROJECT,BRECK OWENS,PRES,AO,2B,SOLO_W,SL524,1.10,851,ARGOS,2006-02-14 23:36:00.002519808,1,1,,,,-48.999332427978516,7.052499771118164,,0,-1.0,,0.0,,,,,,,,,,,,,,,,,,,,,9,,9,,9,,9,,9,,9,,,,9,,9,,9,,9,2006-02-15 13:31:03.001439744,2,2006-02-15 13:36:54.001447168,4,2006-02-16 01:27:00.000146432,4,2006-02-16 01:43:26.000169472,2,,9,,U,,,1.0,0.0,,R,,,,,,,,,,,,,
0,0,0,10,Argo trajectory,3.1,1.2,19500101000000,20210428203909,20210428203909,1900683,US ARGO PROJECT,BRECK OWENS,PRES,AO,2B,SOLO_W,SL524,1.10,851,ARGOS,2006-02-14 23:36:00.002519808,1,1,,,,-48.999332427978516,7.052499771118164,,0,-1.0,,0.0,,,,,,,,,,,,,,,,,,,,,9,,9,,9,,9,,9,,9,,,,9,,9,,9,,9,2006-02-15 13:31:03.001439744,2,2006-02-15 13:36:54.001447168,4,2006-02-16 01:27:00.000146432,4,2006-02-16 01:43:26.000169472,2,,9,,U,,,1.0,0.0,,R,,,,,,,,,,,,,
0,0,0,11,Argo trajectory,3.1,1.2,19500101000000,20210428203909,20210428203909,1900683,US ARGO PROJECT,BRECK OWENS,PRES,AO,2B,SOLO_W,SL524,1.10,851,ARGOS,2006-02-14 23:36:00.002519808,1,1,,,,-48.999332427978516,7.052499771118164,,0,-1.0,,0.0,,,,,,,,,,,,,,,,,,,,,9,,9,,9,,9,,9,,9,,,,9,,9,,9,,9,2006-02-15 13:31:03.001439744,2,2006-02-15 13:36:54.001447168,4,2006-02-16 01:27:00.000146432,4,2006-02-16 01:43:26.000169472,2,,9,,U,,,1.0,0.0,,R,,,,,,,,,,,,,
0,0,0,12,Argo trajectory,3.1,1.2,19500101000000,20210428203909,20210428203909,1900683,US ARGO PROJECT,BRECK OWENS,PRES,AO,2B,SOLO_W,SL524,1.10,851,ARGOS,2006-02-14 23:36:00.002519808,1,1,,,,-48.999332427978516,7.052499771118164,,0,-1.0,,0.0,,,,,,,,,,,,,,,,,,,,,9,,9,,9,,9,,9,,9,,,,9,,9,,9,,9,2006-02-15 13:31:03.001439744,2,2006-02-15 13:36:54.001447168,4,2006-02-16 01:27:00.000146432,4,2006-02-16 01:43:26.000169472,2,,9,,U,,,1.0,0.0,,R,,,,,,,,,,,,,
0,0,0,13,Argo trajectory,3.1,1.2,19500101000000,20210428203909,20210428203909,1900683,US ARGO PROJECT,BRECK OWENS,PRES,AO,2B,SOLO_W,SL524,1.10,851,ARGOS,2006-02-14 23:36:00.002519808,1,1,,,,-48.999332427978516,7.052499771118164,,0,-1.0,,0.0,,,,,,,,,,,,,,,,,,,,,9,,9,,9,,9,,9,,9,,,,9,,9,,9,,9,2006-02-15 13:31:03.001439744,2,2006-02-15 13:36:54.001447168,4,2006-02-16 01:27:00.000146432,4,2006-02-16 01:43:26.000169472,2,,9,,U,,,1.0,0.0,,R,,,,,,,,,,,,,
0,0,0,14,Argo trajectory,3.1,1.2,19500101000000,20210428203909,20210428203909,1900683,US ARGO PROJECT,BRECK OWENS,PRES,AO,2B,SOLO_W,SL524,1.10,851,ARGOS,2006-02-14 23:36:00.002519808,1,1,,,,-48.999332427978516,7.052499771118164,,0,-1.0,,0.0,,,,,,,,,,,,,,,,,,,,,9,,9,,9,,9,,9,,9,,,,9,,9,,9,,9,2006-02-15 13:31:03.001439744,2,2006-02-15 13:36:54.001447168,4,2006-02-16 01:27:00.000146432,4,2006-02-16 01:43:26.000169472,2,,9,,U,,,1.0,0.0,,R,,,,,,,,,,,,,
0,0,0,15,Argo trajectory,3.1,1.2,19500101000000,20210428203909,20210428203909,1900683,US ARGO PROJECT,BRECK OWENS,PRES,AO,2B,SOLO_W,SL524,1.10,851,ARGOS,2006-02-14 23:36:00.002519808,1,1,,,,-48.999332427978516,7.052499771118164,,0,-1.0,,0.0,,,,,,,,,,,,,,,,,,,,,9,,9,,9,,9,,9,,9,,,,9,,9,,9,,9,2006-02-15 13:31:03.001439744,2,2006-02-15 13:36:54.001447168,4,2006-02-16 01:27:00.000146432,4,2006-02-16 01:43:26.000169472,2,,9,,U,,,1.0,0.0,,R,,,,,,,,,,,,,
0,0,0,16,Argo trajectory,3.1,1.2,19500101000000,20210428203909,20210428203909,1900683,US ARGO PROJECT,BRECK OWENS,PRES,AO,2B,SOLO_W,SL524,1.10,851,ARGOS,2006-02-14 23:36:00.002519808,1,1,,,,-48.999332427978516,7.052499771118164,,0,-1.0,,0.0,,,,,,,,,,,,,,,,,,,,,9,,9,,9,,9,,9,,9,,,,9,,9,,9,,9,2006-02-15 13:31:03.001439744,2,2006-02-15 13:36:54.001447168,4,2006-02-16 01:27:00.000146432,4,2006-02-16 01:43:26.000169472,2,,9,,U,,,1.0,0.0,,R,,,,,,,,,,,,,
0,0,0,17,Argo trajectory,3.1,1.2,19500101000000,20210428203909,20210428203909,1900683,US ARGO PROJECT,BRECK OWENS,PRES,AO,2B,SOLO_W,SL524,1.10,851,ARGOS,2006-02-14 23:36:00.002519808,1,1,,,,-48.999332427978516,7.052499771118164,,0,-1.0,,0.0,,,,,,,,,,,,,,,,,,,,,9,,9,,9,,9,,9,,9,,,,9,,9,,9,,9,2006-02-15 13:31:03.001439744,2,2006-02-15 13:36:54.001447168,4,2006-02-16 01:27:00.000146432,4,2006-02-16 01:43:26.000169472,2,,9,,U,,,1.0,0.0,,R,,,,,,,,,,,,,
0,0,0,18,Argo trajectory,3.1,1.2,19500101000000,20210428203909,20210428203909,1900683,US ARGO PROJECT,BRECK OWENS,PRES,AO,2B,SOLO_W,SL524,1.10,851,ARGOS,2006-02-14 23:36:00.002519808,1,1,,,,-48.999332427978516,7.052499771118164,,0,-1.0,,0.0,,,,,,,,,,,,,,,,,,,,,9,,9,,9,,9,,9,,9,,,,9,,9,,9,,9,2006-02-15 13:31:03.001439744,2,2006-02-15 13:36:54.001447168,4,2006-02-16 01:27:00.000146432,4,2006-02-16 01:43:26.000169472,2,,9,,U,,,1.0,0.0,,R,,,,,,,,,,,,,
0,0,0,19,Argo trajectory,3.1,1.2,19500101000000,20210428203909,20210428203909,1900683,US ARGO PROJECT,BRECK OWENS,PRES,AO,2B,SOLO_W,SL524,1.10,851,ARGOS,2006-02-14 23:36:00.002519808,1,1,,,,-48.999332427978516,7.052499771118164,,0,-1.0,,0.0,,,,,,,,,,,,,,,,,,,,,9,,9,,9,,9,,9,,9,,,,9,,9,,9,,9,2006-02-15 13:31:03.001439744,2,2006-02-15 13:36:54.001447168,4,2006-02-16 01:27:00.000146432,4,2006-02-16 01:43:26.000169472,2,,9,,U,,,1.0,0.0,,R,,,,,,,,,,,,,
0,0,0,20,Argo trajectory,3.1,1.2,19500101000000,20210428203909,20210428203909,1900683,US ARGO PROJECT,BRECK OWENS,PRES,AO,2B,SOLO_W,SL524,1.10,851,ARGOS,2006-02-14 23:36:00.002519808,1,1,,,,-48.999332427978516,7.052499771118164,,0,-1.0,,0.0,,,,,,,,,,,,,,,,,,,,,9,,9,,9,,9,,9,,9,,,,9,,9,,9,,9,2006-02-15 13:31:03.001439744,2,2006-02-15 13:36:54.001447168,4,2006-02-16 01:27:00.000146432,4,2006-02-16 01:43:26.000169472,2,,9,,U,,,1.0,0.0,,R,,,,,,,,,,,,,
0,0,0,21,Argo trajectory,3.1,1.2,19500101000000,20210428203909,20210428203909,1900683,US ARGO PROJECT,BRECK OWENS,PRES,AO,2B,SOLO_W,SL524,1.10,851,ARGOS,2006-02-14 23:36:00.002519808,1,1,,,,-48.999332427978516,7.052499771118164,,0,-1.0,,0.0,,,,,,,,,,,,,,,,,,,,,9,,9,,9,,9,,9,,9,,,,9,,9,,9,,9,2006-02-15 13:31:03.001439744,2,2006-02-15 13:36:54.001447168,4,2006-02-16 01:27:00.000146432,4,2006-02-16 01:43:26.000169472,2,,9,,U,,,1.0,0.0,,R,,,,,,,,,,,,,
0,0,0,22,Argo trajectory,3.1,1.2,19500101000000,20210428203909,20210428203909,1900683,US ARGO PROJECT,BRECK OWENS,PRES,AO,2B,SOLO_W,SL524,1.10,851,ARGOS,2006-02-14 23:36:00.002519808,1,1,,,,-48.999332427978516,7.052499771118164,,0,-1.0,,0.0,,,,,,,,,,,,,,,,,,,,,9,,9,,9,,9,,9,,9,,,,9,,9,,9,,9,2006-02-15 13:31:03.001439744,2,2006-02-15 13:36:54.001447168,4,2006-02-16 01:27:00.000146432,4,2006-02-16 01:43:26.000169472,2,,9,,U,,,1.0,0.0,,R,,,,,,,,,,,,,
0,0,0,23,Argo trajectory,3.1,1.2,19500101000000,20210428203909,20210428203909,1900683,US ARGO PROJECT,BRECK OWENS,PRES,AO,2B,SOLO_W,SL524,1.10,851,ARGOS,2006-02-14 23:36:00.002519808,1,1,,,,-48.999332427978516,7.052499771118164,,0,-1.0,,0.0,,,,,,,,,,,,,,,,,,,,,9,,9,,9,,9,,9,,9,,,,9,,9,,9,,9,2006-02-15 13:31:03.001439744,2,2006-02-15 13:36:54.001447168,4,2006-02-16 01:27:00.000146432,4,2006-02-16 01:43:26.000169472,2,,9,,U,,,1.0,0.0,,R,,,,,,,,,,,,,
0,0,0,24,Argo trajectory,3.1,1.2,19500101000000,20210428203909,20210428203909,1900683,US ARGO PROJECT,BRECK OWENS,PRES,AO,2B,SOLO_W,SL524,1.10,851,ARGOS,2006-02-14 23:36:00.002519808,1,1,,,,-48.999332427978516,7.052499771118164,,0,-1.0,,0.0,,,,,,,,,,,,,,,,,,,,,9,,9,,9,,9,,9,,9,,,,9,,9,,9,,9,2006-02-15 13:31:03.001439744,2,2006-02-15 13:36:54.001447168,4,2006-02-16 01:27:00.000146432,4,2006-02-16 01:43:26.000169472,2,,9,,U,,,1.0,0.0,,R,,,,,,,,,,,,,
0,0,1,0,Argo trajectory,3.1,1.2,19500101000000,20210428203909,20210428203909,1900683,US ARGO PROJECT,BRECK OWENS,PRES,AO,2B,SOLO_W,SL524,1.10,851,ARGOS,2006-02-14 23:36:00.002519808,1,1,,,,-48.999332427978516,7.052499771118164,,0,-1.0,,0.0,,,,,,,,,,,,,,,,,,,,,9,,9,,9,,9,,9,,9,,,,9,,9,,9,,9,2006-02-25 13:15:56.001416448,2,2006-02-25 13:21:15.001425408,4,2006-02-26 01:25:29.000143360,4,2006-02-26 01:32:23.000153856,2,,9,,U,,,1.0,1.0,,R,AO,ARGQ,QCPL,,,20210428203909,QCP$,,,,,,0
0,0,1,1,Argo trajectory,3.1,1.2,19500101000000,20210428203909,20210428203909,1900683,US ARGO PROJECT,BRECK OWENS,PRES,AO,2B,SOLO_W,SL524,1.10,851,ARGOS,2006-02-14 23:36:00.002519808,1,1,,,,-48.999332427978516,7.052499771118164,,0,-1.0,,0.0,,,,,,,,,,,,,,,,,,,,,9,,9,,9,,9,,9,,9,,,,9,,9,,9,,9,2006-02-25 13:15:56.001416448,2,2006-02-25 13:21:15.001425408,4,2006-02-26 01:25:29.000143360,4,2006-02-26 01:32:23.000153856,2,,9,,U,,,1.0,1.0,,R,AO,ARGQ,QCPL,,,20210428203909,QCF$,,,,,,0
0,0,1,2,Argo trajectory,3.1,1.2,19500101000000,20210428203909,20210428203909,1900683,US ARGO PROJECT,BRECK OWENS,PRES,AO,2B,SOLO_W,SL524,1.10,851,ARGOS,2006-02-14 23:36:00.002519808,1,1,,,,-48.999332427978516,7.052499771118164,,0,-1.0,,0.0,,,,,,,,,,,,,,,,,,,,,9,,9,,9,,9,,9,,9,,,,9,,9,,9,,9,2006-02-25 13:15:56.001416448,2,2006-02-25 13:21:15.001425408,4,2006-02-26 01:25:29.000143360,4,2006-02-26 01:32:23.000153856,2,,9,,U,,,1.0,1.0,,R,,,,,,,,,,,,,
0,0,1,3,Argo trajectory,3.1,1.2,19500101000000,20210428203909,20210428203909,1900683,US ARGO PROJECT,BRECK OWENS,PRES,AO,2B,SOLO_W,SL524,1.10,851,ARGOS,2006-02-14 23:36:00.002519808,1,1,,,,-48.999332427978516,7.052499771118164,,0,-1.0,,0.0,,,,,,,,,,,,,,,,,,,,,9,,9,,9,,9,,9,,9,,,,9,,9,,9,,9,2006-02-25 13:15:56.001416448,2,2006-02-25 13:21:15.001425408,4,2006-02-26 01:25:29.000143360,4,2006-02-26 01:32:23.000153856,2,,9,,U,,,1.0,1.0,,R,,,,,,,,,,,,,
0,0,1,4,Argo trajectory,3.1,1.2,19500101000000,20210428203909,20210428203909,1900683,US ARGO PROJECT,BRECK OWENS,PRES,AO,2B,SOLO_W,SL524,1.10,851,ARGOS,2006-02-14 23:36:00.002519808,1,1,,,,-48.999332427978516,7.052499771118164,,0,-1.0,,0.0,,,,,,,,,,,,,,,,,,,,,9,,9,,9,,9,,9,,9,,,,9,,9,,9,,9,2006-02-25 13:15:56.001416448,2,2006-02-25 13:21:15.001425408,4,2006-02-26 01:25:29.000143360,4,2006-02-26 01:32:23.000153856,2,,9,,U,,,1.0,1.0,,R,,,,,,,,,,,,,
0,0,1,5,Argo trajectory,3.1,1.2,19500101000000,20210428203909,20210428203909,1900683,US ARGO PROJECT,BRECK OWENS,PRES,AO,2B,SOLO_W,SL524,1.10,851,ARGOS,2006-02-14 23:36:00.002519808,1,1,,,,-48.999332427978516,7.052499771118164,,0,-1.0,,0.0,,,,,,,,,,,,,,,,,,,,,9,,9,,9,,9,,9,,9,,,,9,,9,,9,,9,2006-02-25 13:15:56.001416448,2,2006-02-25 13:21:15.001425408,4,2006-02-26 01:25:29.000143360,4,2006-02-26 01:32:23.000153856,2,,9,,U,,,1.0,1.0,,R,,,,,,,,,,,,,
0,0,1,6,Argo trajectory,3.1,1.2,19500101000000,20210428203909,20210428203909,1900683,US ARGO PROJECT,BRECK OWENS,PRES,AO,2B,SOLO_W,SL524,1.10,851,ARGOS,2006-02-14 23:36:00.002519808,1,1,,,,-48.999332427978516,7.052499771118164,,0,-1.0,,0.0,,,,,,,,,,,,,,,,,,,,,9,,9,,9,,9,,9,,9,,,,9,,9,,9,,9,2006-02-25 13:15:56.001416448,2,2006-02-25 13:21:15.001425408,4,2006-02-26 01:25:29.000143360,4,2006-02-26 01:32:23.000153856,2,,9,,U,,,1.0,1.0,,R,,,,,,,,,,,,,
0,0,1,7,Argo trajectory,3.1,1.2,19500101000000,20210428203909,20210428203909,1900683,US ARGO PROJECT,BRECK OWENS,PRES,AO,2B,SOLO_W,SL524,1.10,851,ARGOS,2006-02-14 23:36:00.002519808,1,1,,,,-48.999332427978516,7.052499771118164,,0,-1.0,,0.0,,,,,,,,,,,,,,,,,,,,,9,,9,,9,,9,,9,,9,,,,9,,9,,9,,9,2006-02-25 13:15:56.001416448,2,2006-02-25 13:21:15.001425408,4,2006-02-26 01:25:29.000143360,4,2006-02-26 01:32:23.000153856,2,,9,,U,,,1.0,1.0,,R,,,,,,,,,,,,,
0,0,1,8,Argo trajectory,3.1,1.2,19500101000000,20210428203909,20210428203909,1900683,US ARGO PROJECT,BRECK OWENS,PRES,AO,2B,SOLO_W,SL524,1.10,851,ARGOS,2006-02-14 23:36:00.002519808,1,1,,,,-48.999332427978516,7.052499771118164,,0,-1.0,,0.0,,,,,,,,,,,,,,,,,,,,,9,,9,,9,,9,,9,,9,,,,9,,9,,9,,9,2006-02-25 13:15:56.001416448,2,2006-02-25 13:21:15.001425408,4,2006-02-26 01:25:29.000143360,4,2006-02-26 01:32:23.000153856,2,,9,,U,,,1.0,1.0,,R,,,,,,,,,,,,,
0,0,1,9,Argo trajectory,3.1,1.2,19500101000000,20210428203909,20210428203909,1900683,US ARGO PROJECT,BRECK OWENS,PRES,AO,2B,SOLO_W,SL524,1.10,851,ARGOS,2006-02-14 23:36:00.002519808,1,1,,,,-48.999332427978516,7.052499771118164,,0,-1.0,,0.0,,,,,,,,,,,,,,,,,,,,,9,,9,,9,,9,,9,,9,,,,9,,9,,9,,9,2006-02-25 13:15:56.001416448,2,2006-02-25 13:21:15.001425408,4,2006-02-26 01:25:29.000143360,4,2006-02-26 01:32:23.000153856,2,,9,,U,,,1.0,1.0,,R,,,,,,,,,,,,,
0,0,1,10,Argo trajectory,3.1,1.2,19500101000000,20210428203909,20210428203909,1900683,US ARGO PROJECT,BRECK OWENS,PRES,AO,2B,SOLO_W,SL524,1.10,851,ARGOS,2006-02-14 23:36:00.002519808,1,1,,,,-48.999332427978516,7.052499771118164,,0,-1.0,,0.0,,,,,,,,,,,,,,,,,,,,,9,,9,,9,,9,,9,,9,,,,9,,9,,9,,9,2006-02-25 13:15:56.001416448,2,2006-02-25 13:21:15.001425408,4,2006-02-26 01:25:29.000143360,4,2006-02-26 01:32:23.000153856,2,,9,,U,,,1.0,1.0,,R,,,,,,,,,,,,,
0,0,1,11,Argo trajectory,3.1,1.2,19500101000000,20210428203909,20210428203909,1900683,US ARGO PROJECT,BRECK OWENS,PRES,AO,2B,SOLO_W,SL524,1.10,851,ARGOS,2006-02-14 23:36:00.002519808,1,1,,,,-48.999332427978516,7.052499771118164,,0,-1.0,,0.0,,,,,,,,,,,,,,,,,,,,,9,,9,,9,,9,,9,,9,,,,9,,9,,9,,9,2006-02-25 13:15:56.001416448,2,2006-02-25 13:21:15.001425408,4,2006-02-26 01:25:29.000143360,4,2006-02-26 01:32:23.000153856,2,,9,,U,,,1.0,1.0,,R,,,,,,,,,,,,,
0,0,1,12,Argo trajectory,3.1,1.2,19500101000000,20210428203909,20210428203909,1900683,US ARGO PROJECT,BRECK OWENS,PRES,AO,2B,SOLO_W,SL524,1.10,851,ARGOS,2006-02-14 23:36:00.002519808,1,1,,,,-48.999332427978516,7.052499771118164,,0,-1.0,,0.0,,,,,,,,,,,,,,,,,,,,,9,,9,,9,,9,,9,,9,,,,9,,9,,9,,9,2006-02-25 13:15:56.001416448,2,2006-02-25 13:21:15.001425408,4,2006-02-26 01:25:29.000143360,4,2006-02-26 01:32:23.000153856,2,,9,,U,,,1.0,1.0,,R,,,,,,,,,,,,,
0,0,1,13,Argo trajectory,3.1,1.2,19500101000000,20210428203909,20210428203909,1900683,US ARGO PROJECT,BRECK OWENS,PRES,AO,2B,SOLO_W,SL524,1.10,851,ARGOS,2006-02-14 23:36:00.002519808,1,1,,,,-48.999332427978516,7.052499771118164,,0,-1.0,,0.0,,,,,,,,,,,,,,,,,,,,,9,,9,,9,,9,,9,,9,,,,9,,9,,9,,9,2006-02-25 13:15:56.001416448,2,2006-02-25 13:21:15.001425408,4,2006-02-26 01:25:29.000143360,4,2006-02-26 01:32:23.000153856,2,,9,,U,,,1.0,1.0,,R,,,,,,,,,,,,,
0,0,1,14,Argo trajectory,3.1,1.2,19500101000000,20210428203909,20210428203909,1900683,US ARGO PROJECT,BRECK OWENS,PRES,AO,2B,SOLO_W,SL524,1.10,851,ARGOS,2006-02-14 23:36:00.002519808,1,1,,,,-48.999332427978516,7.052499771118164,,0,-1.0,,0.0,,,,,,,,,,,,,,,,,,,,,9,,9,,9,,9,,9,,9,,,,9,,9,,9,,9,2006-02-25 13:15:56.001416448,2,2006-02-25 13:21:15.001425408,4,2006-02-26 01:25:29.000143360,4,2006-02-26 01:32:23.000153856,2,,9,,U,,,1.0,1.0,,R,,,,,,,,,,,,,
0,0,1,15,Argo trajectory,3.1,1.2,19500101000000,20210428203909,20210428203909,1900683,US ARGO PROJECT,BRECK OWENS,PRES,AO,2B,SOLO_W,SL524,1.10,851,ARGOS,2006-02-14 23:36:00.002519808,1,1,,,,-48.999332427978516,7.052499771118164,,0,-1.0,,0.0,,,,,,,,,,,,,,,,,,,,,9,,9,,9,,9,,9,,9,,,,9,,9,,9,,9,2006-02-25 13:15:56.001416448,2,2006-02-25 13:21:15.001425408,4,2006-02-26 01:25:29.000143360,4,2006-02-26 01:32:23.000153856,2,,9,,U,,,1.0,1.0,,R,,,,,,,,,,,,,
0,0,1,16,Argo trajectory,3.1,1.2,19500101000000,20210428203909,20210428203909,1900683,US ARGO PROJECT,BRECK OWENS,PRES,AO,2B,SOLO_W,SL524,1.10,851,ARGOS,2006-02-14 23:36:00.002519808,1,1,,,,-48.999332427978516,7.052499771118164,,0,-1.0,,0.0,,,,,,,,,,,,,,,,,,,,,9,,9,,9,,9,,9,,9,,,,9,,9,,9,,9,2006-02-25 13:15:56.001416448,2,2006-02-25 13:21:15.001425408,4,2006-02-26 01:25:29.000143360,4,2006-02-26 01:32:23.000153856,2,,9,,U,,,1.0,1.0,,R,,,,,,,,,,,,,
0,0,1,17,Argo trajectory,3.1,1.2,19500101000000,20210428203909,20210428203909,1900683,US ARGO PROJECT,BRECK OWENS,PRES,AO,2B,SOLO_W,SL524,1.10,851,ARGOS,2006-02-14 23:36:00.002519808,1,1,,,,-48.999332427978516,7.052499771118164,,0,-1.0,,0.0,,,,,,,,,,,,,,,,,,,,,9,,9,,9,,9,,9,,9,,,,9,,9,,9,,9,2006-02-25 13:15:56.001416448,2,2006-02-25 13:21:15.001425408,4,2006-02-26 01:25:29.000143360,4,2006-02-26 01:32:23.000153856,2,,9,,U,,,1.0,1.0,,R,,,,,,,,,,,,,
0,0,1,18,Argo trajectory,3.1,1.2,19500101000000,20210428203909,20210428203909,1900683,US ARGO PROJECT,BRECK OWENS,PRES,AO,2B,SOLO_W,SL524,1.10,851,ARGOS,2006-02-14 23:36:00.002519808,1,1,,,,-48.999332427978516,7.052499771118164,,0,-1.0,,0.0,,,,,,,,,,,,,,,,,,,,,9,,9,,9,,9,,9,,9,,,,9,,9,,9,,9,2006-02-25 13:15:56.001416448,2,2006-02-25 13:21:15.001425408,4,2006-02-26 01:25:29.000143360,4,2006-02-26 01:32:23.000153856,2,,9,,U,,,1.0,1.0,,R,,,,,,,,,,,,,
0,0,1,19,Argo trajectory,3.1,1.2,19500101000000,20210428203909,20210428203909,1900683,US ARGO PROJECT,BRECK OWENS,PRES,AO,2B,SOLO_W,SL524,1.10,851,ARGOS,2006-02-14 23:36:00.002519808,1,1,,,,-48.999332427978516,7.052499771118164,,0,-1.0,,0.0,,,,,,,,,,,,,,,,,,,,,9,,9,,9,,9,,9,,9,,,,9,,9,,9,,9,2006-02-25 13:15:56.001416448,2,2006-02-25 13:21:15.001425408,4,2006-02-26 01:25:29.000143360,4,2006-02-26 01:32:23.000153856,2,,9,,U,,,1.0,1.0,,R,,,,,,,,,,,,,
0,0,1,20,Argo trajectory,3.1,1.2,19500101000000,20210428203909,20210428203909,1900683,US ARGO PROJECT,BRECK OWENS,PRES,AO,2B,SOLO_W,SL524,1.10,851,ARGOS,2006-02-14 23:36:00.002519808,1,1,,,,-48.999332427978516,7.052499771118164,,0,-1.0,,0.0,,,,,,,,,,,,,,,,,,,,,9,,9,,9,,9,,9,,9,,,,9,,9,,9,,9,2006-02-25 13:15:56.001416448,2,2006-02-25 13:21:15.001425408,4,2006-02-26 01:25:29.000143360,4,2006-02-26 01:32:23.000153856,2,,9,,U,,,1.0,1.0,,R,,,,,,,,,,,,,
0,0,1,21,Argo trajectory,3.1,1.2,19500101000000,20210428203909,20210428203909,1900683,US ARGO PROJECT,BRECK OWENS,PRES,AO,2B,SOLO_W,SL524,1.10,851,ARGOS,2006-02-14 23:36:00.002519808,1,1,,,,-48.999332427978516,7.052499771118164,,0,-1.0,,0.0,,,,,,,,,,,,,,,,,,,,,9,,9,,9,,9,,9,,9,,,,9,,9,,9,,9,2006-02-25 13:15:56.001416448,2,2006-02-25 13:21:15.001425408,4,2006-02-26 01:25:29.000143360,4,2006-02-26 01:32:23.000153856,2,,9,,U,,,1.0,1.0,,R,,,,,,,,,,,,,
0,0,1,22,Argo trajectory,3.1,1.2,19500101000000,20210428203909,20210428203909,1900683,US ARGO PROJECT,BRECK OWENS,PRES,AO,2B,SOLO_W,SL524,1.10,851,ARGOS,2006-02-14 23:36:00.002519808,1,1,,,,-48.999332427978516,7.052499771118164,,0,-1.0,,0.0,,,,,,,,,,,,,,,,,,,,,9,,9,,9,,9,,9,,9,,,,9,,9,,9,,9,2006-02-25 13:15:56.001416448,2,2006-02-25 13:21:15.001425408,4,2006-02-26 01:25:29.000143360,4,2006-02-26 01:32:23.000153856,2,,9,,U,,,1.0,1.0,,R,,,,,,,,,,,,,
0,0,1,23,Argo trajectory,3.1,1.2,19500101000000,20210428203909,20210428203909,1900683,US ARGO PROJECT,BRECK OWENS,PRES,AO,2B,SOLO_W,SL524,1.10,851,ARGOS,2006-02-14 23:36:00.002519808,1,1,,,,-48.999332427978516,7.052499771118164,,0,-1.0,,0.0,,,,,,,,,,,,,,,,,,,,,9,,9,,9,,9,,9,,9,,,,9,,9,,9,,9,2006-02-25 13:15:56.001416448,2,2006-02-25 13:21:15.001425408,4,2006-02-26 01:25:29.000143360,4,2006-02-26 01:32:23.000153856,2,,9,,U,,,1.0,1.0,,R,,,,,,,,,,,,,
0,0,1,24,Argo trajectory,3.1,1.2,19500101000000,20210428203909,20210428203909,1900683,US ARGO PROJECT,BRECK OWENS,PRES,AO,2B,SOLO_W,SL524,1.10,851,ARGOS,2006-02-14 23:36:00.002519808,1,1,,,,-48.999332427978516,7.052499771118164,,0,-1.0,,0.0,,,,,,,,,,,,,,,,,,,,,9,,9,,9,,9,,9,,9,,,,9,,9,,9,,9,2006-02-25 13:15:56.001416448,2,2006-02-25 13:21:15.001425408,4,2006-02-26 01:25:29.000143360,4,2006-02-26 01:32:23.000153856,2,,9,,U,,,1.0,1.0,,R,,,,,,,,,,,,,
0,0,2,0,Argo trajectory,3.1,1.2,19500101000000,20210428203909,20210428203909,1900683,US ARGO PROJECT,BRECK OWENS,PRES,AO,2B,SOLO_W,SL524,1.10,851,ARGOS,2006-02-14 23:36:00.002519808,1,1,,,,-48.999332427978516,7.052499771118164,,0,-1.0,,0.0,,,,,,,,,,,,,,,,,,,,,9,,9,,9,,9,,9,,9,,,,9,,9,,9,,9,2006-03-07 13:01:06.001396224,2,2006-03-07 13:05:17.001401856,4,2006-03-08 01:43:24.000169728,4,2006-03-08 01:47:40.000175616,2,,9,,U,,,1.0,2.0,,R,AO,ARGQ,QCPL,,,20210428203909,QCP$,,,,,,0
0,0,2,1,Argo trajectory,3.1,1.2,19500101000000,20210428203909,20210428203909,1900683,US ARGO PROJECT,BRECK OWENS,PRES,AO,2B,SOLO_W,SL524,1.10,851,ARGOS,2006-02-14 23:36:00.002519808,1,1,,,,-48.999332427978516,7.052499771118164,,0,-1.0,,0.0,,,,,,,,,,,,,,,,,,,,,9,,9,,9,,9,,9,,9,,,,9,,9,,9,,9,2006-03-07 13:01:06.001396224,2,2006-03-07 13:05:17.001401856,4,2006-03-08 01:43:24.000169728,4,2006-03-08 01:47:40.000175616,2,,9,,U,,,1.0,2.0,,R,AO,ARGQ,QCPL,,,20210428203909,QCF$,,,,,,0
0,0,2,2,Argo trajectory,3.1,1.2,19500101000000,20210428203909,20210428203909,1900683,US ARGO PROJECT,BRECK OWENS,PRES,AO,2B,SOLO_W,SL524,1.10,851,ARGOS,2006-02-14 23:36:00.002519808,1,1,,,,-48.999332427978516,7.052499771118164,,0,-1.0,,0.0,,,,,,,,,,,,,,,,,,,,,9,,9,,9,,9,,9,,9,,,,9,,9,,9,,9,2006-03-07 13:01:06.001396224,2,2006-03-07 13:05:17.001401856,4,2006-03-08 01:43:24.000169728,4,2006-03-08 01:47:40.000175616,2,,9,,U,,,1.0,2.0,,R,,,,,,,,,,,,,
0,0,2,3,Argo trajectory,3.1,1.2,19500101000000,20210428203909,20210428203909,1900683,US ARGO PROJECT,BRECK OWENS,PRES,AO,2B,SOLO_W,SL524,1.10,851,ARGOS,2006-02-14 23:36:00.002519808,1,1,,,,-48.999332427978516,7.052499771118164,,0,-1.0,,0.0,,,,,,,,,,,,,,,,,,,,,9,,9,,9,,9,,9,,9,,,,9,,9,,9,,9,2006-03-07 13:01:06.001396224,2,2006-03-07 13:05:17.001401856,4,2006-03-08 01:43:24.000169728,4,2006-03-08 01:47:40.000175616,2,,9,,U,,,1.0,2.0,,R,,,,,,,,,,,,,
0,0,2,4,Argo trajectory,3.1,1.2,19500101000000,20210428203909,20210428203909,1900683,US ARGO PROJECT,BRECK OWENS,PRES,AO,2B,SOLO_W,SL524,1.10,851,ARGOS,2006-02-14 23:36:00.002519808,1,1,,,,-48.999332427978516,7.052499771118164,,0,-1.0,,0.0,,,,,,,,,,,,,,,,,,,,,9,,9,,9,,9,,9,,9,,,,9,,9,,9,,9,2006-03-07 13:01:06.001396224,2,2006-03-07 13:05:17.001401856,4,2006-03-08 01:43:24.000169728,4,2006-03-08 01:47:40.000175616,2,,9,,U,,,1.0,2.0,,R,,,,,,,,,,,,,
0,0,2,5,Argo trajectory,3.1,1.2,19500101000000,20210428203909,20210428203909,1900683,US ARGO PROJECT,BRECK OWENS,PRES,AO,2B,SOLO_W,SL524,1.10,851,ARGOS,2006-02-14 23:36:00.002519808,1,1,,,,-48.999332427978516,7.052499771118164,,0,-1.0,,0.0,,,,,,,,,,,,,,,,,,,,,9,,9,,9,,9,,9,,9,,,,9,,9,,9,,9,2006-03-07 13:01:06.001396224,2,2006-03-07 13:05:17.001401856,4,2006-03-08 01:43:24.000169728,4,2006-03-08 01:47:40.000175616,2,,9,,U,,,1.0,2.0,,R,,,,,,,,,,,,,
0,0,2,6,Argo trajectory,3.1,1.2,19500101000000,20210428203909,20210428203909,1900683,US ARGO PROJECT,BRECK OWENS,PRES,AO,2B,SOLO_W,SL524,1.10,851,ARGOS,2006-02-14 23:36:00.002519808,1,1,,,,-48.999332427978516,7.052499771118164,,0,-1.0,,0.0,,,,,,,,,,,,,,,,,,,,,9,,9,,9,,9,,9,,9,,,,9,,9,,9,,9,2006-03-07 13:01:06.001396224,2,2006-03-07 13:05:17.001401856,4,2006-03-08 01:43:24.000169728,4,2006-03-08 01:47:40.000175616,2,,9,,U,,,1.0,2.0,,R,,,,,,,,,,,,,
0,0,2,7,Argo trajectory,3.1,1.2,19500101000000,20210428203909,20210428203909,1900683,US ARGO PROJECT,BRECK OWENS,PRES,AO,2B,SOLO_W,SL524,1.10,851,ARGOS,2006-02-14 23:36:00.002519808,1,1,,,,-48.999332427978516,7.052499771118164,,0,-1.0,,0.0,,,,,,,,,,,,,,,,,,,,,9,,9,,9,,9,,9,,9,,,,9,,9,,9,,9,2006-03-07 13:01:06.001396224,2,2006-03-07 13:05:17.001401856,4,2006-03-08 01:43:24.000169728,4,2006-03-08 01:47:40.000175616,2,,9,,U,,,1.0,2.0,,R,,,,,,,,,,,,,
0,0,2,8,Argo trajectory,3.1,1.2,19500101000000,20210428203909,20210428203909,1900683,US ARGO PROJECT,BRECK OWENS,PRES,AO,2B,SOLO_W,SL524,1.10,851,ARGOS,2006-02-14 23:36:00.002519808,1,1,,,,-48.999332427978516,7.052499771118164,,0,-1.0,,0.0,,,,,,,,,,,,,,,,,,,,,9,,9,,9,,9,,9,,9,,,,9,,9,,9,,9,2006-03-07 13:01:06.001396224,2,2006-03-07 13:05:17.001401856,4,2006-03-08 01:43:24.000169728,4,2006-03-08 01:47:40.000175616,2,,9,,U,,,1.0,2.0,,R,,,,,,,,,,,,,
0,0,2,9,Argo trajectory,3.1,1.2,19500101000000,20210428203909,20210428203909,1900683,US ARGO PROJECT,BRECK OWENS,PRES,AO,2B,SOLO_W,SL524,1.10,851,ARGOS,2006-02-14 23:36:00.002519808,1,1,,,,-48.999332427978516,7.052499771118164,,0,-1.0,,0.0,,,,,,,,,,,,,,,,,,,,,9,,9,,9,,9,,9,,9,,,,9,,9,,9,,9,2006-03-07 13:01:06.001396224,2,2006-03-07 13:05:17.001401856,4,2006-03-08 01:43:24.000169728,4,2006-03-08 01:47:40.000175616,2,,9,,U,,,1.0,2.0,,R,,,,,,,,,,,,,
0,0,2,10,Argo trajectory,3.1,1.2,19500101000000,20210428203909,20210428203909,1900683,US ARGO PROJECT,BRECK OWENS,PRES,AO,2B,SOLO_W,SL524,1.10,851,ARGOS,2006-02-14 23:36:00.002519808,1,1,,,,-48.999332427978516,7.052499771118164,,0,-1.0,,0.0,,,,,,,,,,,,,,,,,,,,,9,,9,,9,,9,,9,,9,,,,9,,9,,9,,9,2006-03-07 13:01:06.001396224,2,2006-03-07 13:05:17.001401856,4,2006-03-08 01:43:24.000169728,4,2006-03-08 01:47:40.000175616,2,,9,,U,,,1.0,2.0,,R,,,,,,,,,,,,,
0,0,2,11,Argo trajectory,3.1,1.2,19500101000000,20210428203909,20210428203909,1900683,US ARGO PROJECT,BRECK OWENS,PRES,AO,2B,SOLO_W,SL524,1.10,851,ARGOS,2006-02-14 23:36:00.002519808,1,1,,,,-48.999332427978516,7.052499771118164,,0,-1.0,,0.0,,,,,,,,,,,,,,,,,,,,,9,,9,,9,,9,,9,,9,,,,9,,9,,9,,9,2006-03-07 13:01:06.001396224,2,2006-03-07 13:05:17.001401856,4,2006-03-08 01:43:24.000169728,4,2006-03-08 01:47:40.000175616,2,,9,,U,,,1.0,2.0,,R,,,,,,,,,,,,,
0,0,2,12,Argo trajectory,3.1,1.2,19500101000000,20210428203909,20210428203909,1900683,US ARGO PROJECT,BRECK OWENS,PRES,AO,2B,SOLO_W,SL524,1.10,851,ARGOS,2006-02-14 23:36:00.002519808,1,1,,,,-48.999332427978516,7.052499771118164,,0,-1.0,,0.0,,,,,,,,,,,,,,,,,,,,,9,,9,,9,,9,,9,,9,,,,9,,9,,9,,9,2006-03-07 13:01:06.001396224,2,2006-03-07 13:05:17.001401856,4,2006-03-08 01:43:24.000169728,4,2006-03-08 01:47:40.000175616,2,,9,,U,,,1.0,2.0,,R,,,,,,,,,,,,,
0,0,2,13,Argo trajectory,3.1,1.2,19500101000000,20210428203909,20210428203909,1900683,US ARGO PROJECT,BRECK OWENS,PRES,AO,2B,SOLO_W,SL524,1.10,851,ARGOS,2006-02-14 23:36:00.002519808,1,1,,,,-48.999332427978516,7.052499771118164,,0,-1.0,,0.0,,,,,,,,,,,,,,,,,,,,,9,,9,,9,,9,,9,,9,,,,9,,9,,9,,9,2006-03-07 13:01:06.001396224,2,2006-03-07 13:05:17.001401856,4,2006-03-08 01:43:24.000169728,4,2006-03-08 01:47:40.000175616,2,,9,,U,,,1.0,2.0,,R,,,,,,,,,,,,,
0,0,2,14,Argo trajectory,3.1,1.2,19500101000000,20210428203909,20210428203909,1900683,US ARGO PROJECT,BRECK OWENS,PRES,AO,2B,SOLO_W,SL524,1.10,851,ARGOS,2006-02-14 23:36:00.002519808,1,1,,,,-48.999332427978516,7.052499771118164,,0,-1.0,,0.0,,,,,,,,,,,,,,,,,,,,,9,,9,,9,,9,,9,,9,,,,9,,9,,9,,9,2006-03-07 13:01:06.001396224,2,2006-03-07 13:05:17.001401856,4,2006-03-08 01:43:24.000169728,4,2006-03-08 01:47:40.000175616,2,,9,,U,,,1.0,2.0,,R,,,,,,,,,,,,,
0,0,2,15,Argo trajectory,3.1,1.2,19500101000000,20210428203909,20210428203909,1900683,US ARGO PROJECT,BRECK OWENS,PRES,AO,2B,SOLO_W,SL524,1.10,851,ARGOS,2006-02-14 23:36:00.002519808,1,1,,,,-48.999332427978516,7.052499771118164,,0,-1.0,,0.0,,,,,,,,,,,,,,,,,,,,,9,,9,,9,,9,,9,,9,,,,9,,9,,9,,9,2006-03-07 13:01:06.001396224,2,2006-03-07 13:05:17.001401856,4,2006-03-08 01:43:24.000169728,4,2006-03-08 01:47:40.000175616,2,,9,,U,,,1.0,2.0,,R,,,,,,,,,,,,,
0,0,2,16,Argo trajectory,3.1,1.2,19500101000000,20210428203909,20210428203909,1900683,US ARGO PROJECT,BRECK OWENS,PRES,AO,2B,SOLO_W,SL524,1.10,851,ARGOS,2006-02-14 23:36:00.002519808,1,1,,,,-48.999332427978516,7.052499771118164,,0,-1.0,,0.0,,,,,,,,,,,,,,,,,,,,,9,,9,,9,,9,,9,,9,,,,9,,9,,9,,9,2006-03-07 13:01:06.001396224,2,2006-03-07 13:05:17.001401856,4,2006-03-08 01:43:24.000169728,4,2006-03-08 01:47:40.000175616,2,,9,,U,,,1.0,2.0,,R,,,,,,,,,,,,,
0,0,2,17,Argo trajectory,3.1,1.2,19500101000000,20210428203909,20210428203909,1900683,US ARGO PROJECT,BRECK OWENS,PRES,AO,2B,SOLO_W,SL524,1.10,851,ARGOS,2006-02-14 23:36:00.002519808,1,1,,,,-48.999332427978516,7.052499771118164,,0,-1.0,,0.0,,,,,,,,,,,,,,,,,,,,,9,,9,,9,,9,,9,,9,,,,9,,9,,9,,9,2006-03-07 13:01:06.001396224,2,2006-03-07 13:05:17.001401856,4,2006-03-08 01:43:24.000169728,4,2006-03-08 01:47:40.000175616,2,,9,,U,,,1.0,2.0,,R,,,,,,,,,,,,,
0,0,2,18,Argo trajectory,3.1,1.2,19500101000000,20210428203909,20210428203909,1900683,US ARGO PROJECT,BRECK OWENS,PRES,AO,2B,SOLO_W,SL524,1.10,851,ARGOS,2006-02-14 23:36:00.002519808,1,1,,,,-48.999332427978516,7.052499771118164,,0,-1.0,,0.0,,,,,,,,,,,,,,,,,,,,,9,,9,,9,,9,,9,,9,,,,9,,9,,9,,9,2006-03-07 13:01:06.001396224,2,2006-03-07 13:05:17.001401856,4,2006-03-08 01:43:24.000169728,4,2006-03-08 01:47:40.000175616,2,,9,,U,,,1.0,2.0,,R,,,,,,,,,,,,,
0,0,2,19,Argo trajectory,3.1,1.2,19500101000000,20210428203909,20210428203909,1900683,US ARGO PROJECT,BRECK OWENS,PRES,AO,2B,SOLO_W,SL524,1.10,851,ARGOS,2006-02-14 23:36:00.002519808,1,1,,,,-48.999332427978516,7.052499771118164,,0,-1.0,,0.0,,,,,,,,,,,,,,,,,,,,,9,,9,,9,,9,,9,,9,,,,9,,9,,9,,9,2006-03-07 13:01:06.001396224,2,2006-03-07 13:05:17.001401856,4,2006-03-08 01:43:24.000169728,4,2006-03-08 01:47:40.000175616,2,,9,,U,,,1.0,2.0,,R,,,,,,,,,,,,,
0,0,2,20,Argo trajectory,3.1,1.2,19500101000000,20210428203909,20210428203909,1900683,US ARGO PROJECT,BRECK OWENS,PRES,AO,2B,SOLO_W,SL524,1.10,851,ARGOS,2006-02-14 23:36:00.002519808,1,1,,,,-48.999332427978516,7.052499771118164,,0,-1.0,,0.0,,,,,,,,,,,,,,,,,,,,,9,,9,,9,,9,,9,,9,,,,9,,9,,9,,9,2006-03-07 13:01:06.001396224,2,2006-03-07 13:05:17.001401856,4,2006-03-08 01:43:24.000169728,4,2006-03-08 01:47:40.000175616,2,,9,,U,,,1.0,2.0,,R,,,,,,,,,,,,,
0,0,2,21,Argo trajectory,3.1,1.2,19500101000000,20210428203909,20210428203909,1900683,US ARGO PROJECT,BRECK OWENS,PRES,AO,2B,SOLO_W,SL524,1.10,851,ARGOS,2006-02-14 23:36:00.002519808,1,1,,,,-48.999332427978516,7.052499771118164,,0,-1.0,,0.0,,,,,,,,,,,,,,,,,,,,,9,,9,,9,,9,,9,,9,,,,9,,9,,9,,9,2006-03-07 13:01:06.001396224,2,2006-03-07 13:05:17.001401856,4,2006-03-08 01:43:24.000169728,4,2006-03-08 01:47:40.000175616,2,,9,,U,,,1.0,2.0,,R,,,,,,,,,,,,,
0,0,2,22,Argo trajectory,3.1,1.2,19500101000000,20210428203909,20210428203909,1900683,US ARGO PROJECT,BRECK OWENS,PRES,AO,2B,SOLO_W,SL524,1.10,851,ARGOS,2006-02-14 23:36:00.002519808,1,1,,,,-48.999332427978516,7.052499771118164,,0,-1.0,,0.0,,,,,,,,,,,,,,,,,,,,,9,,9,,9,,9,,9,,9,,,,9,,9,,9,,9,2006-03-07 13:01:06.001396224,2,2006-03-07 13:05:17.001401856,4,2006-03-08 01:43:24.000169728,4,2006-03-08 01:47:40.000175616,2,,9,,U,,,1.0,2.0,,R,,,,,,,,,,,,,
0,0,2,23,Argo trajectory,3.1,1.2,19500101000000,20210428203909,20210428203909,1900683,US ARGO PROJECT,BRECK OWENS,PRES,AO,2B,SOLO_W,SL524,1.10,851,ARGOS,2006-02-14 23:36:00.002519808,1,1,,,,-48.999332427978516,7.052499771118164,,0,-1.0,,0.0,,,,,,,,,,,,,,,,,,,,,9,,9,,9,,9,,9,,9,,,,9,,9,,9,,9,2006-03-07 13:01:06.001396224,2,2006-03-07 13:05:17.001401856,4,2006-03-08 01:43:24.000169728,4,2006-03-08 01:47:40.000175616,2,,9,,U,,,1.0,2.0,,R,,,,,,,,,,,,,
0,0,2,24,Argo trajectory,3.1,1.2,19500101000000,20210428203909,20210428203909,1900683,US ARGO PROJECT,BRECK OWENS,PRES,AO,2B,SOLO_W,SL524,1.10,851,ARGOS,2006-02-14 23:36:00.002519808,1,1,,,,-48.999332427978516,7.052499771118164,,0,-1.0,,0.0,,,,,,,,,,,,,,,,,,,,,9,,9,,9,,9,,9,,9,,,,9,,9,,9,,9,2006-03-07 13:01:06.001396224,2,2006-03-07 13:05:17.001401856,4,2006-03-08 01:43:24.000169728,4,2006-03-08 01:47:40.000175616,2,,9,,U,,,1.0,2.0,,R,,,,,,,,,,,,,
0,0,3,0,Argo trajectory,3.1,1.2,19500101000000,20210428203909,20210428203909,1900683,US ARGO PROJECT,BRECK OWENS,PRES,AO,2B,SOLO_W,SL524,1.10,851,ARGOS,2006-02-14 23:36:00.002519808,1,1,,,,-48.999332427978516,7.052499771118164,,0,-1.0,,0.0,,,,,,,,,,,,,,,,,,,,,9,,9,,9,,9,,9,,9,,,,9,,9,,9,,9,2006-03-17 13:42:59.001455616,2,2006-03-17 13:50:17.001467392,4,2006-03-18 01:23:04.000140800,4,2006-03-18 01:29:57.000149248,2,,9,,U,,,1.0,3.0,,R,AO,ARGQ,QCPL,,,20210428203909,QCP$,,,,,,0
0,0,3,1,Argo trajectory,3.1,1.2,19500101000000,20210428203909,20210428203909,1900683,US ARGO PROJECT,BRECK OWENS,PRES,AO,2B,SOLO_W,SL524,1.10,851,ARGOS,2006-02-14 23:36:00.002519808,1,1,,,,-48.999332427978516,7.052499771118164,,0,-1.0,,0.0,,,,,,,,,,,,,,,,,,,,,9,,9,,9,,9,,9,,9,,,,9,,9,,9,,9,2006-03-17 13:42:59.001455616,2,2006-03-17 13:50:17.001467392,4,2006-03-18 01:23:04.000140800,4,2006-03-18 01:29:57.000149248,2,,9,,U,,,1.0,3.0,,R,AO,ARGQ,QCPL,,,20210428203909,QCF$,,,,,,0
0,0,3,2,Argo trajectory,3.1,1.2,19500101000000,20210428203909,20210428203909,1900683,US ARGO PROJECT,BRECK OWENS,PRES,AO,2B,SOLO_W,SL524,1.10,851,ARGOS,2006-02-14 23:36:00.002519808,1,1,,,,-48.999332427978516,7.052499771118164,,0,-1.0,,0.0,,,,,,,,,,,,,,,,,,,,,9,,9,,9,,9,,9,,9,,,,9,,9,,9,,9,2006-03-17 13:42:59.001455616,2,2006-03-17 13:50:17.001467392,4,2006-03-18 01:23:04.000140800,4,2006-03-18 01:29:57.000149248,2,,9,,U,,,1.0,3.0,,R,,,,,,,,,,,,,
0,0,3,3,Argo trajectory,3.1,1.2,19500101000000,20210428203909,20210428203909,1900683,US ARGO PROJECT,BRECK OWENS,PRES,AO,2B,SOLO_W,SL524,1.10,851,ARGOS,2006-02-14 23:36:00.002519808,1,1,,,,-48.999332427978516,7.052499771118164,,0,-1.0,,0.0,,,,,,,,,,,,,,,,,,,,,9,,9,,9,,9,,9,,9,,,,9,,9,,9,,9,2006-03-17 13:42:59.001455616,2,2006-03-17 13:50:17.001467392,4,2006-03-18 01:23:04.000140800,4,2006-03-18 01:29:57.000149248,2,,9,,U,,,1.0,3.0,,R,,,,,,,,,,,,,
0,0,3,4,Argo trajectory,3.1,1.2,19500101000000,20210428203909,20210428203909,1900683,US ARGO PROJECT,BRECK OWENS,PRES,AO,2B,SOLO_W,SL524,1.10,851,ARGOS,2006-02-14 23:36:00.002519808,1,1,,,,-48.999332427978516,7.052499771118164,,0,-1.0,,0.0,,,,,,,,,,,,,,,,,,,,,9,,9,,9,,9,,9,,9,,,,9,,9,,9,,9,2006-03-17 13:42:59.001455616,2,2006-03-17 13:50:17.001467392,4,2006-03-18 01:23:04.000140800,4,2006-03-18 01:29:57.000149248,2,,9,,U,,,1.0,3.0,,R,,,,,,,,,,,,,
0,0,3,5,Argo trajectory,3.1,1.2,19500101000000,20210428203909,20210428203909,1900683,US ARGO PROJECT,BRECK OWENS,PRES,AO,2B,SOLO_W,SL524,1.10,851,ARGOS,2006-02-14 23:36:00.002519808,1,1,,,,-48.999332427978516,7.052499771118164,,0,-1.0,,0.0,,,,,,,,,,,,,,,,,,,,,9,,9,,9,,9,,9,,9,,,,9,,9,,9,,9,2006-03-17 13:42:59.001455616,2,2006-03-17 13:50:17.001467392,4,2006-03-18 01:23:04.000140800,4,2006-03-18 01:29:57.000149248,2,,9,,U,,,1.0,3.0,,R,,,,,,,,,,,,,
0,0,3,6,Argo trajectory,3.1,1.2,19500101000000,20210428203909,20210428203909,1900683,US ARGO PROJECT,BRECK OWENS,PRES,AO,2B,SOLO_W,SL524,1.10,851,ARGOS,2006-02-14 23:36:00.002519808,1,1,,,,-48.999332427978516,7.052499771118164,,0,-1.0,,0.0,,,,,,,,,,,,,,,,,,,,,9,,9,,9,,9,,9,,9,,,,9,,9,,9,,9,2006-03-17 13:42:59.001455616,2,2006-03-17 13:50:17.001467392,4,2006-03-18 01:23:04.000140800,4,2006-03-18 01:29:57.000149248,2,,9,,U,,,1.0,3.0,,R,,,,,,,,,,,,,
0,0,3,7,Argo trajectory,3.1,1.2,19500101000000,20210428203909,20210428203909,1900683,US ARGO PROJECT,BRECK OWENS,PRES,AO,2B,SOLO_W,SL524,1.10,851,ARGOS,2006-02-14 23:36:00.002519808,1,1,,,,-48.999332427978516,7.052499771118164,,0,-1.0,,0.0,,,,,,,,,,,,,,,,,,,,,9,,9,,9,,9,,9,,9,,,,9,,9,,9,,9,2006-03-17 13:42:59.001455616,2,2006-03-17 13:50:17.001467392,4,2006-03-18 01:23:04.000140800,4,2006-03-18 01:29:57.000149248,2,,9,,U,,,1.0,3.0,,R,,,,,,,,,,,,,
0,0,3,8,Argo trajectory,3.1,1.2,19500101000000,20210428203909,20210428203909,1900683,US ARGO PROJECT,BRECK OWENS,PRES,AO,2B,SOLO_W,SL524,1.10,851,ARGOS,2006-02-14 23:36:00.002519808,1,1,,,,-48.999332427978516,7.052499771118164,,0,-1.0,,0.0,,,,,,,,,,,,,,,,,,,,,9,,9,,9,,9,,9,,9,,,,9,,9,,9,,9,2006-03-17 13:42:59.001455616,2,2006-03-17 13:50:17.001467392,4,2006-03-18 01:23:04.000140800,4,2006-03-18 01:29:57.000149248,2,,9,,U,,,1.0,3.0,,R,,,,,,,,,,,,,
0,0,3,9,Argo trajectory,3.1,1.2,19500101000000,20210428203909,20210428203909,1900683,US ARGO PROJECT,BRECK OWENS,PRES,AO,2B,SOLO_W,SL524,1.10,851,ARGOS,2006-02-14 23:36:00.002519808,1,1,,,,-48.999332427978516,7.052499771118164,,0,-1.0,,0.0,,,,,,,,,,,,,,,,,,,,,9,,9,,9,,9,,9,,9,,,,9,,9,,9,,9,2006-03-17 13:42:59.001455616,2,2006-03-17 13:50:17.001467392,4,2006-03-18 01:23:04.000140800,4,2006-03-18 01:29:57.000149248,2,,9,,U,,,1.0,3.0,,R,,,,,,,,,,,,,
0,0,3,10,Argo trajectory,3.1,1.2,19500101000000,20210428203909,20210428203909,1900683,US ARGO PROJECT,BRECK OWENS,PRES,AO,2B,SOLO_W,SL524,1.10,851,ARGOS,2006-02-14 23:36:00.002519808,1,1,,,,-48.999332427978516,7.052499771118164,,0,-1.0,,0.0,,,,,,,,,,,,,,,,,,,,,9,,9,,9,,9,,9,,9,,,,9,,9,,9,,9,2006-03-17 13:42:59.001455616,2,2006-03-17 13:50:17.001467392,4,2006-03-18 01:23:04.000140800,4,2006-03-18 01:29:57.000149248,2,,9,,U,,,1.0,3.0,,R,,,,,,,,,,,,,
0,0,3,11,Argo trajectory,3.1,1.2,19500101000000,20210428203909,20210428203909,1900683,US ARGO PROJECT,BRECK OWENS,PRES,AO,2B,SOLO_W,SL524,1.10,851,ARGOS,2006-02-14 23:36:00.002519808,1,1,,,,-48.999332427978516,7.052499771118164,,0,-1.0,,0.0,,,,,,,,,,,,,,,,,,,,,9,,9,,9,,9,,9,,9,,,,9,,9,,9,,9,2006-03-17 13:42:59.001455616,2,2006-03-17 13:50:17.001467392,4,2006-03-18 01:23:04.000140800,4,2006-03-18 01:29:57.000149248,2,,9,,U,,,1.0,3.0,,R,,,,,,,,,,,,,
0,0,3,12,Argo trajectory,3.1,1.2,19500101000000,20210428203909,20210428203909,1900683,US ARGO PROJECT,BRECK OWENS,PRES,AO,2B,SOLO_W,SL524,1.10,851,ARGOS,2006-02-14 23:36:00.002519808,1,1,,,,-48.999332427978516,7.052499771118164,,0,-1.0,,0.0,,,,,,,,,,,,,,,,,,,,,9,,9,,9,,9,,9,,9,,,,9,,9,,9,,9,2006-03-17 13:42:59.001455616,2,2006-03-17 13:50:17.001467392,4,2006-03-18 01:23:04.000140800,4,2006-03-18 01:29:57.000149248,2,,9,,U,,,1.0,3.0,,R,,,,,,,,,,,,,
0,0,3,13,Argo trajectory,3.1,1.2,19500101000000,20210428203909,20210428203909,1900683,US ARGO PROJECT,BRECK OWENS,PRES,AO,2B,SOLO_W,SL524,1.10,851,ARGOS,2006-02-14 23:36:00.002519808,1,1,,,,-48.999332427978516,7.052499771118164,,0,-1.0,,0.0,,,,,,,,,,,,,,,,,,,,,9,,9,,9,,9,,9,,9,,,,9,,9,,9,,9,2006-03-17 13:42:59.001455616,2,2006-03-17 13:50:17.001467392,4,2006-03-18 01:23:04.000140800,4,2006-03-18 01:29:57.000149248,2,,9,,U,,,1.0,3.0,,R,,,,,,,,,,,,,
0,0,3,14,Argo trajectory,3.1,1.2,19500101000000,20210428203909,20210428203909,1900683,US ARGO PROJECT,BRECK OWENS,PRES,AO,2B,SOLO_W,SL524,1.10,851,ARGOS,2006-02-14 23:36:00.002519808,1,1,,,,-48.999332427978516,7.052499771118164,,0,-1.0,,0.0,,,,,,,,,,,,,,,,,,,,,9,,9,,9,,9,,9,,9,,,,9,,9,,9,,9,2006-03-17 13:42:59.001455616,2,2006-03-17 13:50:17.001467392,4,2006-03-18 01:23:04.000140800,4,2006-03-18 01:29:57.000149248,2,,9,,U,,,1.0,3.0,,R,,,,,,,,,,,,,
0,0,3,15,Argo trajectory,3.1,1.2,19500101000000,20210428203909,20210428203909,1900683,US ARGO PROJECT,BRECK OWENS,PRES,AO,2B,SOLO_W,SL524,1.10,851,ARGOS,2006-02-14 23:36:00.002519808,1,1,,,,-48.999332427978516,7.052499771118164,,0,-1.0,,0.0,,,,,,,,,,,,,,,,,,,,,9,,9,,9,,9,,9,,9,,,,9,,9,,9,,9,2006-03-17 13:42:59.001455616,2,2006-03-17 13:50:17.001467392,4,2006-03-18 01:23:04.000140800,4,2006-03-18 01:29:57.000149248,2,,9,,U,,,1.0,3.0,,R,,,,,,,,,,,,,
0,0,3,16,Argo trajectory,3.1,1.2,19500101000000,20210428203909,20210428203909,1900683,US ARGO PROJECT,BRECK OWENS,PRES,AO,2B,SOLO_W,SL524,1.10,851,ARGOS,2006-02-14 23:36:00.002519808,1,1,,,,-48.999332427978516,7.052499771118164,,0,-1.0,,0.0,,,,,,,,,,,,,,,,,,,,,9,,9,,9,,9,,9,,9,,,,9,,9,,9,,9,2006-03-17 13:42:59.001455616,2,2006-03-17 13:50:17.001467392,4,2006-03-18 01:23:04.000140800,4,2006-03-18 01:29:57.000149248,2,,9,,U,,,1.0,3.0,,R,,,,,,,,,,,,,
0,0,3,17,Argo trajectory,3.1,1.2,19500101000000,20210428203909,20210428203909,1900683,US ARGO PROJECT,BRECK OWENS,PRES,AO,2B,SOLO_W,SL524,1.10,851,ARGOS,2006-02-14 23:36:00.002519808,1,1,,,,-48.999332427978516,7.052499771118164,,0,-1.0,,0.0,,,,,,,,,,,,,,,,,,,,,9,,9,,9,,9,,9,,9,,,,9,,9,,9,,9,2006-03-17 13:42:59.001455616,2,2006-03-17 13:50:17.001467392,4,2006-03-18 01:23:04.000140800,4,2006-03-18 01:29:57.000149248,2,,9,,U,,,1.0,3.0,,R,,,,,,,,,,,,,
0,0,3,18,Argo trajectory,3.1,1.2,19500101000000,20210428203909,20210428203909,1900683,US ARGO PROJECT,BRECK OWENS,PRES,AO,2B,SOLO_W,SL524,1.10,851,ARGOS,2006-02-14 23:36:00.002519808,1,1,,,,-48.999332427978516,7.052499771118164,,0,-1.0,,0.0,,,,,,,,,,,,,,,,,,,,,9,,9,,9,,9,,9,,9,,,,9,,9,,9,,9,2006-03-17 13:42:59.001455616,2,2006-03-17 13:50:17.001467392,4,2006-03-18 01:23:04.000140800,4,2006-03-18 01:29:57.000149248,2,,9,,U,,,1.0,3.0,,R,,,,,,,,,,,,,
0,0,3,19,Argo trajectory,3.1,1.2,19500101000000,20210428203909,20210428203909,1900683,US ARGO PROJECT,BRECK OWENS,PRES,AO,2B,SOLO_W,SL524,1.10,851,ARGOS,2006-02-14 23:36:00.002519808,1,1,,,,-48.999332427978516,7.052499771118164,,0,-1.0,,0.0,,,,,,,,,,,,,,,,,,,,,9,,9,,9,,9,,9,,9,,,,9,,9,,9,,9,2006-03-17 13:42:59.001455616,2,2006-03-17 13:50:17.001467392,4,2006-03-18 01:23:04.000140800,4,2006-03-18 01:29:57.000149248,2,,9,,U,,,1.0,3.0,,R,,,,,,,,,,,,,
0,0,3,20,Argo trajectory,3.1,1.2,19500101000000,20210428203909,20210428203909,1900683,US ARGO PROJECT,BRECK OWENS,PRES,AO,2B,SOLO_W,SL524,1.10,851,ARGOS,2006-02-14 23:36:00.002519808,1,1,,,,-48.999332427978516,7.052499771118164,,0,-1.0,,0.0,,,,,,,,,,,,,,,,,,,,,9,,9,,9,,9,,9,,9,,,,9,,9,,9,,9,2006-03-17 13:42:59.001455616,2,2006-03-17 13:50:17.001467392,4,2006-03-18 01:23:04.000140800,4,2006-03-18 01:29:57.000149248,2,,9,,U,,,1.0,3.0,,R,,,,,,,,,,,,,
0,0,3,21,Argo trajectory,3.1,1.2,19500101000000,20210428203909,20210428203909,1900683,US ARGO PROJECT,BRECK OWENS,PRES,AO,2B,SOLO_W,SL524,1.10,851,ARGOS,2006-02-14 23:36:00.002519808,1,1,,,,-48.999332427978516,7.052499771118164,,0,-1.0,,0.0,,,,,,,,,,,,,,,,,,,,,9,,9,,9,,9,,9,,9,,,,9,,9,,9,,9,2006-03-17 13:42:59.001455616,2,2006-03-17 13:50:17.001467392,4,2006-03-18 01:23:04.000140800,4,2006-03-18 01:29:57.000149248,2,,9,,U,,,1.0,3.0,,R,,,,,,,,,,,,,
0,0,3,22,Argo trajectory,3.1,1.2,19500101000000,20210428203909,20210428203909,1900683,US ARGO PROJECT,BRECK OWENS,PRES,AO,2B,SOLO_W,SL524,1.10,851,ARGOS,2006-02-14 23:36:00.002519808,1,1,,,,-48.999332427978516,7.052499771118164,,0,-1.0,,0.0,,,,,,,,,,,,,,,,,,,,,9,,9,,9,,9,,9,,9,,,,9,,9,,9,,9,2006-03-17 13:42:59.001455616,2,2006-03-17 13:50:17.001467392,4,2006-03-18 01:23:04.000140800,4,2006-03-18 01:29:57.000149248,2,,9,,U,,,1.0,3.0,,R,,,,,,,,,,,,,
0,0,3,23,Argo trajectory,3.1,1.2,19500101000000,20210428203909,20210428203909,1900683,US ARGO PROJECT,BRECK OWENS,PRES,AO,2B,SOLO_W,SL524,1.10,851,ARGOS,2006-02-14 23:36:00.002519808,1,1,,,,-48.999332427978516,7.052499771118164,,0,-1.0,,0.0,,,,,,,,,,,,,,,,,,,,,9,,9,,9,,9,,9,,9,,,,9,,9,,9,,9,2006-03-17 13:42:59.001455616,2,2006-03-17 13:50:17.001467392,4,2006-03-18 01:23:04.000140800,4,2006-03-18 01:29:57.000149248,2,,9,,U,,,1.0,3.0,,R,,,,,,,,,,,,,
0,0,3,24,Argo trajectory,3.1,1.2,19500101000000,20210428203909,20210428203909,1900683,US ARGO PROJECT,BRECK OWENS,PRES,AO,2B,SOLO_W,SL524,1.10,851,ARGOS,2006-02-14 23:36:00.002519808,1,1,,,,-48.999332427978516,7.052499771118164,,0,-1.0,,0.0,,,,,,,,,,,,,,,,,,,,,9,,9,,9,,9,,9,,9,,,,9,,9,,9,,9,2006-03-17 13:42:59.001455616,2,2006-03-17 13:50:17.001467392,4,2006-03-18 01:23:04.000140800,4,2006-03-18 01:29:57.000149248,2,,9,,U,,,1.0,3.0,,R,,,,,,,,,,,,,
0,0,4,0,Argo trajectory,3.1,1.2,19500101000000,20210428203909,20210428203909,1900683,US ARGO PROJECT,BRECK OWENS,PRES,AO,2B,SOLO_W,SL524,1.10,851,ARGOS,2006-02-14 23:36:00.002519808,1,1,,,,-48.999332427978516,7.052499771118164,,0,-1.0,,0.0,,,,,,,,,,,,,,,,,,,,,9,,9,,9,,9,,9,,9,,,,9,,9,,9,,9,2006-03-27 13:41:34.001454080,2,2006-03-27 13:48:34.001464320,4,2006-03-28 01:21:01.000137728,4,2006-03-28 01:46:49.000173824,2,,9,,U,,,1.0,4.0,,R,AO,ARGQ,QCPL,,,20210428203909,QCP$,,,,,,0
0,0,4,1,Argo trajectory,3.1,1.2,19500101000000,20210428203909,20210428203909,1900683,US ARGO PROJECT,BRECK OWENS,PRES,AO,2B,SOLO_W,SL524,1.10,851,ARGOS,2006-02-14 23:36:00.002519808,1,1,,,,-48.999332427978516,7.052499771118164,,0,-1.0,,0.0,,,,,,,,,,,,,,,,,,,,,9,,9,,9,,9,,9,,9,,,,9,,9,,9,,9,2006-03-27 13:41:34.001454080,2,2006-03-27 13:48:34.001464320,4,2006-03-28 01:21:01.000137728,4,2006-03-28 01:46:49.000173824,2,,9,,U,,,1.0,4.0,,R,AO,ARGQ,QCPL,,,20210428203909,QCF$,,,,,,0
0,0,4,2,Argo trajectory,3.1,1.2,19500101000000,20210428203909,20210428203909,1900683,US ARGO PROJECT,BRECK OWENS,PRES,AO,2B,SOLO_W,SL524,1.10,851,ARGOS,2006-02-14 23:36:00.002519808,1,1,,,,-48.999332427978516,7.052499771118164,,0,-1.0,,0.0,,,,,,,,,,,,,,,,,,,,,9,,9,,9,,9,,9,,9,,,,9,,9,,9,,9,2006-03-27 13:41:34.001454080,2,2006-03-27 13:48:34.001464320,4,2006-03-28 01:21:01.000137728,4,2006-03-28 01:46:49.000173824,2,,9,,U,,,1.0,4.0,,R,,,,,,,,,,,,,
0,0,4,3,Argo trajectory,3.1,1.2,19500101000000,20210428203909,20210428203909,1900683,US ARGO PROJECT,BRECK OWENS,PRES,AO,2B,SOLO_W,SL524,1.10,851,ARGOS,2006-02-14 23:36:00.002519808,1,1,,,,-48.999332427978516,7.052499771118164,,0,-1.0,,0.0,,,,,,,,,,,,,,,,,,,,,9,,9,,9,,9,,9,,9,,,,9,,9,,9,,9,2006-03-27 13:41:34.001454080,2,2006-03-27 13:48:34.001464320,4,2006-03-28 01:21:01.000137728,4,2006-03-28 01:46:49.000173824,2,,9,,U,,,1.0,4.0,,R,,,,,,,,,,,,,
0,0,4,4,Argo trajectory,3.1,1.2,19500101000000,20210428203909,20210428203909,1900683,US ARGO PROJECT,BRECK OWENS,PRES,AO,2B,SOLO_W,SL524,1.10,851,ARGOS,2006-02-14 23:36:00.002519808,1,1,,,,-48.999332427978516,7.052499771118164,,0,-1.0,,0.0,,,,,,,,,,,,,,,,,,,,,9,,9,,9,,9,,9,,9,,,,9,,9,,9,,9,2006-03-27 13:41:34.001454080,2,2006-03-27 13:48:34.001464320,4,2006-03-28 01:21:01.000137728,4,2006-03-28 01:46:49.000173824,2,,9,,U,,,1.0,4.0,,R,,,,,,,,,,,,,
0,0,4,5,Argo trajectory,3.1,1.2,19500101000000,20210428203909,20210428203909,1900683,US ARGO PROJECT,BRECK OWENS,PRES,AO,2B,SOLO_W,SL524,1.10,851,ARGOS,2006-02-14 23:36:00.002519808,1,1,,,,-48.999332427978516,7.052499771118164,,0,-1.0,,0.0,,,,,,,,,,,,,,,,,,,,,9,,9,,9,,9,,9,,9,,,,9,,9,,9,,9,2006-03-27 13:41:34.001454080,2,2006-03-27 13:48:34.001464320,4,2006-03-28 01:21:01.000137728,4,2006-03-28 01:46:49.000173824,2,,9,,U,,,1.0,4.0,,R,,,,,,,,,,,,,
0,0,4,6,Argo trajectory,3.1,1.2,19500101000000,20210428203909,20210428203909,1900683,US ARGO PROJECT,BRECK OWENS,PRES,AO,2B,SOLO_W,SL524,1.10,851,ARGOS,2006-02-14 23:36:00.002519808,1,1,,,,-48.999332427978516,7.052499771118164,,0,-1.0,,0.0,,,,,,,,,,,,,,,,,,,,,9,,9,,9,,9,,9,,9,,,,9,,9,,9,,9,2006-03-27 13:41:34.001454080,2,2006-03-27 13:48:34.001464320,4,2006-03-28 01:21:01.000137728,4,2006-03-28 01:46:49.000173824,2,,9,,U,,,1.0,4.0,,R,,,,,,,,,,,,,
0,0,4,7,Argo trajectory,3.1,1.2,19500101000000,20210428203909,20210428203909,1900683,US ARGO PROJECT,BRECK OWENS,PRES,AO,2B,SOLO_W,SL524,1.10,851,ARGOS,2006-02-14 23:36:00.002519808,1,1,,,,-48.999332427978516,7.052499771118164,,0,-1.0,,0.0,,,,,,,,,,,,,,,,,,,,,9,,9,,9,,9,,9,,9,,,,9,,9,,9,,9,2006-03-27 13:41:34.001454080,2,2006-03-27 13:48:34.001464320,4,2006-03-28 01:21:01.000137728,4,2006-03-28 01:46:49.000173824,2,,9,,U,,,1.0,4.0,,R,,,,,,,,,,,,,
0,0,4,8,Argo trajectory,3.1,1.2,19500101000000,20210428203909,20210428203909,1900683,US ARGO PROJECT,BRECK OWENS,PRES,AO,2B,SOLO_W,SL524,1.10,851,ARGOS,2006-02-14 23:36:00.002519808,1,1,,,,-48.999332427978516,7.052499771118164,,0,-1.0,,0.0,,,,,,,,,,,,,,,,,,,,,9,,9,,9,,9,,9,,9,,,,9,,9,,9,,9,2006-03-27 13:41:34.001454080,2,2006-03-27 13:48:34.001464320,4,2006-03-28 01:21:01.000137728,4,2006-03-28 01:46:49.000173824,2,,9,,U,,,1.0,4.0,,R,,,,,,,,,,,,,
0,0,4,9,Argo trajectory,3.1,1.2,19500101000000,20210428203909,20210428203909,1900683,US ARGO PROJECT,BRECK OWENS,PRES,AO,2B,SOLO_W,SL524,1.10,851,ARGOS,2006-02-14 23:36:00.002519808,1,1,,,,-48.999332427978516,7.052499771118164,,0,-1.0,,0.0,,,,,,,,,,,,,,,,,,,,,9,,9,,9,,9,,9,,9,,,,9,,9,,9,,9,2006-03-27 13:41:34.001454080,2,2006-03-27 13:48:34.001464320,4,2006-03-28 01:21:01.000137728,4,2006-03-28 01:46:49.000173824,2,,9,,U,,,1.0,4.0,,R,,,,,,,,,,,,,
0,0,4,10,Argo trajectory,3.1,1.2,19500101000000,20210428203909,20210428203909,1900683,US ARGO PROJECT,BRECK OWENS,PRES,AO,2B,SOLO_W,SL524,1.10,851,ARGOS,2006-02-14 23:36:00.002519808,1,1,,,,-48.999332427978516,7.052499771118164,,0,-1.0,,0.0,,,,,,,,,,,,,,,,,,,,,9,,9,,9,,9,,9,,9,,,,9,,9,,9,,9,2006-03-27 13:41:34.001454080,2,2006-03-27 13:48:34.001464320,4,2006-03-28 01:21:01.000137728,4,2006-03-28 01:46:49.000173824,2,,9,,U,,,1.0,4.0,,R,,,,,,,,,,,,,
0,0,4,11,Argo trajectory,3.1,1.2,19500101000000,20210428203909,20210428203909,1900683,US ARGO PROJECT,BRECK OWENS,PRES,AO,2B,SOLO_W,SL524,1.10,851,ARGOS,2006-02-14 23:36:00.002519808,1,1,,,,-48.999332427978516,7.052499771118164,,0,-1.0,,0.0,,,,,,,,,,,,,,,,,,,,,9,,9,,9,,9,,9,,9,,,,9,,9,,9,,9,2006-03-27 13:41:34.001454080,2,2006-03-27 13:48:34.001464320,4,2006-03-28 01:21:01.000137728,4,2006-03-28 01:46:49.000173824,2,,9,,U,,,1.0,4.0,,R,,,,,,,,,,,,,
0,0,4,12,Argo trajectory,3.1,1.2,19500101000000,20210428203909,20210428203909,1900683,US ARGO PROJECT,BRECK OWENS,PRES,AO,2B,SOLO_W,SL524,1.10,851,ARGOS,2006-02-14 23:36:00.002519808,1,1,,,,-48.999332427978516,7.052499771118164,,0,-1.0,,0.0,,,,,,,,,,,,,,,,,,,,,9,,9,,9,,9,,9,,9,,,,9,,9,,9,,9,2006-03-27 13:41:34.001454080,2,2006-03-27 13:48:34.001464320,4,2006-03-28 01:21:01.000137728,4,2006-03-28 01:46:49.000173824,2,,9,,U,,,1.0,4.0,,R,,,,,,,,,,,,,
0,0,4,13,Argo trajectory,3.1,1.2,19500101000000,20210428203909,20210428203909,1900683,US ARGO PROJECT,BRECK OWENS,PRES,AO,2B,SOLO_W,SL524,1.10,851,ARGOS,2006-02-14 23:36:00.002519808,1,1,,,,-48.999332427978516,7.052499771118164,,0,-1.0,,0.0,,,,,,,,,,,,,,,,,,,,,9,,9,,9,,9,,9,,9,,,,9,,9,,9,,9,2006-03-27 13:41:34.001454080,2,2006-03-27 13:48:34.001464320,4,2006-03-28 01:21:01.000137728,4,2006-03-28 01:46:49.000173824,2,,9,,U,,,1.0,4.0,,R,,,,,,,,,,,,,
0,0,4,14,Argo trajectory,3.1,1.2,19500101000000,20210428203909,20210428203909,1900683,US ARGO PROJECT,BRECK OWENS,PRES,AO,2B,SOLO_W,SL524,1.10,851,ARGOS,2006-02-14 23:36:00.002519808,1,1,,,,-48.999332427978516,7.052499771118164,,0,-1.0,,0.0,,,,,,,,,,,,,,,,,,,,,9,,9,,9,,9,,9,,9,,,,9,,9,,9,,9,2006-03-27 13:41:34.001454080,2,2006-03-27 13:48:34.001464320,4,2006-03-28 01:21:01.000137728,4,2006-03-28 01:46:49.000173824,2,,9,,U,,,1.0,4.0,,R,,,,,,,,,,,,,
0,0,4,15,Argo trajectory,3.1,1.2,19500101000000,20210428203909,20210428203909,1900683,US ARGO PROJECT,BRECK OWENS,PRES,AO,2B,SOLO_W,SL524,1.10,851,ARGOS,2006-02-14 23:36:00.002519808,1,1,,,,-48.999332427978516,7.052499771118164,,0,-1.0,,0.0,,,,,,,,,,,,,,,,,,,,,9,,9,,9,,9,,9,,9,,,,9,,9,,9,,9,2006-03-27 13:41:34.001454080,2,2006-03-27 13:48:34.001464320,4,2006-03-28 01:21:01.000137728,4,2006-03-28 01:46:49.000173824,2,,9,,U,,,1.0,4.0,,R,,,,,,,,,,,,,
0,0,4,16,Argo trajectory,3.1,1.2,19500101000000,20210428203909,20210428203909,1900683,US ARGO PROJECT,BRECK OWENS,PRES,AO,2B,SOLO_W,SL524,1.10,851,ARGOS,2006-02-14 23:36:00.002519808,1,1,,,,-48.999332427978516,7.052499771118164,,0,-1.0,,0.0,,,,,,,,,,,,,,,,,,,,,9,,9,,9,,9,,9,,9,,,,9,,9,,9,,9,2006-03-27 13:41:34.001454080,2,2006-03-27 13:48:34.001464320,4,2006-03-28 01:21:01.000137728,4,2006-03-28 01:46:49.000173824,2,,9,,U,,,1.0,4.0,,R,,,,,,,,,,,,,
0,0,4,17,Argo trajectory,3.1,1.2,19500101000000,20210428203909,20210428203909,1900683,US ARGO PROJECT,BRECK OWENS,PRES,AO,2B,SOLO_W,SL524,1.10,851,ARGOS,2006-02-14 23:36:00.002519808,1,1,,,,-48.999332427978516,7.052499771118164,,0,-1.0,,0.0,,,,,,,,,,,,,,,,,,,,,9,,9,,9,,9,,9,,9,,,,9,,9,,9,,9,2006-03-27 13:41:34.001454080,2,2006-03-27 13:48:34.001464320,4,2006-03-28 01:21:01.000137728,4,2006-03-28 01:46:49.000173824,2,,9,,U,,,1.0,4.0,,R,,,,,,,,,,,,,
0,0,4,18,Argo trajectory,3.1,1.2,19500101000000,20210428203909,20210428203909,1900683,US ARGO PROJECT,BRECK OWENS,PRES,AO,2B,SOLO_W,SL524,1.10,851,ARGOS,2006-02-14 23:36:00.002519808,1,1,,,,-48.999332427978516,7.052499771118164,,0,-1.0,,0.0,,,,,,,,,,,,,,,,,,,,,9,,9,,9,,9,,9,,9,,,,9,,9,,9,,9,2006-03-27 13:41:34.001454080,2,2006-03-27 13:48:34.001464320,4,2006-03-28 01:21:01.000137728,4,2006-03-28 01:46:49.000173824,2,,9,,U,,,1.0,4.0,,R,,,,,,,,,,,,,
0,0,4,19,Argo trajectory,3.1,1.2,19500101000000,20210428203909,20210428203909,1900683,US ARGO PROJECT,BRECK OWENS,PRES,AO,2B,SOLO_W,SL524,1.10,851,ARGOS,2006-02-14 23:36:00.002519808,1,1,,,,-48.999332427978516,7.052499771118164,,0,-1.0,,0.0,,,,,,,,,,,,,,,,,,,,,9,,9,,9,,9,,9,,9,,,,9,,9,,9,,9,2006-03-27 13:41:34.001454080,2,2006-03-27 13:48:34.001464320,4,2006-03-28 01:21:01.000137728,4,2006-03-28 01:46:49.000173824,2,,9,,U,,,1.0,4.0,,R,,,,,,,,,,,,,
0,0,4,20,Argo trajectory,3.1,1.2,19500101000000,20210428203909,20210428203909,1900683,US ARGO PROJECT,BRECK OWENS,PRES,AO,2B,SOLO_W,SL524,1.10,851,ARGOS,2006-02-14 23:36:00.002519808,1,1,,,,-48.999332427978516,7.052499771118164,,0,-1.0,,0.0,,,,,,,,,,,,,,,,,,,,,9,,9,,9,,9,,9,,9,,,,9,,9,,9,,9,2006-03-27 13:41:34.001454080,2,2006-03-27 13:48:34.001464320,4,2006-03-28 01:21:01.000137728,4,2006-03-28 01:46:49.000173824,2,,9,,U,,,1.0,4.0,,R,,,,,,,,,,,,,
0,0,4,21,Argo trajectory,3.1,1.2,19500101000000,20210428203909,20210428203909,1900683,US ARGO PROJECT,BRECK OWENS,PRES,AO,2B,SOLO_W,SL524,1.10,851,ARGOS,2006-02-14 23:36:00.002519808,1,1,,,,-48.999332427978516,7.052499771118164,,0,-1.0,,0.0,,,,,,,,,,,,,,,,,,,,,9,,9,,9,,9,,9,,9,,,,9,,9,,9,,9,2006-03-27 13:41:34.001454080,2,2006-03-27 13:48:34.001464320,4,2006-03-28 01:21:01.000137728,4,2006-03-28 01:46:49.000173824,2,,9,,U,,,1.0,4.0,,R,,,,,,,,,,,,,
0,0,4,22,Argo trajectory,3.1,1.2,19500101000000,20210428203909,20210428203909,1900683,US ARGO PROJECT,BRECK OWENS,PRES,AO,2B,SOLO_W,SL524,1.10,851,ARGOS,2006-02-14 23:36:00.002519808,1,1,,,,-48.999332427978516,7.052499771118164,,0,-1.0,,0.0,,,,,,,,,,,,,,,,,,,,,9,,9,,9,,9,,9,,9,,,,9,,9,,9,,9,2006-03-27 13:41:34.001454080,2,2006-03-27 13:48:34.001464320,4,2006-03-28 01:21:01.000137728,4,2006-03-28 01:46:49.000173824,2,,9,,U,,,1.0,4.0,,R,,,,,,,,,,,,,
0,0,4,23,Argo trajectory,3.1,1.2,19500101000000,20210428203909,20210428203909,1900683,US ARGO PROJECT,BRECK OWENS,PRES,AO,2B,SOLO_W,SL524,1.10,851,ARGOS,2006-02-14 23:36:00.002519808,1,1,,,,-48.999332427978516,7.052499771118164,,0,-1.0,,0.0,,,,,,,,,,,,,,,,,,,,,9,,9,,9,,9,,9,,9,,,,9,,9,,9,,9,2006-03-27 13:41:34.001454080,2,2006-03-27 13:48:34.001464320,4,2006-03-28 01:21:01.000137728,4,2006-03-28 01:46:49.000173824,2,,9,,U,,,1.0,4.0,,R,,,,,,,,,,,,,
0,0,4,24,Argo trajectory,3.1,1.2,19500101000000,20210428203909,20210428203909,1900683,US ARGO PROJECT,BRECK OWENS,PRES,AO,2B,SOLO_W,SL524,1.10,851,ARGOS,2006-02-14 23:36:00.002519808,1,1,,,,-48.999332427978516,7.052499771118164,,0,-1.0,,0.0,,,,,,,,,,,,,,,,,,,,,9,,9,,9,,9,,9,,9,,,,9,,9,,9,,9,2006-03-27 13:41:34.001454080,2,2006-03-27 13:48:34.001464320,4,2006-03-28 01:21:01.000137728,4,2006-03-28 01:46:49.000173824,2,,9,,U,,,1.0,4.0,,R,,,,,,,,,,,,,
0,0,5,0,Argo trajectory,3.1,1.2,19500101000000,20210428203909,20210428203909,1900683,US ARGO PROJECT,BRECK OWENS,PRES,AO,2B,SOLO_W,SL524,1.10,851,ARGOS,2006-02-14 23:36:00.002519808,1,1,,,,-48.999332427978516,7.052499771118164,,0,-1.0,,0.0,,,,,,,,,,,,,,,,,,,,,9,,9,,9,,9,,9,,9,,,,9,,9,,9,,9,2006-04-06 13:43:06.001457408,2,2006-04-06 13:48:59.001464320,4,2006-04-07 01:32:11.000153856,4,2006-04-07 01:39:24.000163840,2,,9,,U,,,1.0,5.0,,R,AO,ARGQ,QCPL,,,20210428203909,QCP$,,,,,,0
0,0,5,1,Argo trajectory,3.1,1.2,19500101000000,20210428203909,20210428203909,1900683,US ARGO PROJECT,BRECK OWENS,PRES,AO,2B,SOLO_W,SL524,1.10,851,ARGOS,2006-02-14 23:36:00.002519808,1,1,,,,-48.999332427978516,7.052499771118164,,0,-1.0,,0.0,,,,,,,,,,,,,,,,,,,,,9,,9,,9,,9,,9,,9,,,,9,,9,,9,,9,2006-04-06 13:43:06.001457408,2,2006-04-06 13:48:59.001464320,4,2006-04-07 01:32:11.000153856,4,2006-04-07 01:39:24.000163840,2,,9,,U,,,1.0,5.0,,R,AO,ARGQ,QCPL,,,20210428203909,QCF$,,,,,,0
0,0,5,2,Argo trajectory,3.1,1.2,19500101000000,20210428203909,20210428203909,1900683,US ARGO PROJECT,BRECK OWENS,PRES,AO,2B,SOLO_W,SL524,1.10,851,ARGOS,2006-02-14 23:36:00.002519808,1,1,,,,-48.999332427978516,7.052499771118164,,0,-1.0,,0.0,,,,,,,,,,,,,,,,,,,,,9,,9,,9,,9,,9,,9,,,,9,,9,,9,,9,2006-04-06 13:43:06.001457408,2,2006-04-06 13:48:59.001464320,4,2006-04-07 01:32:11.000153856,4,2006-04-07 01:39:24.000163840,2,,9,,U,,,1.0,5.0,,R,,,,,,,,,,,,,
0,0,5,3,Argo trajectory,3.1,1.2,19500101000000,20210428203909,20210428203909,1900683,US ARGO PROJECT,BRECK OWENS,PRES,AO,2B,SOLO_W,SL524,1.10,851,ARGOS,2006-02-14 23:36:00.002519808,1,1,,,,-48.999332427978516,7.052499771118164,,0,-1.0,,0.0,,,,,,,,,,,,,,,,,,,,,9,,9,,9,,9,,9,,9,,,,9,,9,,9,,9,2006-04-06 13:43:06.001457408,2,2006-04-06 13:48:59.001464320,4,2006-04-07 01:32:11.000153856,4,2006-04-07 01:39:24.000163840,2,,9,,U,,,1.0,5.0,,R,,,,,,,,,,,,,
0,0,5,4,Argo trajectory,3.1,1.2,19500101000000,20210428203909,20210428203909,1900683,US ARGO PROJECT,BRECK OWENS,PRES,AO,2B,SOLO_W,SL524,1.10,851,ARGOS,2006-02-14 23:36:00.002519808,1,1,,,,-48.999332427978516,7.052499771118164,,0,-1.0,,0.0,,,,,,,,,,,,,,,,,,,,,9,,9,,9,,9,,9,,9,,,,9,,9,,9,,9,2006-04-06 13:43:06.001457408,2,2006-04-06 13:48:59.001464320,4,2006-04-07 01:32:11.000153856,4,2006-04-07 01:39:24.000163840,2,,9,,U,,,1.0,5.0,,R,,,,,,,,,,,,,
0,0,5,5,Argo trajectory,3.1,1.2,19500101000000,20210428203909,20210428203909,1900683,US ARGO PROJECT,BRECK OWENS,PRES,AO,2B,SOLO_W,SL524,1.10,851,ARGOS,2006-02-14 23:36:00.002519808,1,1,,,,-48.999332427978516,7.052499771118164,,0,-1.0,,0.0,,,,,,,,,,,,,,,,,,,,,9,,9,,9,,9,,9,,9,,,,9,,9,,9,,9,2006-04-06 13:43:06.001457408,2,2006-04-06 13:48:59.001464320,4,2006-04-07 01:32:11.000153856,4,2006-04-07 01:39:24.000163840,2,,9,,U,,,1.0,5.0,,R,,,,,,,,,,,,,
0,0,5,6,Argo trajectory,3.1,1.2,19500101000000,20210428203909,20210428203909,1900683,US ARGO PROJECT,BRECK OWENS,PRES,AO,2B,SOLO_W,SL524,1.10,851,ARGOS,2006-02-14 23:36:00.002519808,1,1,,,,-48.999332427978516,7.052499771118164,,0,-1.0,,0.0,,,,,,,,,,,,,,,,,,,,,9,,9,,9,,9,,9,,9,,,,9,,9,,9,,9,2006-04-06 13:43:06.001457408,2,2006-04-06 13:48:59.001464320,4,2006-04-07 01:32:11.000153856,4,2006-04-07 01:39:24.000163840,2,,9,,U,,,1.0,5.0,,R,,,,,,,,,,,,,
0,0,5,7,Argo trajectory,3.1,1.2,19500101000000,20210428203909,20210428203909,1900683,US ARGO PROJECT,BRECK OWENS,PRES,AO,2B,SOLO_W,SL524,1.10,851,ARGOS,2006-02-14 23:36:00.002519808,1,1,,,,-48.999332427978516,7.052499771118164,,0,-1.0,,0.0,,,,,,,,,,,,,,,,,,,,,9,,9,,9,,9,,9,,9,,,,9,,9,,9,,9,2006-04-06 13:43:06.001457408,2,2006-04-06 13:48:59.001464320,4,2006-04-07 01:32:11.000153856,4,2006-04-07 01:39:24.000163840,2,,9,,U,,,1.0,5.0,,R,,,,,,,,,,,,,
0,0,5,8,Argo trajectory,3.1,1.2,19500101000000,20210428203909,20210428203909,1900683,US ARGO PROJECT,BRECK OWENS,PRES,AO,2B,SOLO_W,SL524,1.10,851,ARGOS,2006-02-14 23:36:00.002519808,1,1,,,,-48.999332427978516,7.052499771118164,,0,-1.0,,0.0,,,,,,,,,,,,,,,,,,,,,9,,9,,9,,9,,9,,9,,,,9,,9,,9,,9,2006-04-06 13:43:06.001457408,2,2006-04-06 13:48:59.001464320,4,2006-04-07 01:32:11.000153856,4,2006-04-07 01:39:24.000163840,2,,9,,U,,,1.0,5.0,,R,,,,,,,,,,,,,
0,0,5,9,Argo trajectory,3.1,1.2,19500101000000,20210428203909,20210428203909,1900683,US ARGO PROJECT,BRECK OWENS,PRES,AO,2B,SOLO_W,SL524,1.10,851,ARGOS,2006-02-14 23:36:00.002519808,1,1,,,,-48.999332427978516,7.052499771118164,,0,-1.0,,0.0,,,,,,,,,,,,,,,,,,,,,9,,9,,9,,9,,9,,9,,,,9,,9,,9,,9,2006-04-06 13:43:06.001457408,2,2006-04-06 13:48:59.001464320,4,2006-04-07 01:32:11.000153856,4,2006-04-07 01:39:24.000163840,2,,9,,U,,,1.0,5.0,,R,,,,,,,,,,,,,
0,0,5,10,Argo trajectory,3.1,1.2,19500101000000,20210428203909,20210428203909,1900683,US ARGO PROJECT,BRECK OWENS,PRES,AO,2B,SOLO_W,SL524,1.10,851,ARGOS,2006-02-14 23:36:00.002519808,1,1,,,,-48.999332427978516,7.052499771118164,,0,-1.0,,0.0,,,,,,,,,,,,,,,,,,,,,9,,9,,9,,9,,9,,9,,,,9,,9,,9,,9,2006-04-06 13:43:06.001457408,2,2006-04-06 13:48:59.001464320,4,2006-04-07 01:32:11.000153856,4,2006-04-07 01:39:24.000163840,2,,9,,U,,,1.0,5.0,,R,,,,,,,,,,,,,
0,0,5,11,Argo trajectory,3.1,1.2,19500101000000,20210428203909,20210428203909,1900683,US ARGO PROJECT,BRECK OWENS,PRES,AO,2B,SOLO_W,SL524,1.10,851,ARGOS,2006-02-14 23:36:00.002519808,1,1,,,,-48.999332427978516,7.052499771118164,,0,-1.0,,0.0,,,,,,,,,,,,,,,,,,,,,9,,9,,9,,9,,9,,9,,,,9,,9,,9,,9,2006-04-06 13:43:06.001457408,2,2006-04-06 13:48:59.001464320,4,2006-04-07 01:32:11.000153856,4,2006-04-07 01:39:24.000163840,2,,9,,U,,,1.0,5.0,,R,,,,,,,,,,,,,
0,0,5,12,Argo trajectory,3.1,1.2,19500101000000,20210428203909,20210428203909,1900683,US ARGO PROJECT,BRECK OWENS,PRES,AO,2B,SOLO_W,SL524,1.10,851,ARGOS,2006-02-14 23:36:00.002519808,1,1,,,,-48.999332427978516,7.052499771118164,,0,-1.0,,0.0,,,,,,,,,,,,,,,,,,,,,9,,9,,9,,9,,9,,9,,,,9,,9,,9,,9,2006-04-06 13:43:06.001457408,2,2006-04-06 13:48:59.001464320,4,2006-04-07 01:32:11.000153856,4,2006-04-07 01:39:24.000163840,2,,9,,U,,,1.0,5.0,,R,,,,,,,,,,,,,
0,0,5,13,Argo trajectory,3.1,1.2,19500101000000,20210428203909,20210428203909,1900683,US ARGO PROJECT,BRECK OWENS,PRES,AO,2B,SOLO_W,SL524,1.10,851,ARGOS,2006-02-14 23:36:00.002519808,1,1,,,,-48.999332427978516,7.052499771118164,,0,-1.0,,0.0,,,,,,,,,,,,,,,,,,,,,9,,9,,9,,9,,9,,9,,,,9,,9,,9,,9,2006-04-06 13:43:06.001457408,2,2006-04-06 13:48:59.001464320,4,2006-04-07 01:32:11.000153856,4,2006-04-07 01:39:24.000163840,2,,9,,U,,,1.0,5.0,,R,,,,,,,,,,,,,
0,0,5,14,Argo trajectory,3.1,1.2,19500101000000,20210428203909,20210428203909,1900683,US ARGO PROJECT,BRECK OWENS,PRES,AO,2B,SOLO_W,SL524,1.10,851,ARGOS,2006-02-14 23:36:00.002519808,1,1,,,,-48.999332427978516,7.052499771118164,,0,-1.0,,0.0,,,,,,,,,,,,,,,,,,,,,9,,9,,9,,9,,9,,9,,,,9,,9,,9,,9,2006-04-06 13:43:06.001457408,2,2006-04-06 13:48:59.001464320,4,2006-04-07 01:32:11.000153856,4,2006-04-07 01:39:24.000163840,2,,9,,U,,,1.0,5.0,,R,,,,,,,,,,,,,
0,0,5,15,Argo trajectory,3.1,1.2,19500101000000,20210428203909,20210428203909,1900683,US ARGO PROJECT,BRECK OWENS,PRES,AO,2B,SOLO_W,SL524,1.10,851,ARGOS,2006-02-14 23:36:00.002519808,1,1,,,,-48.999332427978516,7.052499771118164,,0,-1.0,,0.0,,,,,,,,,,,,,,,,,,,,,9,,9,,9,,9,,9,,9,,,,9,,9,,9,,9,2006-04-06 13:43:06.001457408,2,2006-04-06 13:48:59.001464320,4,2006-04-07 01:32:11.000153856,4,2006-04-07 01:39:24.000163840,2,,9,,U,,,1.0,5.0,,R,,,,,,,,,,,,,
0,0,5,16,Argo trajectory,3.1,1.2,19500101000000,20210428203909,20210428203909,1900683,US ARGO PROJECT,BRECK OWENS,PRES,AO,2B,SOLO_W,SL524,1.10,851,ARGOS,2006-02-14 23:36:00.002519808,1,1,,,,-48.999332427978516,7.052499771118164,,0,-1.0,,0.0,,,,,,,,,,,,,,,,,,,,,9,,9,,9,,9,,9,,9,,,,9,,9,,9,,9,2006-04-06 13:43:06.001457408,2,2006-04-06 13:48:59.001464320,4,2006-04-07 01:32:11.000153856,4,2006-04-07 01:39:24.000163840,2,,9,,U,,,1.0,5.0,,R,,,,,,,,,,,,,
0,0,5,17,Argo trajectory,3.1,1.2,19500101000000,20210428203909,20210428203909,1900683,US ARGO PROJECT,BRECK OWENS,PRES,AO,2B,SOLO_W,SL524,1.10,851,ARGOS,2006-02-14 23:36:00.002519808,1,1,,,,-48.999332427978516,7.052499771118164,,0,-1.0,,0.0,,,,,,,,,,,,,,,,,,,,,9,,9,,9,,9,,9,,9,,,,9,,9,,9,,9,2006-04-06 13:43:06.001457408,2,2006-04-06 13:48:59.001464320,4,2006-04-07 01:32:11.000153856,4,2006-04-07 01:39:24.000163840,2,,9,,U,,,1.0,5.0,,R,,,,,,,,,,,,,
0,0,5,18,Argo trajectory,3.1,1.2,19500101000000,20210428203909,20210428203909,1900683,US ARGO PROJECT,BRECK OWENS,PRES,AO,2B,SOLO_W,SL524,1.10,851,ARGOS,2006-02-14 23:36:00.002519808,1,1,,,,-48.999332427978516,7.052499771118164,,0,-1.0,,0.0,,,,,,,,,,,,,,,,,,,,,9,,9,,9,,9,,9,,9,,,,9,,9,,9,,9,2006-04-06 13:43:06.001457408,2,2006-04-06 13:48:59.001464320,4,2006-04-07 01:32:11.000153856,4,2006-04-07 01:39:24.000163840,2,,9,,U,,,1.0,5.0,,R,,,,,,,,,,,,,
0,0,5,19,Argo trajectory,3.1,1.2,19500101000000,20210428203909,20210428203909,1900683,US ARGO PROJECT,BRECK OWENS,PRES,AO,2B,SOLO_W,SL524,1.10,851,ARGOS,2006-02-14 23:36:00.002519808,1,1,,,,-48.999332427978516,7.052499771118164,,0,-1.0,,0.0,,,,,,,,,,,,,,,,,,,,,9,,9,,9,,9,,9,,9,,,,9,,9,,9,,9,2006-04-06 13:43:06.001457408,2,2006-04-06 13:48:59.001464320,4,2006-04-07 01:32:11.000153856,4,2006-04-07 01:39:24.000163840,2,,9,,U,,,1.0,5.0,,R,,,,,,,,,,,,,
0,0,5,20,Argo trajectory,3.1,1.2,19500101000000,20210428203909,20210428203909,1900683,US ARGO PROJECT,BRECK OWENS,PRES,AO,2B,SOLO_W,SL524,1.10,851,ARGOS,2006-02-14 23:36:00.002519808,1,1,,,,-48.999332427978516,7.052499771118164,,0,-1.0,,0.0,,,,,,,,,,,,,,,,,,,,,9,,9,,9,,9,,9,,9,,,,9,,9,,9,,9,2006-04-06 13:43:06.001457408,2,2006-04-06 13:48:59.001464320,4,2006-04-07 01:32:11.000153856,4,2006-04-07 01:39:24.000163840,2,,9,,U,,,1.0,5.0,,R,,,,,,,,,,,,,
0,0,5,21,Argo trajectory,3.1,1.2,19500101000000,20210428203909,20210428203909,1900683,US ARGO PROJECT,BRECK OWENS,PRES,AO,2B,SOLO_W,SL524,1.10,851,ARGOS,2006-02-14 23:36:00.002519808,1,1,,,,-48.999332427978516,7.052499771118164,,0,-1.0,,0.0,,,,,,,,,,,,,,,,,,,,,9,,9,,9,,9,,9,,9,,,,9,,9,,9,,9,2006-04-06 13:43:06.001457408,2,2006-04-06 13:48:59.001464320,4,2006-04-07 01:32:11.000153856,4,2006-04-07 01:39:24.000163840,2,,9,,U,,,1.0,5.0,,R,,,,,,,,,,,,,
0,0,5,22,Argo trajectory,3.1,1.2,19500101000000,20210428203909,20210428203909,1900683,US ARGO PROJECT,BRECK OWENS,PRES,AO,2B,SOLO_W,SL524,1.10,851,ARGOS,2006-02-14 23:36:00.002519808,1,1,,,,-48.999332427978516,7.052499771118164,,0,-1.0,,0.0,,,,,,,,,,,,,,,,,,,,,9,,9,,9,,9,,9,,9,,,,9,,9,,9,,9,2006-04-06 13:43:06.001457408,2,2006-04-06 13:48:59.001464320,4,2006-04-07 01:32:11.000153856,4,2006-04-07 01:39:24.000163840,2,,9,,U,,,1.0,5.0,,R,,,,,,,,,,,,,
0,0,5,23,Argo trajectory,3.1,1.2,19500101000000,20210428203909,20210428203909,1900683,US ARGO PROJECT,BRECK OWENS,PRES,AO,2B,SOLO_W,SL524,1.10,851,ARGOS,2006-02-14 23:36:00.002519808,1,1,,,,-48.999332427978516,7.052499771118164,,0,-1.0,,0.0,,,,,,,,,,,,,,,,,,,,,9,,9,,9,,9,,9,,9,,,,9,,9,,9,,9,2006-04-06 13:43:06.001457408,2,2006-04-06 13:48:59.001464320,4,2006-04-07 01:32:11.000153856,4,2006-04-07 01:39:24.000163840,2,,9,,U,,,1.0,5.0,,R,,,,,,,,,,,,,
0,0,5,24,Argo trajectory,3.1,1.2,19500101000000,20210428203909,20210428203909,1900683,US ARGO PROJECT,BRECK OWENS,PRES,AO,2B,SOLO_W,SL524,1.10,851,ARGOS,2006-02-14 23:36:00.002519808,1,1,,,,-48.999332427978516,7.052499771118164,,0,-1.0,,0.0,,,,,,,,,,,,,,,,,,,,,9,,9,,9,,9,,9,,9,,,,9,,9,,9,,9,2006-04-06 13:43:06.001457408,2,2006-04-06 13:48:59.001464320,4,2006-04-07 01:32:11.000153856,4,2006-04-07 01:39:24.000163840,2,,9,,U,,,1.0,5.0,,R,,,,,,,,,,,,,
0,0,6,0,Argo trajectory,3.1,1.2,19500101000000,20210428203909,20210428203909,1900683,US ARGO PROJECT,BRECK OWENS,PRES,AO,2B,SOLO_W,SL524,1.10,851,ARGOS,2006-02-14 23:36:00.002519808,1,1,,,,-48.999332427978516,7.052499771118164,,0,-1.0,,0.0,,,,,,,,,,,,,,,,,,,,,9,,9,,9,,9,,9,,9,,,,9,,9,,9,,9,2006-04-16 13:38:24.001449984,2,2006-04-16 13:44:43.001458688,4,2006-04-17 01:17:53.000131840,4,2006-04-17 01:24:16.000142080,2,,9,,U,,,1.0,6.0,,R,AO,ARGQ,QCPL,,,20210428203909,QCP$,,,,,,0
0,0,6,1,Argo trajectory,3.1,1.2,19500101000000,20210428203909,20210428203909,1900683,US ARGO PROJECT,BRECK OWENS,PRES,AO,2B,SOLO_W,SL524,1.10,851,ARGOS,2006-02-14 23:36:00.002519808,1,1,,,,-48.999332427978516,7.052499771118164,,0,-1.0,,0.0,,,,,,,,,,,,,,,,,,,,,9,,9,,9,,9,,9,,9,,,,9,,9,,9,,9,2006-04-16 13:38:24.001449984,2,2006-04-16 13:44:43.001458688,4,2006-04-17 01:17:53.000131840,4,2006-04-17 01:24:16.000142080,2,,9,,U,,,1.0,6.0,,R,AO,ARGQ,QCPL,,,20210428203909,QCF$,,,,,,0
0,0,6,2,Argo trajectory,3.1,1.2,19500101000000,20210428203909,20210428203909,1900683,US ARGO PROJECT,BRECK OWENS,PRES,AO,2B,SOLO_W,SL524,1.10,851,ARGOS,2006-02-14 23:36:00.002519808,1,1,,,,-48.999332427978516,7.052499771118164,,0,-1.0,,0.0,,,,,,,,,,,,,,,,,,,,,9,,9,,9,,9,,9,,9,,,,9,,9,,9,,9,2006-04-16 13:38:24.001449984,2,2006-04-16 13:44:43.001458688,4,2006-04-17 01:17:53.000131840,4,2006-04-17 01:24:16.000142080,2,,9,,U,,,1.0,6.0,,R,,,,,,,,,,,,,
0,0,6,3,Argo trajectory,3.1,1.2,19500101000000,20210428203909,20210428203909,1900683,US ARGO PROJECT,BRECK OWENS,PRES,AO,2B,SOLO_W,SL524,1.10,851,ARGOS,2006-02-14 23:36:00.002519808,1,1,,,,-48.999332427978516,7.052499771118164,,0,-1.0,,0.0,,,,,,,,,,,,,,,,,,,,,9,,9,,9,,9,,9,,9,,,,9,,9,,9,,9,2006-04-16 13:38:24.001449984,2,2006-04-16 13:44:43.001458688,4,2006-04-17 01:17:53.000131840,4,2006-04-17 01:24:16.000142080,2,,9,,U,,,1.0,6.0,,R,,,,,,,,,,,,,
0,0,6,4,Argo trajectory,3.1,1.2,19500101000000,20210428203909,20210428203909,1900683,US ARGO PROJECT,BRECK OWENS,PRES,AO,2B,SOLO_W,SL524,1.10,851,ARGOS,2006-02-14 23:36:00.002519808,1,1,,,,-48.999332427978516,7.052499771118164,,0,-1.0,,0.0,,,,,,,,,,,,,,,,,,,,,9,,9,,9,,9,,9,,9,,,,9,,9,,9,,9,2006-04-16 13:38:24.001449984,2,2006-04-16 13:44:43.001458688,4,2006-04-17 01:17:53.000131840,4,2006-04-17 01:24:16.000142080,2,,9,,U,,,1.0,6.0,,R,,,,,,,,,,,,,
0,0,6,5,Argo trajectory,3.1,1.2,19500101000000,20210428203909,20210428203909,1900683,US ARGO PROJECT,BRECK OWENS,PRES,AO,2B,SOLO_W,SL524,1.10,851,ARGOS,2006-02-14 23:36:00.002519808,1,1,,,,-48.999332427978516,7.052499771118164,,0,-1.0,,0.0,,,,,,,,,,,,,,,,,,,,,9,,9,,9,,9,,9,,9,,,,9,,9,,9,,9,2006-04-16 13:38:24.001449984,2,2006-04-16 13:44:43.001458688,4,2006-04-17 01:17:53.000131840,4,2006-04-17 01:24:16.000142080,2,,9,,U,,,1.0,6.0,,R,,,,,,,,,,,,,
0,0,6,6,Argo trajectory,3.1,1.2,19500101000000,20210428203909,20210428203909,1900683,US ARGO PROJECT,BRECK OWENS,PRES,AO,2B,SOLO_W,SL524,1.10,851,ARGOS,2006-02-14 23:36:00.002519808,1,1,,,,-48.999332427978516,7.052499771118164,,0,-1.0,,0.0,,,,,,,,,,,,,,,,,,,,,9,,9,,9,,9,,9,,9,,,,9,,9,,9,,9,2006-04-16 13:38:24.001449984,2,2006-04-16 13:44:43.001458688,4,2006-04-17 01:17:53.000131840,4,2006-04-17 01:24:16.000142080,2,,9,,U,,,1.0,6.0,,R,,,,,,,,,,,,,
0,0,6,7,Argo trajectory,3.1,1.2,19500101000000,20210428203909,20210428203909,1900683,US ARGO PROJECT,BRECK OWENS,PRES,AO,2B,SOLO_W,SL524,1.10,851,ARGOS,2006-02-14 23:36:00.002519808,1,1,,,,-48.999332427978516,7.052499771118164,,0,-1.0,,0.0,,,,,,,,,,,,,,,,,,,,,9,,9,,9,,9,,9,,9,,,,9,,9,,9,,9,2006-04-16 13:38:24.001449984,2,2006-04-16 13:44:43.001458688,4,2006-04-17 01:17:53.000131840,4,2006-04-17 01:24:16.000142080,2,,9,,U,,,1.0,6.0,,R,,,,,,,,,,,,,
0,0,6,8,Argo trajectory,3.1,1.2,19500101000000,20210428203909,20210428203909,1900683,US ARGO PROJECT,BRECK OWENS,PRES,AO,2B,SOLO_W,SL524,1.10,851,ARGOS,2006-02-14 23:36:00.002519808,1,1,,,,-48.999332427978516,7.052499771118164,,0,-1.0,,0.0,,,,,,,,,,,,,,,,,,,,,9,,9,,9,,9,,9,,9,,,,9,,9,,9,,9,2006-04-16 13:38:24.001449984,2,2006-04-16 13:44:43.001458688,4,2006-04-17 01:17:53.000131840,4,2006-04-17 01:24:16.000142080,2,,9,,U,,,1.0,6.0,,R,,,,,,,,,,,,,
0,0,6,9,Argo trajectory,3.1,1.2,19500101000000,20210428203909,20210428203909,1900683,US ARGO PROJECT,BRECK OWENS,PRES,AO,2B,SOLO_W,SL524,1.10,851,ARGOS,2006-02-14 23:36:00.002519808,1,1,,,,-48.999332427978516,7.052499771118164,,0,-1.0,,0.0,,,,,,,,,,,,,,,,,,,,,9,,9,,9,,9,,9,,9,,,,9,,9,,9,,9,2006-04-16 13:38:24.001449984,2,2006-04-16 13:44:43.001458688,4,2006-04-17 01:17:53.000131840,4,2006-04-17 01:24:16.000142080,2,,9,,U,,,1.0,6.0,,R,,,,,,,,,,,,,
0,0,6,10,Argo trajectory,3.1,1.2,19500101000000,20210428203909,20210428203909,1900683,US ARGO PROJECT,BRECK OWENS,PRES,AO,2B,SOLO_W,SL524,1.10,851,ARGOS,2006-02-14 23:36:00.002519808,1,1,,,,-48.999332427978516,7.052499771118164,,0,-1.0,,0.0,,,,,,,,,,,,,,,,,,,,,9,,9,,9,,9,,9,,9,,,,9,,9,,9,,9,2006-04-16 13:38:24.001449984,2,2006-04-16 13:44:43.001458688,4,2006-04-17 01:17:53.000131840,4,2006-04-17 01:24:16.000142080,2,,9,,U,,,1.0,6.0,,R,,,,,,,,,,,,,
0,0,6,11,Argo trajectory,3.1,1.2,19500101000000,20210428203909,20210428203909,1900683,US ARGO PROJECT,BRECK OWENS,PRES,AO,2B,SOLO_W,SL524,1.10,851,ARGOS,2006-02-14 23:36:00.002519808,1,1,,,,-48.999332427978516,7.052499771118164,,0,-1.0,,0.0,,,,,,,,,,,,,,,,,,,,,9,,9,,9,,9,,9,,9,,,,9,,9,,9,,9,2006-04-16 13:38:24.001449984,2,2006-04-16 13:44:43.001458688,4,2006-04-17 01:17:53.000131840,4,2006-04-17 01:24:16.000142080,2,,9,,U,,,1.0,6.0,,R,,,,,,,,,,,,,
0,0,6,12,Argo trajectory,3.1,1.2,19500101000000,20210428203909,20210428203909,1900683,US ARGO PROJECT,BRECK OWENS,PRES,AO,2B,SOLO_W,SL524,1.10,851,ARGOS,2006-02-14 23:36:00.002519808,1,1,,,,-48.999332427978516,7.052499771118164,,0,-1.0,,0.0,,,,,,,,,,,,,,,,,,,,,9,,9,,9,,9,,9,,9,,,,9,,9,,9,,9,2006-04-16 13:38:24.001449984,2,2006-04-16 13:44:43.001458688,4,2006-04-17 01:17:53.000131840,4,2006-04-17 01:24:16.000142080,2,,9,,U,,,1.0,6.0,,R,,,,,,,,,,,,,
0,0,6,13,Argo trajectory,3.1,1.2,19500101000000,20210428203909,20210428203909,1900683,US ARGO PROJECT,BRECK OWENS,PRES,AO,2B,SOLO_W,SL524,1.10,851,ARGOS,2006-02-14 23:36:00.002519808,1,1,,,,-48.999332427978516,7.052499771118164,,0,-1.0,,0.0,,,,,,,,,,,,,,,,,,,,,9,,9,,9,,9,,9,,9,,,,9,,9,,9,,9,2006-04-16 13:38:24.001449984,2,2006-04-16 13:44:43.001458688,4,2006-04-17 01:17:53.000131840,4,2006-04-17 01:24:16.000142080,2,,9,,U,,,1.0,6.0,,R,,,,,,,,,,,,,
0,0,6,14,Argo trajectory,3.1,1.2,19500101000000,20210428203909,20210428203909,1900683,US ARGO PROJECT,BRECK OWENS,PRES,AO,2B,SOLO_W,SL524,1.10,851,ARGOS,2006-02-14 23:36:00.002519808,1,1,,,,-48.999332427978516,7.052499771118164,,0,-1.0,,0.0,,,,,,,,,,,,,,,,,,,,,9,,9,,9,,9,,9,,9,,,,9,,9,,9,,9,2006-04-16 13:38:24.001449984,2,2006-04-16 13:44:43.001458688,4,2006-04-17 01:17:53.000131840,4,2006-04-17 01:24:16.000142080,2,,9,,U,,,1.0,6.0,,R,,,,,,,,,,,,,
0,0,6,15,Argo trajectory,3.1,1.2,19500101000000,20210428203909,20210428203909,1900683,US ARGO PROJECT,BRECK OWENS,PRES,AO,2B,SOLO_W,SL524,1.10,851,ARGOS,2006-02-14 23:36:00.002519808,1,1,,,,-48.999332427978516,7.052499771118164,,0,-1.0,,0.0,,,,,,,,,,,,,,,,,,,,,9,,9,,9,,9,,9,,9,,,,9,,9,,9,,9,2006-04-16 13:38:24.001449984,2,2006-04-16 13:44:43.001458688,4,2006-04-17 01:17:53.000131840,4,2006-04-17 01:24:16.000142080,2,,9,,U,,,1.0,6.0,,R,,,,,,,,,,,,,
0,0,6,16,Argo trajectory,3.1,1.2,19500101000000,20210428203909,20210428203909,1900683,US ARGO PROJECT,BRECK OWENS,PRES,AO,2B,SOLO_W,SL524,1.10,851,ARGOS,2006-02-14 23:36:00.002519808,1,1,,,,-48.999332427978516,7.052499771118164,,0,-1.0,,0.0,,,,,,,,,,,,,,,,,,,,,9,,9,,9,,9,,9,,9,,,,9,,9,,9,,9,2006-04-16 13:38:24.001449984,2,2006-04-16 13:44:43.001458688,4,2006-04-17 01:17:53.000131840,4,2006-04-17 01:24:16.000142080,2,,9,,U,,,1.0,6.0,,R,,,,,,,,,,,,,
0,0,6,17,Argo trajectory,3.1,1.2,19500101000000,20210428203909,20210428203909,1900683,US ARGO PROJECT,BRECK OWENS,PRES,AO,2B,SOLO_W,SL524,1.10,851,ARGOS,2006-02-14 23:36:00.002519808,1,1,,,,-48.999332427978516,7.052499771118164,,0,-1.0,,0.0,,,,,,,,,,,,,,,,,,,,,9,,9,,9,,9,,9,,9,,,,9,,9,,9,,9,2006-04-16 13:38:24.001449984,2,2006-04-16 13:44:43.001458688,4,2006-04-17 01:17:53.000131840,4,2006-04-17 01:24:16.000142080,2,,9,,U,,,1.0,6.0,,R,,,,,,,,,,,,,
0,0,6,18,Argo trajectory,3.1,1.2,19500101000000,20210428203909,20210428203909,1900683,US ARGO PROJECT,BRECK OWENS,PRES,AO,2B,SOLO_W,SL524,1.10,851,ARGOS,2006-02-14 23:36:00.002519808,1,1,,,,-48.999332427978516,7.052499771118164,,0,-1.0,,0.0,,,,,,,,,,,,,,,,,,,,,9,,9,,9,,9,,9,,9,,,,9,,9,,9,,9,2006-04-16 13:38:24.001449984,2,2006-04-16 13:44:43.001458688,4,2006-04-17 01:17:53.000131840,4,2006-04-17 01:24:16.000142080,2,,9,,U,,,1.0,6.0,,R,,,,,,,,,,,,,
0,0,6,19,Argo trajectory,3.1,1.2,19500101000000,20210428203909,20210428203909,1900683,US ARGO PROJECT,BRECK OWENS,PRES,AO,2B,SOLO_W,SL524,1.10,851,ARGOS,2006-02-14 23:36:00.002519808,1,1,,,,-48.999332427978516,7.052499771118164,,0,-1.0,,0.0,,,,,,,,,,,,,,,,,,,,,9,,9,,9,,9,,9,,9,,,,9,,9,,9,,9,2006-04-16 13:38:24.001449984,2,2006-04-16 13:44:43.001458688,4,2006-04-17 01:17:53.000131840,4,2006-04-17 01:24:16.000142080,2,,9,,U,,,1.0,6.0,,R,,,,,,,,,,,,,
0,0,6,20,Argo trajectory,3.1,1.2,19500101000000,20210428203909,20210428203909,1900683,US ARGO PROJECT,BRECK OWENS,PRES,AO,2B,SOLO_W,SL524,1.10,851,ARGOS,2006-02-14 23:36:00.002519808,1,1,,,,-48.999332427978516,7.052499771118164,,0,-1.0,,0.0,,,,,,,,,,,,,,,,,,,,,9,,9,,9,,9,,9,,9,,,,9,,9,,9,,9,2006-04-16 13:38:24.001449984,2,2006-04-16 13:44:43.001458688,4,2006-04-17 01:17:53.000131840,4,2006-04-17 01:24:16.000142080,2,,9,,U,,,1.0,6.0,,R,,,,,,,,,,,,,
0,0,6,21,Argo trajectory,3.1,1.2,19500101000000,20210428203909,20210428203909,1900683,US ARGO PROJECT,BRECK OWENS,PRES,AO,2B,SOLO_W,SL524,1.10,851,ARGOS,2006-02-14 23:36:00.002519808,1,1,,,,-48.999332427978516,7.052499771118164,,0,-1.0,,0.0,,,,,,,,,,,,,,,,,,,,,9,,9,,9,,9,,9,,9,,,,9,,9,,9,,9,2006-04-16 13:38:24.001449984,2,2006-04-16 13:44:43.001458688,4,2006-04-17 01:17:53.000131840,4,2006-04-17 01:24:16.000142080,2,,9,,U,,,1.0,6.0,,R,,,,,,,,,,,,,
0,0,6,22,Argo trajectory,3.1,1.2,19500101000000,20210428203909,20210428203909,1900683,US ARGO PROJECT,BRECK OWENS,PRES,AO,2B,SOLO_W,SL524,1.10,851,ARGOS,2006-02-14 23:36:00.002519808,1,1,,,,-48.999332427978516,7.052499771118164,,0,-1.0,,0.0,,,,,,,,,,,,,,,,,,,,,9,,9,,9,,9,,9,,9,,,,9,,9,,9,,9,2006-04-16 13:38:24.001449984,2,2006-04-16 13:44:43.001458688,4,2006-04-17 01:17:53.000131840,4,2006-04-17 01:24:16.000142080,2,,9,,U,,,1.0,6.0,,R,,,,,,,,,,,,,
0,0,6,23,Argo trajectory,3.1,1.2,19500101000000,20210428203909,20210428203909,1900683,US ARGO PROJECT,BRECK OWENS,PRES,AO,2B,SOLO_W,SL524,1.10,851,ARGOS,2006-02-14 23:36:00.002519808,1,1,,,,-48.999332427978516,7.052499771118164,,0,-1.0,,0.0,,,,,,,,,,,,,,,,,,,,,9,,9,,9,,9,,9,,9,,,,9,,9,,9,,9,2006-04-16 13:38:24.001449984,2,2006-04-16 13:44:43.001458688,4,2006-04-17 01:17:53.000131840,4,2006-04-17 01:24:16.000142080,2,,9,,U,,,1.0,6.0,,R,,,,,,,,,,,,,
0,0,6,24,Argo trajectory,3.1,1.2,19500101000000,20210428203909,20210428203909,1900683,US ARGO PROJECT,BRECK OWENS,PRES,AO,2B,SOLO_W,SL524,1.10,851,ARGOS,2006-02-14 23:36:00.002519808,1,1,,,,-48.999332427978516,7.052499771118164,,0,-1.0,,0.0,,,,,,,,,,,,,,,,,,,,,9,,9,,9,,9,,9,,9,,,,9,,9,,9,,9,2006-04-16 13:38:24.001449984,2,2006-04-16 13:44:43.001458688,4,2006-04-17 01:17:53.000131840,4,2006-04-17 01:24:16.000142080,2,,9,,U,,,1.0,6.0,,R,,,,,,,,,,,,,
0,0,7,0,Argo trajectory,3.1,1.2,19500101000000,20210428203909,20210428203909,1900683,US ARGO PROJECT,BRECK OWENS,PRES,AO,2B,SOLO_W,SL524,1.10,851,ARGOS,2006-02-14 23:36:00.002519808,1,1,,,,-48.999332427978516,7.052499771118164,,0,-1.0,,0.0,,,,,,,,,,,,,,,,,,,,,9,,9,,9,,9,,9,,9,,,,9,,9,,9,,9,2006-04-26 13:23:59.001428224,2,2006-04-26 13:29:05.001436672,4,2006-04-27 01:37:42.000160768,4,2006-04-27 01:39:47.000163840,2,,9,,U,,,1.0,7.0,,R,AO,ARGQ,QCPL,,,20210428203909,QCP$,,,,,,0
0,0,7,1,Argo trajectory,3.1,1.2,19500101000000,20210428203909,20210428203909,1900683,US ARGO PROJECT,BRECK OWENS,PRES,AO,2B,SOLO_W,SL524,1.10,851,ARGOS,2006-02-14 23:36:00.002519808,1,1,,,,-48.999332427978516,7.052499771118164,,0,-1.0,,0.0,,,,,,,,,,,,,,,,,,,,,9,,9,,9,,9,,9,,9,,,,9,,9,,9,,9,2006-04-26 13:23:59.001428224,2,2006-04-26 13:29:05.001436672,4,2006-04-27 01:37:42.000160768,4,2006-04-27 01:39:47.000163840,2,,9,,U,,,1.0,7.0,,R,AO,ARGQ,QCPL,,,20210428203909,QCF$,,,,,,0
0,0,7,2,Argo trajectory,3.1,1.2,19500101000000,20210428203909,20210428203909,1900683,US ARGO PROJECT,BRECK OWENS,PRES,AO,2B,SOLO_W,SL524,1.10,851,ARGOS,2006-02-14 23:36:00.002519808,1,1,,,,-48.999332427978516,7.052499771118164,,0,-1.0,,0.0,,,,,,,,,,,,,,,,,,,,,9,,9,,9,,9,,9,,9,,,,9,,9,,9,,9,2006-04-26 13:23:59.001428224,2,2006-04-26 13:29:05.001436672,4,2006-04-27 01:37:42.000160768,4,2006-04-27 01:39:47.000163840,2,,9,,U,,,1.0,7.0,,R,,,,,,,,,,,,,
0,0,7,3,Argo trajectory,3.1,1.2,19500101000000,20210428203909,20210428203909,1900683,US ARGO PROJECT,BRECK OWENS,PRES,AO,2B,SOLO_W,SL524,1.10,851,ARGOS,2006-02-14 23:36:00.002519808,1,1,,,,-48.999332427978516,7.052499771118164,,0,-1.0,,0.0,,,,,,,,,,,,,,,,,,,,,9,,9,,9,,9,,9,,9,,,,9,,9,,9,,9,2006-04-26 13:23:59.001428224,2,2006-04-26 13:29:05.001436672,4,2006-04-27 01:37:42.000160768,4,2006-04-27 01:39:47.000163840,2,,9,,U,,,1.0,7.0,,R,,,,,,,,,,,,,
0,0,7,4,Argo trajectory,3.1,1.2,19500101000000,20210428203909,20210428203909,1900683,US ARGO PROJECT,BRECK OWENS,PRES,AO,2B,SOLO_W,SL524,1.10,851,ARGOS,2006-02-14 23:36:00.002519808,1,1,,,,-48.999332427978516,7.052499771118164,,0,-1.0,,0.0,,,,,,,,,,,,,,,,,,,,,9,,9,,9,,9,,9,,9,,,,9,,9,,9,,9,2006-04-26 13:23:59.001428224,2,2006-04-26 13:29:05.001436672,4,2006-04-27 01:37:42.000160768,4,2006-04-27 01:39:47.000163840,2,,9,,U,,,1.0,7.0,,R,,,,,,,,,,,,,
0,0,7,5,Argo trajectory,3.1,1.2,19500101000000,20210428203909,20210428203909,1900683,US ARGO PROJECT,BRECK OWENS,PRES,AO,2B,SOLO_W,SL524,1.10,851,ARGOS,2006-02-14 23:36:00.002519808,1,1,,,,-48.999332427978516,7.052499771118164,,0,-1.0,,0.0,,,,,,,,,,,,,,,,,,,,,9,,9,,9,,9,,9,,9,,,,9,,9,,9,,9,2006-04-26 13:23:59.001428224,2,2006-04-26 13:29:05.001436672,4,2006-04-27 01:37:42.000160768,4,2006-04-27 01:39:47.000163840,2,,9,,U,,,1.0,7.0,,R,,,,,,,,,,,,,
0,0,7,6,Argo trajectory,3.1,1.2,19500101000000,20210428203909,20210428203909,1900683,US ARGO PROJECT,BRECK OWENS,PRES,AO,2B,SOLO_W,SL524,1.10,851,ARGOS,2006-02-14 23:36:00.002519808,1,1,,,,-48.999332427978516,7.052499771118164,,0,-1.0,,0.0,,,,,,,,,,,,,,,,,,,,,9,,9,,9,,9,,9,,9,,,,9,,9,,9,,9,2006-04-26 13:23:59.001428224,2,2006-04-26 13:29:05.001436672,4,2006-04-27 01:37:42.000160768,4,2006-04-27 01:39:47.000163840,2,,9,,U,,,1.0,7.0,,R,,,,,,,,,,,,,
0,0,7,7,Argo trajectory,3.1,1.2,19500101000000,20210428203909,20210428203909,1900683,US ARGO PROJECT,BRECK OWENS,PRES,AO,2B,SOLO_W,SL524,1.10,851,ARGOS,2006-02-14 23:36:00.002519808,1,1,,,,-48.999332427978516,7.052499771118164,,0,-1.0,,0.0,,,,,,,,,,,,,,,,,,,,,9,,9,,9,,9,,9,,9,,,,9,,9,,9,,9,2006-04-26 13:23:59.001428224,2,2006-04-26 13:29:05.001436672,4,2006-04-27 01:37:42.000160768,4,2006-04-27 01:39:47.000163840,2,,9,,U,,,1.0,7.0,,R,,,,,,,,,,,,,
0,0,7,8,Argo trajectory,3.1,1.2,19500101000000,20210428203909,20210428203909,1900683,US ARGO PROJECT,BRECK OWENS,PRES,AO,2B,SOLO_W,SL524,1.10,851,ARGOS,2006-02-14 23:36:00.002519808,1,1,,,,-48.999332427978516,7.052499771118164,,0,-1.0,,0.0,,,,,,,,,,,,,,,,,,,,,9,,9,,9,,9,,9,,9,,,,9,,9,,9,,9,2006-04-26 13:23:59.001428224,2,2006-04-26 13:29:05.001436672,4,2006-04-27 01:37:42.000160768,4,2006-04-27 01:39:47.000163840,2,,9,,U,,,1.0,7.0,,R,,,,,,,,,,,,,
0,0,7,9,Argo trajectory,3.1,1.2,19500101000000,20210428203909,20210428203909,1900683,US ARGO PROJECT,BRECK OWENS,PRES,AO,2B,SOLO_W,SL524,1.10,851,ARGOS,2006-02-14 23:36:00.002519808,1,1,,,,-48.999332427978516,7.052499771118164,,0,-1.0,,0.0,,,,,,,,,,,,,,,,,,,,,9,,9,,9,,9,,9,,9,,,,9,,9,,9,,9,2006-04-26 13:23:59.001428224,2,2006-04-26 13:29:05.001436672,4,2006-04-27 01:37:42.000160768,4,2006-04-27 01:39:47.000163840,2,,9,,U,,,1.0,7.0,,R,,,,,,,,,,,,,
0,0,7,10,Argo trajectory,3.1,1.2,19500101000000,20210428203909,20210428203909,1900683,US ARGO PROJECT,BRECK OWENS,PRES,AO,2B,SOLO_W,SL524,1.10,851,ARGOS,2006-02-14 23:36:00.002519808,1,1,,,,-48.999332427978516,7.052499771118164,,0,-1.0,,0.0,,,,,,,,,,,,,,,,,,,,,9,,9,,9,,9,,9,,9,,,,9,,9,,9,,9,2006-04-26 13:23:59.001428224,2,2006-04-26 13:29:05.001436672,4,2006-04-27 01:37:42.000160768,4,2006-04-27 01:39:47.000163840,2,,9,,U,,,1.0,7.0,,R,,,,,,,,,,,,,
0,0,7,11,Argo trajectory,3.1,1.2,19500101000000,20210428203909,20210428203909,1900683,US ARGO PROJECT,BRECK OWENS,PRES,AO,2B,SOLO_W,SL524,1.10,851,ARGOS,2006-02-14 23:36:00.002519808,1,1,,,,-48.999332427978516,7.052499771118164,,0,-1.0,,0.0,,,,,,,,,,,,,,,,,,,,,9,,9,,9,,9,,9,,9,,,,9,,9,,9,,9,2006-04-26 13:23:59.001428224,2,2006-04-26 13:29:05.001436672,4,2006-04-27 01:37:42.000160768,4,2006-04-27 01:39:47.000163840,2,,9,,U,,,1.0,7.0,,R,,,,,,,,,,,,,
0,0,7,12,Argo trajectory,3.1,1.2,19500101000000,20210428203909,20210428203909,1900683,US ARGO PROJECT,BRECK OWENS,PRES,AO,2B,SOLO_W,SL524,1.10,851,ARGOS,2006-02-14 23:36:00.002519808,1,1,,,,-48.999332427978516,7.052499771118164,,0,-1.0,,0.0,,,,,,,,,,,,,,,,,,,,,9,,9,,9,,9,,9,,9,,,,9,,9,,9,,9,2006-04-26 13:23:59.001428224,2,2006-04-26 13:29:05.001436672,4,2006-04-27 01:37:42.000160768,4,2006-04-27 01:39:47.000163840,2,,9,,U,,,1.0,7.0,,R,,,,,,,,,,,,,
0,0,7,13,Argo trajectory,3.1,1.2,19500101000000,20210428203909,20210428203909,1900683,US ARGO PROJECT,BRECK OWENS,PRES,AO,2B,SOLO_W,SL524,1.10,851,ARGOS,2006-02-14 23:36:00.002519808,1,1,,,,-48.999332427978516,7.052499771118164,,0,-1.0,,0.0,,,,,,,,,,,,,,,,,,,,,9,,9,,9,,9,,9,,9,,,,9,,9,,9,,9,2006-04-26 13:23:59.001428224,2,2006-04-26 13:29:05.001436672,4,2006-04-27 01:37:42.000160768,4,2006-04-27 01:39:47.000163840,2,,9,,U,,,1.0,7.0,,R,,,,,,,,,,,,,
0,0,7,14,Argo trajectory,3.1,1.2,19500101000000,20210428203909,20210428203909,1900683,US ARGO PROJECT,BRECK OWENS,PRES,AO,2B,SOLO_W,SL524,1.10,851,ARGOS,2006-02-14 23:36:00.002519808,1,1,,,,-48.999332427978516,7.052499771118164,,0,-1.0,,0.0,,,,,,,,,,,,,,,,,,,,,9,,9,,9,,9,,9,,9,,,,9,,9,,9,,9,2006-04-26 13:23:59.001428224,2,2006-04-26 13:29:05.001436672,4,2006-04-27 01:37:42.000160768,4,2006-04-27 01:39:47.000163840,2,,9,,U,,,1.0,7.0,,R,,,,,,,,,,,,,
0,0,7,15,Argo trajectory,3.1,1.2,19500101000000,20210428203909,20210428203909,1900683,US ARGO PROJECT,BRECK OWENS,PRES,AO,2B,SOLO_W,SL524,1.10,851,ARGOS,2006-02-14 23:36:00.002519808,1,1,,,,-48.999332427978516,7.052499771118164,,0,-1.0,,0.0,,,,,,,,,,,,,,,,,,,,,9,,9,,9,,9,,9,,9,,,,9,,9,,9,,9,2006-04-26 13:23:59.001428224,2,2006-04-26 13:29:05.001436672,4,2006-04-27 01:37:42.000160768,4,2006-04-27 01:39:47.000163840,2,,9,,U,,,1.0,7.0,,R,,,,,,,,,,,,,
0,0,7,16,Argo trajectory,3.1,1.2,19500101000000,20210428203909,20210428203909,1900683,US ARGO PROJECT,BRECK OWENS,PRES,AO,2B,SOLO_W,SL524,1.10,851,ARGOS,2006-02-14 23:36:00.002519808,1,1,,,,-48.999332427978516,7.052499771118164,,0,-1.0,,0.0,,,,,,,,,,,,,,,,,,,,,9,,9,,9,,9,,9,,9,,,,9,,9,,9,,9,2006-04-26 13:23:59.001428224,2,2006-04-26 13:29:05.001436672,4,2006-04-27 01:37:42.000160768,4,2006-04-27 01:39:47.000163840,2,,9,,U,,,1.0,7.0,,R,,,,,,,,,,,,,
0,0,7,17,Argo trajectory,3.1,1.2,19500101000000,20210428203909,20210428203909,1900683,US ARGO PROJECT,BRECK OWENS,PRES,AO,2B,SOLO_W,SL524,1.10,851,ARGOS,2006-02-14 23:36:00.002519808,1,1,,,,-48.999332427978516,7.052499771118164,,0,-1.0,,0.0,,,,,,,,,,,,,,,,,,,,,9,,9,,9,,9,,9,,9,,,,9,,9,,9,,9,2006-04-26 13:23:59.001428224,2,2006-04-26 13:29:05.001436672,4,2006-04-27 01:37:42.000160768,4,2006-04-27 01:39:47.000163840,2,,9,,U,,,1.0,7.0,,R,,,,,,,,,,,,,
0,0,7,18,Argo trajectory,3.1,1.2,19500101000000,20210428203909,20210428203909,1900683,US ARGO PROJECT,BRECK OWENS,PRES,AO,2B,SOLO_W,SL524,1.10,851,ARGOS,2006-02-14 23:36:00.002519808,1,1,,,,-48.999332427978516,7.052499771118164,,0,-1.0,,0.0,,,,,,,,,,,,,,,,,,,,,9,,9,,9,,9,,9,,9,,,,9,,9,,9,,9,2006-04-26 13:23:59.001428224,2,2006-04-26 13:29:05.001436672,4,2006-04-27 01:37:42.000160768,4,2006-04-27 01:39:47.000163840,2,,9,,U,,,1.0,7.0,,R,,,,,,,,,,,,,
0,0,7,19,Argo trajectory,3.1,1.2,19500101000000,20210428203909,20210428203909,1900683,US ARGO PROJECT,BRECK OWENS,PRES,AO,2B,SOLO_W,SL524,1.10,851,ARGOS,2006-02-14 23:36:00.002519808,1,1,,,,-48.999332427978516,7.052499771118164,,0,-1.0,,0.0,,,,,,,,,,,,,,,,,,,,,9,,9,,9,,9,,9,,9,,,,9,,9,,9,,9,2006-04-26 13:23:59.001428224,2,2006-04-26 13:29:05.001436672,4,2006-04-27 01:37:42.000160768,4,2006-04-27 01:39:47.000163840,2,,9,,U,,,1.0,7.0,,R,,,,,,,,,,,,,
0,0,7,20,Argo trajectory,3.1,1.2,19500101000000,20210428203909,20210428203909,1900683,US ARGO PROJECT,BRECK OWENS,PRES,AO,2B,SOLO_W,SL524,1.10,851,ARGOS,2006-02-14 23:36:00.002519808,1,1,,,,-48.999332427978516,7.052499771118164,,0,-1.0,,0.0,,,,,,,,,,,,,,,,,,,,,9,,9,,9,,9,,9,,9,,,,9,,9,,9,,9,2006-04-26 13:23:59.001428224,2,2006-04-26 13:29:05.001436672,4,2006-04-27 01:37:42.000160768,4,2006-04-27 01:39:47.000163840,2,,9,,U,,,1.0,7.0,,R,,,,,,,,,,,,,
0,0,7,21,Argo trajectory,3.1,1.2,19500101000000,20210428203909,20210428203909,1900683,US ARGO PROJECT,BRECK OWENS,PRES,AO,2B,SOLO_W,SL524,1.10,851,ARGOS,2006-02-14 23:36:00.002519808,1,1,,,,-48.999332427978516,7.052499771118164,,0,-1.0,,0.0,,,,,,,,,,,,,,,,,,,,,9,,9,,9,,9,,9,,9,,,,9,,9,,9,,9,2006-04-26 13:23:59.001428224,2,2006-04-26 13:29:05.001436672,4,2006-04-27 01:37:42.000160768,4,2006-04-27 01:39:47.000163840,2,,9,,U,,,1.0,7.0,,R,,,,,,,,,,,,,
0,0,7,22,Argo trajectory,3.1,1.2,19500101000000,20210428203909,20210428203909,1900683,US ARGO PROJECT,BRECK OWENS,PRES,AO,2B,SOLO_W,SL524,1.10,851,ARGOS,2006-02-14 23:36:00.002519808,1,1,,,,-48.999332427978516,7.052499771118164,,0,-1.0,,0.0,,,,,,,,,,,,,,,,,,,,,9,,9,,9,,9,,9,,9,,,,9,,9,,9,,9,2006-04-26 13:23:59.001428224,2,2006-04-26 13:29:05.001436672,4,2006-04-27 01:37:42.000160768,4,2006-04-27 01:39:47.000163840,2,,9,,U,,,1.0,7.0,,R,,,,,,,,,,,,,
0,0,7,23,Argo trajectory,3.1,1.2,19500101000000,20210428203909,20210428203909,1900683,US ARGO PROJECT,BRECK OWENS,PRES,AO,2B,SOLO_W,SL524,1.10,851,ARGOS,2006-02-14 23:36:00.002519808,1,1,,,,-48.999332427978516,7.052499771118164,,0,-1.0,,0.0,,,,,,,,,,,,,,,,,,,,,9,,9,,9,,9,,9,,9,,,,9,,9,,9,,9,2006-04-26 13:23:59.001428224,2,2006-04-26 13:29:05.001436672,4,2006-04-27 01:37:42.000160768,4,2006-04-27 01:39:47.000163840,2,,9,,U,,,1.0,7.0,,R,,,,,,,,,,,,,
0,0,7,24,Argo trajectory,3.1,1.2,19500101000000,20210428203909,20210428203909,1900683,US ARGO PROJECT,BRECK OWENS,PRES,AO,2B,SOLO_W,SL524,1.10,851,ARGOS,2006-02-14 23:36:00.002519808,1,1,,,,-48.999332427978516,7.052499771118164,,0,-1.0,,0.0,,,,,,,,,,,,,,,,,,,,,9,,9,,9,,9,,9,,9,,,,9,,9,,9,,9,2006-04-26 13:23:59.001428224,2,2006-04-26 13:29:05.001436672,4,2006-04-27 01:37:42.000160768,4,2006-04-27 01:39:47.000163840,2,,9,,U,,,1.0,7.0,,R,,,,,,,,,,,,,
0,0,8,0,Argo trajectory,3.1,1.2,19500101000000,20210428203909,20210428203909,1900683,US ARGO PROJECT,BRECK OWENS,PRES,AO,2B,SOLO_W,SL524,1.10,851,ARGOS,2006-02-14 23:36:00.002519808,1,1,,,,-48.999332427978516,7.052499771118164,,0,-1.0,,0.0,,,,,,,,,,,,,,,,,,,,,9,,9,,9,,9,,9,,9,,,,9,,9,,9,,9,2006-05-06 13:07:36.001404928,2,2006-05-06 13:12:27.001412096,4,2006-05-07 01:15:15.000129024,4,2006-05-07 01:21:59.000137728,2,,9,,U,,,1.0,8.0,,R,AO,ARGQ,QCPL,,,20210428203909,QCP$,,,,,,0
0,0,8,1,Argo trajectory,3.1,1.2,19500101000000,20210428203909,20210428203909,1900683,US ARGO PROJECT,BRECK OWENS,PRES,AO,2B,SOLO_W,SL524,1.10,851,ARGOS,2006-02-14 23:36:00.002519808,1,1,,,,-48.999332427978516,7.052499771118164,,0,-1.0,,0.0,,,,,,,,,,,,,,,,,,,,,9,,9,,9,,9,,9,,9,,,,9,,9,,9,,9,2006-05-06 13:07:36.001404928,2,2006-05-06 13:12:27.001412096,4,2006-05-07 01:15:15.000129024,4,2006-05-07 01:21:59.000137728,2,,9,,U,,,1.0,8.0,,R,AO,ARGQ,QCPL,,,20210428203909,QCF$,,,,,,0
0,0,8,2,Argo trajectory,3.1,1.2,19500101000000,20210428203909,20210428203909,1900683,US ARGO PROJECT,BRECK OWENS,PRES,AO,2B,SOLO_W,SL524,1.10,851,ARGOS,2006-02-14 23:36:00.002519808,1,1,,,,-48.999332427978516,7.052499771118164,,0,-1.0,,0.0,,,,,,,,,,,,,,,,,,,,,9,,9,,9,,9,,9,,9,,,,9,,9,,9,,9,2006-05-06 13:07:36.001404928,2,2006-05-06 13:12:27.001412096,4,2006-05-07 01:15:15.000129024,4,2006-05-07 01:21:59.000137728,2,,9,,U,,,1.0,8.0,,R,,,,,,,,,,,,,
0,0,8,3,Argo trajectory,3.1,1.2,19500101000000,20210428203909,20210428203909,1900683,US ARGO PROJECT,BRECK OWENS,PRES,AO,2B,SOLO_W,SL524,1.10,851,ARGOS,2006-02-14 23:36:00.002519808,1,1,,,,-48.999332427978516,7.052499771118164,,0,-1.0,,0.0,,,,,,,,,,,,,,,,,,,,,9,,9,,9,,9,,9,,9,,,,9,,9,,9,,9,2006-05-06 13:07:36.001404928,2,2006-05-06 13:12:27.001412096,4,2006-05-07 01:15:15.000129024,4,2006-05-07 01:21:59.000137728,2,,9,,U,,,1.0,8.0,,R,,,,,,,,,,,,,
0,0,8,4,Argo trajectory,3.1,1.2,19500101000000,20210428203909,20210428203909,1900683,US ARGO PROJECT,BRECK OWENS,PRES,AO,2B,SOLO_W,SL524,1.10,851,ARGOS,2006-02-14 23:36:00.002519808,1,1,,,,-48.999332427978516,7.052499771118164,,0,-1.0,,0.0,,,,,,,,,,,,,,,,,,,,,9,,9,,9,,9,,9,,9,,,,9,,9,,9,,9,2006-05-06 13:07:36.001404928,2,2006-05-06 13:12:27.001412096,4,2006-05-07 01:15:15.000129024,4,2006-05-07 01:21:59.000137728,2,,9,,U,,,1.0,8.0,,R,,,,,,,,,,,,,
0,0,8,5,Argo trajectory,3.1,1.2,19500101000000,20210428203909,20210428203909,1900683,US ARGO PROJECT,BRECK OWENS,PRES,AO,2B,SOLO_W,SL524,1.10,851,ARGOS,2006-02-14 23:36:00.002519808,1,1,,,,-48.999332427978516,7.052499771118164,,0,-1.0,,0.0,,,,,,,,,,,,,,,,,,,,,9,,9,,9,,9,,9,,9,,,,9,,9,,9,,9,2006-05-06 13:07:36.001404928,2,2006-05-06 13:12:27.001412096,4,2006-05-07 01:15:15.000129024,4,2006-05-07 01:21:59.000137728,2,,9,,U,,,1.0,8.0,,R,,,,,,,,,,,,,
0,0,8,6,Argo trajectory,3.1,1.2,19500101000000,20210428203909,20210428203909,1900683,US ARGO PROJECT,BRECK OWENS,PRES,AO,2B,SOLO_W,SL524,1.10,851,ARGOS,2006-02-14 23:36:00.002519808,1,1,,,,-48.999332427978516,7.052499771118164,,0,-1.0,,0.0,,,,,,,,,,,,,,,,,,,,,9,,9,,9,,9,,9,,9,,,,9,,9,,9,,9,2006-05-06 13:07:36.001404928,2,2006-05-06 13:12:27.001412096,4,2006-05-07 01:15:15.000129024,4,2006-05-07 01:21:59.000137728,2,,9,,U,,,1.0,8.0,,R,,,,,,,,,,,,,
0,0,8,7,Argo trajectory,3.1,1.2,19500101000000,20210428203909,20210428203909,1900683,US ARGO PROJECT,BRECK OWENS,PRES,AO,2B,SOLO_W,SL524,1.10,851,ARGOS,2006-02-14 23:36:00.002519808,1,1,,,,-48.999332427978516,7.052499771118164,,0,-1.0,,0.0,,,,,,,,,,,,,,,,,,,,,9,,9,,9,,9,,9,,9,,,,9,,9,,9,,9,2006-05-06 13:07:36.001404928,2,2006-05-06 13:12:27.001412096,4,2006-05-07 01:15:15.000129024,4,2006-05-07 01:21:59.000137728,2,,9,,U,,,1.0,8.0,,R,,,,,,,,,,,,,
0,0,8,8,Argo trajectory,3.1,1.2,19500101000000,20210428203909,20210428203909,1900683,US ARGO PROJECT,BRECK OWENS,PRES,AO,2B,SOLO_W,SL524,1.10,851,ARGOS,2006-02-14 23:36:00.002519808,1,1,,,,-48.999332427978516,7.052499771118164,,0,-1.0,,0.0,,,,,,,,,,,,,,,,,,,,,9,,9,,9,,9,,9,,9,,,,9,,9,,9,,9,2006-05-06 13:07:36.001404928,2,2006-05-06 13:12:27.001412096,4,2006-05-07 01:15:15.000129024,4,2006-05-07 01:21:59.000137728,2,,9,,U,,,1.0,8.0,,R,,,,,,,,,,,,,
0,0,8,9,Argo trajectory,3.1,1.2,19500101000000,20210428203909,20210428203909,1900683,US ARGO PROJECT,BRECK OWENS,PRES,AO,2B,SOLO_W,SL524,1.10,851,ARGOS,2006-02-14 23:36:00.002519808,1,1,,,,-48.999332427978516,7.052499771118164,,0,-1.0,,0.0,,,,,,,,,,,,,,,,,,,,,9,,9,,9,,9,,9,,9,,,,9,,9,,9,,9,2006-05-06 13:07:36.001404928,2,2006-05-06 13:12:27.001412096,4,2006-05-07 01:15:15.000129024,4,2006-05-07 01:21:59.000137728,2,,9,,U,,,1.0,8.0,,R,,,,,,,,,,,,,
0,0,8,10,Argo trajectory,3.1,1.2,19500101000000,20210428203909,20210428203909,1900683,US ARGO PROJECT,BRECK OWENS,PRES,AO,2B,SOLO_W,SL524,1.10,851,ARGOS,2006-02-14 23:36:00.002519808,1,1,,,,-48.999332427978516,7.052499771118164,,0,-1.0,,0.0,,,,,,,,,,,,,,,,,,,,,9,,9,,9,,9,,9,,9,,,,9,,9,,9,,9,2006-05-06 13:07:36.001404928,2,2006-05-06 13:12:27.001412096,4,2006-05-07 01:15:15.000129024,4,2006-05-07 01:21:59.000137728,2,,9,,U,,,1.0,8.0,,R,,,,,,,,,,,,,
0,0,8,11,Argo trajectory,3.1,1.2,19500101000000,20210428203909,20210428203909,1900683,US ARGO PROJECT,BRECK OWENS,PRES,AO,2B,SOLO_W,SL524,1.10,851,ARGOS,2006-02-14 23:36:00.002519808,1,1,,,,-48.999332427978516,7.052499771118164,,0,-1.0,,0.0,,,,,,,,,,,,,,,,,,,,,9,,9,,9,,9,,9,,9,,,,9,,9,,9,,9,2006-05-06 13:07:36.001404928,2,2006-05-06 13:12:27.001412096,4,2006-05-07 01:15:15.000129024,4,2006-05-07 01:21:59.000137728,2,,9,,U,,,1.0,8.0,,R,,,,,,,,,,,,,
0,0,8,12,Argo trajectory,3.1,1.2,19500101000000,20210428203909,20210428203909,1900683,US ARGO PROJECT,BRECK OWENS,PRES,AO,2B,SOLO_W,SL524,1.10,851,ARGOS,2006-02-14 23:36:00.002519808,1,1,,,,-48.999332427978516,7.052499771118164,,0,-1.0,,0.0,,,,,,,,,,,,,,,,,,,,,9,,9,,9,,9,,9,,9,,,,9,,9,,9,,9,2006-05-06 13:07:36.001404928,2,2006-05-06 13:12:27.001412096,4,2006-05-07 01:15:15.000129024,4,2006-05-07 01:21:59.000137728,2,,9,,U,,,1.0,8.0,,R,,,,,,,,,,,,,
0,0,8,13,Argo trajectory,3.1,1.2,19500101000000,20210428203909,20210428203909,1900683,US ARGO PROJECT,BRECK OWENS,PRES,AO,2B,SOLO_W,SL524,1.10,851,ARGOS,2006-02-14 23:36:00.002519808,1,1,,,,-48.999332427978516,7.052499771118164,,0,-1.0,,0.0,,,,,,,,,,,,,,,,,,,,,9,,9,,9,,9,,9,,9,,,,9,,9,,9,,9,2006-05-06 13:07:36.001404928,2,2006-05-06 13:12:27.001412096,4,2006-05-07 01:15:15.000129024,4,2006-05-07 01:21:59.000137728,2,,9,,U,,,1.0,8.0,,R,,,,,,,,,,,,,
0,0,8,14,Argo trajectory,3.1,1.2,19500101000000,20210428203909,20210428203909,1900683,US ARGO PROJECT,BRECK OWENS,PRES,AO,2B,SOLO_W,SL524,1.10,851,ARGOS,2006-02-14 23:36:00.002519808,1,1,,,,-48.999332427978516,7.052499771118164,,0,-1.0,,0.0,,,,,,,,,,,,,,,,,,,,,9,,9,,9,,9,,9,,9,,,,9,,9,,9,,9,2006-05-06 13:07:36.001404928,2,2006-05-06 13:12:27.001412096,4,2006-05-07 01:15:15.000129024,4,2006-05-07 01:21:59.000137728,2,,9,,U,,,1.0,8.0,,R,,,,,,,,,,,,,
0,0,8,15,Argo trajectory,3.1,1.2,19500101000000,20210428203909,20210428203909,1900683,US ARGO PROJECT,BRECK OWENS,PRES,AO,2B,SOLO_W,SL524,1.10,851,ARGOS,2006-02-14 23:36:00.002519808,1,1,,,,-48.999332427978516,7.052499771118164,,0,-1.0,,0.0,,,,,,,,,,,,,,,,,,,,,9,,9,,9,,9,,9,,9,,,,9,,9,,9,,9,2006-05-06 13:07:36.001404928,2,2006-05-06 13:12:27.001412096,4,2006-05-07 01:15:15.000129024,4,2006-05-07 01:21:59.000137728,2,,9,,U,,,1.0,8.0,,R,,,,,,,,,,,,,
0,0,8,16,Argo trajectory,3.1,1.2,19500101000000,20210428203909,20210428203909,1900683,US ARGO PROJECT,BRECK OWENS,PRES,AO,2B,SOLO_W,SL524,1.10,851,ARGOS,2006-02-14 23:36:00.002519808,1,1,,,,-48.999332427978516,7.052499771118164,,0,-1.0,,0.0,,,,,,,,,,,,,,,,,,,,,9,,9,,9,,9,,9,,9,,,,9,,9,,9,,9,2006-05-06 13:07:36.001404928,2,2006-05-06 13:12:27.001412096,4,2006-05-07 01:15:15.000129024,4,2006-05-07 01:21:59.000137728,2,,9,,U,,,1.0,8.0,,R,,,,,,,,,,,,,
0,0,8,17,Argo trajectory,3.1,1.2,19500101000000,20210428203909,20210428203909,1900683,US ARGO PROJECT,BRECK OWENS,PRES,AO,2B,SOLO_W,SL524,1.10,851,ARGOS,2006-02-14 23:36:00.002519808,1,1,,,,-48.999332427978516,7.052499771118164,,0,-1.0,,0.0,,,,,,,,,,,,,,,,,,,,,9,,9,,9,,9,,9,,9,,,,9,,9,,9,,9,2006-05-06 13:07:36.001404928,2,2006-05-06 13:12:27.001412096,4,2006-05-07 01:15:15.000129024,4,2006-05-07 01:21:59.000137728,2,,9,,U,,,1.0,8.0,,R,,,,,,,,,,,,,
0,0,8,18,Argo trajectory,3.1,1.2,19500101000000,20210428203909,20210428203909,1900683,US ARGO PROJECT,BRECK OWENS,PRES,AO,2B,SOLO_W,SL524,1.10,851,ARGOS,2006-02-14 23:36:00.002519808,1,1,,,,-48.999332427978516,7.052499771118164,,0,-1.0,,0.0,,,,,,,,,,,,,,,,,,,,,9,,9,,9,,9,,9,,9,,,,9,,9,,9,,9,2006-05-06 13:07:36.001404928,2,2006-05-06 13:12:27.001412096,4,2006-05-07 01:15:15.000129024,4,2006-05-07 01:21:59.000137728,2,,9,,U,,,1.0,8.0,,R,,,,,,,,,,,,,
0,0,8,19,Argo trajectory,3.1,1.2,19500101000000,20210428203909,20210428203909,1900683,US ARGO PROJECT,BRECK OWENS,PRES,AO,2B,SOLO_W,SL524,1.10,851,ARGOS,2006-02-14 23:36:00.002519808,1,1,,,,-48.999332427978516,7.052499771118164,,0,-1.0,,0.0,,,,,,,,,,,,,,,,,,,,,9,,9,,9,,9,,9,,9,,,,9,,9,,9,,9,2006-05-06 13:07:36.001404928,2,2006-05-06 13:12:27.001412096,4,2006-05-07 01:15:15.000129024,4,2006-05-07 01:21:59.000137728,2,,9,,U,,,1.0,8.0,,R,,,,,,,,,,,,,
0,0,8,20,Argo trajectory,3.1,1.2,19500101000000,20210428203909,20210428203909,1900683,US ARGO PROJECT,BRECK OWENS,PRES,AO,2B,SOLO_W,SL524,1.10,851,ARGOS,2006-02-14 23:36:00.002519808,1,1,,,,-48.999332427978516,7.052499771118164,,0,-1.0,,0.0,,,,,,,,,,,,,,,,,,,,,9,,9,,9,,9,,9,,9,,,,9,,9,,9,,9,2006-05-06 13:07:36.001404928,2,2006-05-06 13:12:27.001412096,4,2006-05-07 01:15:15.000129024,4,2006-05-07 01:21:59.000137728,2,,9,,U,,,1.0,8.0,,R,,,,,,,,,,,,,
0,0,8,21,Argo trajectory,3.1,1.2,19500101000000,20210428203909,20210428203909,1900683,US ARGO PROJECT,BRECK OWENS,PRES,AO,2B,SOLO_W,SL524,1.10,851,ARGOS,2006-02-14 23:36:00.002519808,1,1,,,,-48.999332427978516,7.052499771118164,,0,-1.0,,0.0,,,,,,,,,,,,,,,,,,,,,9,,9,,9,,9,,9,,9,,,,9,,9,,9,,9,2006-05-06 13:07:36.001404928,2,2006-05-06 13:12:27.001412096,4,2006-05-07 01:15:15.000129024,4,2006-05-07 01:21:59.000137728,2,,9,,U,,,1.0,8.0,,R,,,,,,,,,,,,,
0,0,8,22,Argo trajectory,3.1,1.2,19500101000000,20210428203909,20210428203909,1900683,US ARGO PROJECT,BRECK OWENS,PRES,AO,2B,SOLO_W,SL524,1.10,851,ARGOS,2006-02-14 23:36:00.002519808,1,1,,,,-48.999332427978516,7.052499771118164,,0,-1.0,,0.0,,,,,,,,,,,,,,,,,,,,,9,,9,,9,,9,,9,,9,,,,9,,9,,9,,9,2006-05-06 13:07:36.001404928,2,2006-05-06 13:12:27.001412096,4,2006-05-07 01:15:15.000129024,4,2006-05-07 01:21:59.000137728,2,,9,,U,,,1.0,8.0,,R,,,,,,,,,,,,,
0,0,8,23,Argo trajectory,3.1,1.2,19500101000000,20210428203909,20210428203909,1900683,US ARGO PROJECT,BRECK OWENS,PRES,AO,2B,SOLO_W,SL524,1.10,851,ARGOS,2006-02-14 23:36:00.002519808,1,1,,,,-48.999332427978516,7.052499771118164,,0,-1.0,,0.0,,,,,,,,,,,,,,,,,,,,,9,,9,,9,,9,,9,,9,,,,9,,9,,9,,9,2006-05-06 13:07:36.001404928,2,2006-05-06 13:12:27.001412096,4,2006-05-07 01:15:15.000129024,4,2006-05-07 01:21:59.000137728,2,,9,,U,,,1.0,8.0,,R,,,,,,,,,,,,,
0,0,8,24,Argo trajectory,3.1,1.2,19500101000000,20210428203909,20210428203909,1900683,US ARGO PROJECT,BRECK OWENS,PRES,AO,2B,SOLO_W,SL524,1.10,851,ARGOS,2006-02-14 23:36:00.002519808,1,1,,,,-48.999332427978516,7.052499771118164,,0,-1.0,,0.0,,,,,,,,,,,,,,,,,,,,,9,,9,,9,,9,,9,,9,,,,9,,9,,9,,9,2006-05-06 13:07:36.001404928,2,2006-05-06 13:12:27.001412096,4,2006-05-07 01:15:15.000129024,4,2006-05-07 01:21:59.000137728,2,,9,,U,,,1.0,8.0,,R,,,,,,,,,,,,,
0,0,9,0,Argo trajectory,3.1,1.2,19500101000000,20210428203909,20210428203909,1900683,US ARGO PROJECT,BRECK OWENS,PRES,AO,2B,SOLO_W,SL524,1.10,851,ARGOS,2006-02-14 23:36:00.002519808,1,1,,,,-48.999332427978516,7.052499771118164,,0,-1.0,,0.0,,,,,,,,,,,,,,,,,,,,,9,,9,,9,,9,,9,,9,,,,9,,9,,9,,9,2006-05-16 12:56:35.001368832,2,2006-05-16 12:58:44.001371648,4,2006-05-17 01:13:10.000125952,4,2006-05-17 01:20:02.000136192,2,,9,,U,,,1.0,9.0,,R,AO,ARGQ,QCPL,,,20210428203909,QCP$,,,,,,0
0,0,9,1,Argo trajectory,3.1,1.2,19500101000000,20210428203909,20210428203909,1900683,US ARGO PROJECT,BRECK OWENS,PRES,AO,2B,SOLO_W,SL524,1.10,851,ARGOS,2006-02-14 23:36:00.002519808,1,1,,,,-48.999332427978516,7.052499771118164,,0,-1.0,,0.0,,,,,,,,,,,,,,,,,,,,,9,,9,,9,,9,,9,,9,,,,9,,9,,9,,9,2006-05-16 12:56:35.001368832,2,2006-05-16 12:58:44.001371648,4,2006-05-17 01:13:10.000125952,4,2006-05-17 01:20:02.000136192,2,,9,,U,,,1.0,9.0,,R,AO,ARGQ,QCPL,,,20210428203909,QCF$,,,,,,0
0,0,9,2,Argo trajectory,3.1,1.2,19500101000000,20210428203909,20210428203909,1900683,US ARGO PROJECT,BRECK OWENS,PRES,AO,2B,SOLO_W,SL524,1.10,851,ARGOS,2006-02-14 23:36:00.002519808,1,1,,,,-48.999332427978516,7.052499771118164,,0,-1.0,,0.0,,,,,,,,,,,,,,,,,,,,,9,,9,,9,,9,,9,,9,,,,9,,9,,9,,9,2006-05-16 12:56:35.001368832,2,2006-05-16 12:58:44.001371648,4,2006-05-17 01:13:10.000125952,4,2006-05-17 01:20:02.000136192,2,,9,,U,,,1.0,9.0,,R,,,,,,,,,,,,,
0,0,9,3,Argo trajectory,3.1,1.2,19500101000000,20210428203909,20210428203909,1900683,US ARGO PROJECT,BRECK OWENS,PRES,AO,2B,SOLO_W,SL524,1.10,851,ARGOS,2006-02-14 23:36:00.002519808,1,1,,,,-48.999332427978516,7.052499771118164,,0,-1.0,,0.0,,,,,,,,,,,,,,,,,,,,,9,,9,,9,,9,,9,,9,,,,9,,9,,9,,9,2006-05-16 12:56:35.001368832,2,2006-05-16 12:58:44.001371648,4,2006-05-17 01:13:10.000125952,4,2006-05-17 01:20:02.000136192,2,,9,,U,,,1.0,9.0,,R,,,,,,,,,,,,,
0,0,9,4,Argo trajectory,3.1,1.2,19500101000000,20210428203909,20210428203909,1900683,US ARGO PROJECT,BRECK OWENS,PRES,AO,2B,SOLO_W,SL524,1.10,851,ARGOS,2006-02-14 23:36:00.002519808,1,1,,,,-48.999332427978516,7.052499771118164,,0,-1.0,,0.0,,,,,,,,,,,,,,,,,,,,,9,,9,,9,,9,,9,,9,,,,9,,9,,9,,9,2006-05-16 12:56:35.001368832,2,2006-05-16 12:58:44.001371648,4,2006-05-17 01:13:10.000125952,4,2006-05-17 01:20:02.000136192,2,,9,,U,,,1.0,9.0,,R,,,,,,,,,,,,,
0,0,9,5,Argo trajectory,3.1,1.2,19500101000000,20210428203909,20210428203909,1900683,US ARGO PROJECT,BRECK OWENS,PRES,AO,2B,SOLO_W,SL524,1.10,851,ARGOS,2006-02-14 23:36:00.002519808,1,1,,,,-48.999332427978516,7.052499771118164,,0,-1.0,,0.0,,,,,,,,,,,,,,,,,,,,,9,,9,,9,,9,,9,,9,,,,9,,9,,9,,9,2006-05-16 12:56:35.001368832,2,2006-05-16 12:58:44.001371648,4,2006-05-17 01:13:10.000125952,4,2006-05-17 01:20:02.000136192,2,,9,,U,,,1.0,9.0,,R,,,,,,,,,,,,,
0,0,9,6,Argo trajectory,3.1,1.2,19500101000000,20210428203909,20210428203909,1900683,US ARGO PROJECT,BRECK OWENS,PRES,AO,2B,SOLO_W,SL524,1.10,851,ARGOS,2006-02-14 23:36:00.002519808,1,1,,,,-48.999332427978516,7.052499771118164,,0,-1.0,,0.0,,,,,,,,,,,,,,,,,,,,,9,,9,,9,,9,,9,,9,,,,9,,9,,9,,9,2006-05-16 12:56:35.001368832,2,2006-05-16 12:58:44.001371648,4,2006-05-17 01:13:10.000125952,4,2006-05-17 01:20:02.000136192,2,,9,,U,,,1.0,9.0,,R,,,,,,,,,,,,,
0,0,9,7,Argo trajectory,3.1,1.2,19500101000000,20210428203909,20210428203909,1900683,US ARGO PROJECT,BRECK OWENS,PRES,AO,2B,SOLO_W,SL524,1.10,851,ARGOS,2006-02-14 23:36:00.002519808,1,1,,,,-48.999332427978516,7.052499771118164,,0,-1.0,,0.0,,,,,,,,,,,,,,,,,,,,,9,,9,,9,,9,,9,,9,,,,9,,9,,9,,9,2006-05-16 12:56:35.001368832,2,2006-05-16 12:58:44.001371648,4,2006-05-17 01:13:10.000125952,4,2006-05-17 01:20:02.000136192,2,,9,,U,,,1.0,9.0,,R,,,,,,,,,,,,,
0,0,9,8,Argo trajectory,3.1,1.2,19500101000000,20210428203909,20210428203909,1900683,US ARGO PROJECT,BRECK OWENS,PRES,AO,2B,SOLO_W,SL524,1.10,851,ARGOS,2006-02-14 23:36:00.002519808,1,1,,,,-48.999332427978516,7.052499771118164,,0,-1.0,,0.0,,,,,,,,,,,,,,,,,,,,,9,,9,,9,,9,,9,,9,,,,9,,9,,9,,9,2006-05-16 12:56:35.001368832,2,2006-05-16 12:58:44.001371648,4,2006-05-17 01:13:10.000125952,4,2006-05-17 01:20:02.000136192,2,,9,,U,,,1.0,9.0,,R,,,,,,,,,,,,,
0,0,9,9,Argo trajectory,3.1,1.2,19500101000000,20210428203909,20210428203909,1900683,US ARGO PROJECT,BRECK OWENS,PRES,AO,2B,SOLO_W,SL524,1.10,851,ARGOS,2006-02-14 23:36:00.002519808,1,1,,,,-48.999332427978516,7.052499771118164,,0,-1.0,,0.0,,,,,,,,,,,,,,,,,,,,,9,,9,,9,,9,,9,,9,,,,9,,9,,9,,9,2006-05-16 12:56:35.001368832,2,2006-05-16 12:58:44.001371648,4,2006-05-17 01:13:10.000125952,4,2006-05-17 01:20:02.000136192,2,,9,,U,,,1.0,9.0,,R,,,,,,,,,,,,,
0,0,9,10,Argo trajectory,3.1,1.2,19500101000000,20210428203909,20210428203909,1900683,US ARGO PROJECT,BRECK OWENS,PRES,AO,2B,SOLO_W,SL524,1.10,851,ARGOS,2006-02-14 23:36:00.002519808,1,1,,,,-48.999332427978516,7.052499771118164,,0,-1.0,,0.0,,,,,,,,,,,,,,,,,,,,,9,,9,,9,,9,,9,,9,,,,9,,9,,9,,9,2006-05-16 12:56:35.001368832,2,2006-05-16 12:58:44.001371648,4,2006-05-17 01:13:10.000125952,4,2006-05-17 01:20:02.000136192,2,,9,,U,,,1.0,9.0,,R,,,,,,,,,,,,,
0,0,9,11,Argo trajectory,3.1,1.2,19500101000000,20210428203909,20210428203909,1900683,US ARGO PROJECT,BRECK OWENS,PRES,AO,2B,SOLO_W,SL524,1.10,851,ARGOS,2006-02-14 23:36:00.002519808,1,1,,,,-48.999332427978516,7.052499771118164,,0,-1.0,,0.0,,,,,,,,,,,,,,,,,,,,,9,,9,,9,,9,,9,,9,,,,9,,9,,9,,9,2006-05-16 12:56:35.001368832,2,2006-05-16 12:58:44.001371648,4,2006-05-17 01:13:10.000125952,4,2006-05-17 01:20:02.000136192,2,,9,,U,,,1.0,9.0,,R,,,,,,,,,,,,,
0,0,9,12,Argo trajectory,3.1,1.2,19500101000000,20210428203909,20210428203909,1900683,US ARGO PROJECT,BRECK OWENS,PRES,AO,2B,SOLO_W,SL524,1.10,851,ARGOS,2006-02-14 23:36:00.002519808,1,1,,,,-48.999332427978516,7.052499771118164,,0,-1.0,,0.0,,,,,,,,,,,,,,,,,,,,,9,,9,,9,,9,,9,,9,,,,9,,9,,9,,9,2006-05-16 12:56:35.001368832,2,2006-05-16 12:58:44.001371648,4,2006-05-17 01:13:10.000125952,4,2006-05-17 01:20:02.000136192,2,,9,,U,,,1.0,9.0,,R,,,,,,,,,,,,,
0,0,9,13,Argo trajectory,3.1,1.2,19500101000000,20210428203909,20210428203909,1900683,US ARGO PROJECT,BRECK OWENS,PRES,AO,2B,SOLO_W,SL524,1.10,851,ARGOS,2006-02-14 23:36:00.002519808,1,1,,,,-48.999332427978516,7.052499771118164,,0,-1.0,,0.0,,,,,,,,,,,,,,,,,,,,,9,,9,,9,,9,,9,,9,,,,9,,9,,9,,9,2006-05-16 12:56:35.001368832,2,2006-05-16 12:58:44.001371648,4,2006-05-17 01:13:10.000125952,4,2006-05-17 01:20:02.000136192,2,,9,,U,,,1.0,9.0,,R,,,,,,,,,,,,,
0,0,9,14,Argo trajectory,3.1,1.2,19500101000000,20210428203909,20210428203909,1900683,US ARGO PROJECT,BRECK OWENS,PRES,AO,2B,SOLO_W,SL524,1.10,851,ARGOS,2006-02-14 23:36:00.002519808,1,1,,,,-48.999332427978516,7.052499771118164,,0,-1.0,,0.0,,,,,,,,,,,,,,,,,,,,,9,,9,,9,,9,,9,,9,,,,9,,9,,9,,9,2006-05-16 12:56:35.001368832,2,2006-05-16 12:58:44.001371648,4,2006-05-17 01:13:10.000125952,4,2006-05-17 01:20:02.000136192,2,,9,,U,,,1.0,9.0,,R,,,,,,,,,,,,,
0,0,9,15,Argo trajectory,3.1,1.2,19500101000000,20210428203909,20210428203909,1900683,US ARGO PROJECT,BRECK OWENS,PRES,AO,2B,SOLO_W,SL524,1.10,851,ARGOS,2006-02-14 23:36:00.002519808,1,1,,,,-48.999332427978516,7.052499771118164,,0,-1.0,,0.0,,,,,,,,,,,,,,,,,,,,,9,,9,,9,,9,,9,,9,,,,9,,9,,9,,9,2006-05-16 12:56:35.001368832,2,2006-05-16 12:58:44.001371648,4,2006-05-17 01:13:10.000125952,4,2006-05-17 01:20:02.000136192,2,,9,,U,,,1.0,9.0,,R,,,,,,,,,,,,,
0,0,9,16,Argo trajectory,3.1,1.2,19500101000000,20210428203909,20210428203909,1900683,US ARGO PROJECT,BRECK OWENS,PRES,AO,2B,SOLO_W,SL524,1.10,851,ARGOS,2006-02-14 23:36:00.002519808,1,1,,,,-48.999332427978516,7.052499771118164,,0,-1.0,,0.0,,,,,,,,,,,,,,,,,,,,,9,,9,,9,,9,,9,,9,,,,9,,9,,9,,9,2006-05-16 12:56:35.001368832,2,2006-05-16 12:58:44.001371648,4,2006-05-17 01:13:10.000125952,4,2006-05-17 01:20:02.000136192,2,,9,,U,,,1.0,9.0,,R,,,,,,,,,,,,,
0,0,9,17,Argo trajectory,3.1,1.2,19500101000000,20210428203909,20210428203909,1900683,US ARGO PROJECT,BRECK OWENS,PRES,AO,2B,SOLO_W,SL524,1.10,851,ARGOS,2006-02-14 23:36:00.002519808,1,1,,,,-48.999332427978516,7.052499771118164,,0,-1.0,,0.0,,,,,,,,,,,,,,,,,,,,,9,,9,,9,,9,,9,,9,,,,9,,9,,9,,9,2006-05-16 12:56:35.001368832,2,2006-05-16 12:58:44.001371648,4,2006-05-17 01:13:10.000125952,4,2006-05-17 01:20:02.000136192,2,,9,,U,,,1.0,9.0,,R,,,,,,,,,,,,,
0,0,9,18,Argo trajectory,3.1,1.2,19500101000000,20210428203909,20210428203909,1900683,US ARGO PROJECT,BRECK OWENS,PRES,AO,2B,SOLO_W,SL524,1.10,851,ARGOS,2006-02-14 23:36:00.002519808,1,1,,,,-48.999332427978516,7.052499771118164,,0,-1.0,,0.0,,,,,,,,,,,,,,,,,,,,,9,,9,,9,,9,,9,,9,,,,9,,9,,9,,9,2006-05-16 12:56:35.001368832,2,2006-05-16 12:58:44.001371648,4,2006-05-17 01:13:10.000125952,4,2006-05-17 01:20:02.000136192,2,,9,,U,,,1.0,9.0,,R,,,,,,,,,,,,,
0,0,9,19,Argo trajectory,3.1,1.2,19500101000000,20210428203909,20210428203909,1900683,US ARGO PROJECT,BRECK OWENS,PRES,AO,2B,SOLO_W,SL524,1.10,851,ARGOS,2006-02-14 23:36:00.002519808,1,1,,,,-48.999332427978516,7.052499771118164,,0,-1.0,,0.0,,,,,,,,,,,,,,,,,,,,,9,,9,,9,,9,,9,,9,,,,9,,9,,9,,9,2006-05-16 12:56:35.001368832,2,2006-05-16 12:58:44.001371648,4,2006-05-17 01:13:10.000125952,4,2006-05-17 01:20:02.000136192,2,,9,,U,,,1.0,9.0,,R,,,,,,,,,,,,,
0,0,9,20,Argo trajectory,3.1,1.2,19500101000000,20210428203909,20210428203909,1900683,US ARGO PROJECT,BRECK OWENS,PRES,AO,2B,SOLO_W,SL524,1.10,851,ARGOS,2006-02-14 23:36:00.002519808,1,1,,,,-48.999332427978516,7.052499771118164,,0,-1.0,,0.0,,,,,,,,,,,,,,,,,,,,,9,,9,,9,,9,,9,,9,,,,9,,9,,9,,9,2006-05-16 12:56:35.001368832,2,2006-05-16 12:58:44.001371648,4,2006-05-17 01:13:10.000125952,4,2006-05-17 01:20:02.000136192,2,,9,,U,,,1.0,9.0,,R,,,,,,,,,,,,,
0,0,9,21,Argo trajectory,3.1,1.2,19500101000000,20210428203909,20210428203909,1900683,US ARGO PROJECT,BRECK OWENS,PRES,AO,2B,SOLO_W,SL524,1.10,851,ARGOS,2006-02-14 23:36:00.002519808,1,1,,,,-48.999332427978516,7.052499771118164,,0,-1.0,,0.0,,,,,,,,,,,,,,,,,,,,,9,,9,,9,,9,,9,,9,,,,9,,9,,9,,9,2006-05-16 12:56:35.001368832,2,2006-05-16 12:58:44.001371648,4,2006-05-17 01:13:10.000125952,4,2006-05-17 01:20:02.000136192,2,,9,,U,,,1.0,9.0,,R,,,,,,,,,,,,,
0,0,9,22,Argo trajectory,3.1,1.2,19500101000000,20210428203909,20210428203909,1900683,US ARGO PROJECT,BRECK OWENS,PRES,AO,2B,SOLO_W,SL524,1.10,851,ARGOS,2006-02-14 23:36:00.002519808,1,1,,,,-48.999332427978516,7.052499771118164,,0,-1.0,,0.0,,,,,,,,,,,,,,,,,,,,,9,,9,,9,,9,,9,,9,,,,9,,9,,9,,9,2006-05-16 12:56:35.001368832,2,2006-05-16 12:58:44.001371648,4,2006-05-17 01:13:10.000125952,4,2006-05-17 01:20:02.000136192,2,,9,,U,,,1.0,9.0,,R,,,,,,,,,,,,,
0,0,9,23,Argo trajectory,3.1,1.2,19500101000000,20210428203909,20210428203909,1900683,US ARGO PROJECT,BRECK OWENS,PRES,AO,2B,SOLO_W,SL524,1.10,851,ARGOS,2006-02-14 23:36:00.002519808,1,1,,,,-48.999332427978516,7.052499771118164,,0,-1.0,,0.0,,,,,,,,,,,,,,,,,,,,,9,,9,,9,,9,,9,,9,,,,9,,9,,9,,9,2006-05-16 12:56:35.001368832,2,2006-05-16 12:58:44.001371648,4,2006-05-17 01:13:10.000125952,4,2006-05-17 01:20:02.000136192,2,,9,,U,,,1.0,9.0,,R,,,,,,,,,,,,,
0,0,9,24,Argo trajectory,3.1,1.2,19500101000000,20210428203909,20210428203909,1900683,US ARGO PROJECT,BRECK OWENS,PRES,AO,2B,SOLO_W,SL524,1.10,851,ARGOS,2006-02-14 23:36:00.002519808,1,1,,,,-48.999332427978516,7.052499771118164,,0,-1.0,,0.0,,,,,,,,,,,,,,,,,,,,,9,,9,,9,,9,,9,,9,,,,9,,9,,9,,9,2006-05-16 12:56:35.001368832,2,2006-05-16 12:58:44.001371648,4,2006-05-17 01:13:10.000125952,4,2006-05-17 01:20:02.000136192,2,,9,,U,,,1.0,9.0,,R,,,,,,,,,,,,,
0,0,10,0,Argo trajectory,3.1,1.2,19500101000000,20210428203909,20210428203909,1900683,US ARGO PROJECT,BRECK OWENS,PRES,AO,2B,SOLO_W,SL524,1.10,851,ARGOS,2006-02-14 23:36:00.002519808,1,1,,,,-48.999332427978516,7.052499771118164,,0,-1.0,,0.0,,,,,,,,,,,,,,,,,,,,,9,,9,,9,,9,,9,,9,,,,9,,9,,9,,9,2006-05-26 13:31:39.001439744,2,2006-05-26 14:23:20.001535488,4,2006-05-27 01:11:28.000123136,4,2006-05-27 01:43:40.000169728,2,,9,,U,,,1.0,10.0,,R,AO,ARGQ,QCPL,,,20210428203909,QCP$,,,,,,0
0,0,10,1,Argo trajectory,3.1,1.2,19500101000000,20210428203909,20210428203909,1900683,US ARGO PROJECT,BRECK OWENS,PRES,AO,2B,SOLO_W,SL524,1.10,851,ARGOS,2006-02-14 23:36:00.002519808,1,1,,,,-48.999332427978516,7.052499771118164,,0,-1.0,,0.0,,,,,,,,,,,,,,,,,,,,,9,,9,,9,,9,,9,,9,,,,9,,9,,9,,9,2006-05-26 13:31:39.001439744,2,2006-05-26 14:23:20.001535488,4,2006-05-27 01:11:28.000123136,4,2006-05-27 01:43:40.000169728,2,,9,,U,,,1.0,10.0,,R,AO,ARGQ,QCPL,,,20210428203909,QCF$,,,,,,0
0,0,10,2,Argo trajectory,3.1,1.2,19500101000000,20210428203909,20210428203909,1900683,US ARGO PROJECT,BRECK OWENS,PRES,AO,2B,SOLO_W,SL524,1.10,851,ARGOS,2006-02-14 23:36:00.002519808,1,1,,,,-48.999332427978516,7.052499771118164,,0,-1.0,,0.0,,,,,,,,,,,,,,,,,,,,,9,,9,,9,,9,,9,,9,,,,9,,9,,9,,9,2006-05-26 13:31:39.001439744,2,2006-05-26 14:23:20.001535488,4,2006-05-27 01:11:28.000123136,4,2006-05-27 01:43:40.000169728,2,,9,,U,,,1.0,10.0,,R,,,,,,,,,,,,,
0,0,10,3,Argo trajectory,3.1,1.2,19500101000000,20210428203909,20210428203909,1900683,US ARGO PROJECT,BRECK OWENS,PRES,AO,2B,SOLO_W,SL524,1.10,851,ARGOS,2006-02-14 23:36:00.002519808,1,1,,,,-48.999332427978516,7.052499771118164,,0,-1.0,,0.0,,,,,,,,,,,,,,,,,,,,,9,,9,,9,,9,,9,,9,,,,9,,9,,9,,9,2006-05-26 13:31:39.001439744,2,2006-05-26 14:23:20.001535488,4,2006-05-27 01:11:28.000123136,4,2006-05-27 01:43:40.000169728,2,,9,,U,,,1.0,10.0,,R,,,,,,,,,,,,,
0,0,10,4,Argo trajectory,3.1,1.2,19500101000000,20210428203909,20210428203909,1900683,US ARGO PROJECT,BRECK OWENS,PRES,AO,2B,SOLO_W,SL524,1.10,851,ARGOS,2006-02-14 23:36:00.002519808,1,1,,,,-48.999332427978516,7.052499771118164,,0,-1.0,,0.0,,,,,,,,,,,,,,,,,,,,,9,,9,,9,,9,,9,,9,,,,9,,9,,9,,9,2006-05-26 13:31:39.001439744,2,2006-05-26 14:23:20.001535488,4,2006-05-27 01:11:28.000123136,4,2006-05-27 01:43:40.000169728,2,,9,,U,,,1.0,10.0,,R,,,,,,,,,,,,,
0,0,10,5,Argo trajectory,3.1,1.2,19500101000000,20210428203909,20210428203909,1900683,US ARGO PROJECT,BRECK OWENS,PRES,AO,2B,SOLO_W,SL524,1.10,851,ARGOS,2006-02-14 23:36:00.002519808,1,1,,,,-48.999332427978516,7.052499771118164,,0,-1.0,,0.0,,,,,,,,,,,,,,,,,,,,,9,,9,,9,,9,,9,,9,,,,9,,9,,9,,9,2006-05-26 13:31:39.001439744,2,2006-05-26 14:23:20.001535488,4,2006-05-27 01:11:28.000123136,4,2006-05-27 01:43:40.000169728,2,,9,,U,,,1.0,10.0,,R,,,,,,,,,,,,,
0,0,10,6,Argo trajectory,3.1,1.2,19500101000000,20210428203909,20210428203909,1900683,US ARGO PROJECT,BRECK OWENS,PRES,AO,2B,SOLO_W,SL524,1.10,851,ARGOS,2006-02-14 23:36:00.002519808,1,1,,,,-48.999332427978516,7.052499771118164,,0,-1.0,,0.0,,,,,,,,,,,,,,,,,,,,,9,,9,,9,,9,,9,,9,,,,9,,9,,9,,9,2006-05-26 13:31:39.001439744,2,2006-05-26 14:23:20.001535488,4,2006-05-27 01:11:28.000123136,4,2006-05-27 01:43:40.000169728,2,,9,,U,,,1.0,10.0,,R,,,,,,,,,,,,,
0,0,10,7,Argo trajectory,3.1,1.2,19500101000000,20210428203909,20210428203909,1900683,US ARGO PROJECT,BRECK OWENS,PRES,AO,2B,SOLO_W,SL524,1.10,851,ARGOS,2006-02-14 23:36:00.002519808,1,1,,,,-48.999332427978516,7.052499771118164,,0,-1.0,,0.0,,,,,,,,,,,,,,,,,,,,,9,,9,,9,,9,,9,,9,,,,9,,9,,9,,9,2006-05-26 13:31:39.001439744,2,2006-05-26 14:23:20.001535488,4,2006-05-27 01:11:28.000123136,4,2006-05-27 01:43:40.000169728,2,,9,,U,,,1.0,10.0,,R,,,,,,,,,,,,,
0,0,10,8,Argo trajectory,3.1,1.2,19500101000000,20210428203909,20210428203909,1900683,US ARGO PROJECT,BRECK OWENS,PRES,AO,2B,SOLO_W,SL524,1.10,851,ARGOS,2006-02-14 23:36:00.002519808,1,1,,,,-48.999332427978516,7.052499771118164,,0,-1.0,,0.0,,,,,,,,,,,,,,,,,,,,,9,,9,,9,,9,,9,,9,,,,9,,9,,9,,9,2006-05-26 13:31:39.001439744,2,2006-05-26 14:23:20.001535488,4,2006-05-27 01:11:28.000123136,4,2006-05-27 01:43:40.000169728,2,,9,,U,,,1.0,10.0,,R,,,,,,,,,,,,,
0,0,10,9,Argo trajectory,3.1,1.2,19500101000000,20210428203909,20210428203909,1900683,US ARGO PROJECT,BRECK OWENS,PRES,AO,2B,SOLO_W,SL524,1.10,851,ARGOS,2006-02-14 23:36:00.002519808,1,1,,,,-48.999332427978516,7.052499771118164,,0,-1.0,,0.0,,,,,,,,,,,,,,,,,,,,,9,,9,,9,,9,,9,,9,,,,9,,9,,9,,9,2006-05-26 13:31:39.001439744,2,2006-05-26 14:23:20.001535488,4,2006-05-27 01:11:28.000123136,4,2006-05-27 01:43:40.000169728,2,,9,,U,,,1.0,10.0,,R,,,,,,,,,,,,,
0,0,10,10,Argo trajectory,3.1,1.2,19500101000000,20210428203909,20210428203909,1900683,US ARGO PROJECT,BRECK OWENS,PRES,AO,2B,SOLO_W,SL524,1.10,851,ARGOS,2006-02-14 23:36:00.002519808,1,1,,,,-48.999332427978516,7.052499771118164,,0,-1.0,,0.0,,,,,,,,,,,,,,,,,,,,,9,,9,,9,,9,,9,,9,,,,9,,9,,9,,9,2006-05-26 13:31:39.001439744,2,2006-05-26 14:23:20.001535488,4,2006-05-27 01:11:28.000123136,4,2006-05-27 01:43:40.000169728,2,,9,,U,,,1.0,10.0,,R,,,,,,,,,,,,,
0,0,10,11,Argo trajectory,3.1,1.2,19500101000000,20210428203909,20210428203909,1900683,US ARGO PROJECT,BRECK OWENS,PRES,AO,2B,SOLO_W,SL524,1.10,851,ARGOS,2006-02-14 23:36:00.002519808,1,1,,,,-48.999332427978516,7.052499771118164,,0,-1.0,,0.0,,,,,,,,,,,,,,,,,,,,,9,,9,,9,,9,,9,,9,,,,9,,9,,9,,9,2006-05-26 13:31:39.001439744,2,2006-05-26 14:23:20.001535488,4,2006-05-27 01:11:28.000123136,4,2006-05-27 01:43:40.000169728,2,,9,,U,,,1.0,10.0,,R,,,,,,,,,,,,,
0,0,10,12,Argo trajectory,3.1,1.2,19500101000000,20210428203909,20210428203909,1900683,US ARGO PROJECT,BRECK OWENS,PRES,AO,2B,SOLO_W,SL524,1.10,851,ARGOS,2006-02-14 23:36:00.002519808,1,1,,,,-48.999332427978516,7.052499771118164,,0,-1.0,,0.0,,,,,,,,,,,,,,,,,,,,,9,,9,,9,,9,,9,,9,,,,9,,9,,9,,9,2006-05-26 13:31:39.001439744,2,2006-05-26 14:23:20.001535488,4,2006-05-27 01:11:28.000123136,4,2006-05-27 01:43:40.000169728,2,,9,,U,,,1.0,10.0,,R,,,,,,,,,,,,,
0,0,10,13,Argo trajectory,3.1,1.2,19500101000000,20210428203909,20210428203909,1900683,US ARGO PROJECT,BRECK OWENS,PRES,AO,2B,SOLO_W,SL524,1.10,851,ARGOS,2006-02-14 23:36:00.002519808,1,1,,,,-48.999332427978516,7.052499771118164,,0,-1.0,,0.0,,,,,,,,,,,,,,,,,,,,,9,,9,,9,,9,,9,,9,,,,9,,9,,9,,9,2006-05-26 13:31:39.001439744,2,2006-05-26 14:23:20.001535488,4,2006-05-27 01:11:28.000123136,4,2006-05-27 01:43:40.000169728,2,,9,,U,,,1.0,10.0,,R,,,,,,,,,,,,,
0,0,10,14,Argo trajectory,3.1,1.2,19500101000000,20210428203909,20210428203909,1900683,US ARGO PROJECT,BRECK OWENS,PRES,AO,2B,SOLO_W,SL524,1.10,851,ARGOS,2006-02-14 23:36:00.002519808,1,1,,,,-48.999332427978516,7.052499771118164,,0,-1.0,,0.0,,,,,,,,,,,,,,,,,,,,,9,,9,,9,,9,,9,,9,,,,9,,9,,9,,9,2006-05-26 13:31:39.001439744,2,2006-05-26 14:23:20.001535488,4,2006-05-27 01:11:28.000123136,4,2006-05-27 01:43:40.000169728,2,,9,,U,,,1.0,10.0,,R,,,,,,,,,,,,,
0,0,10,15,Argo trajectory,3.1,1.2,19500101000000,20210428203909,20210428203909,1900683,US ARGO PROJECT,BRECK OWENS,PRES,AO,2B,SOLO_W,SL524,1.10,851,ARGOS,2006-02-14 23:36:00.002519808,1,1,,,,-48.999332427978516,7.052499771118164,,0,-1.0,,0.0,,,,,,,,,,,,,,,,,,,,,9,,9,,9,,9,,9,,9,,,,9,,9,,9,,9,2006-05-26 13:31:39.001439744,2,2006-05-26 14:23:20.001535488,4,2006-05-27 01:11:28.000123136,4,2006-05-27 01:43:40.000169728,2,,9,,U,,,1.0,10.0,,R,,,,,,,,,,,,,
0,0,10,16,Argo trajectory,3.1,1.2,19500101000000,20210428203909,20210428203909,1900683,US ARGO PROJECT,BRECK OWENS,PRES,AO,2B,SOLO_W,SL524,1.10,851,ARGOS,2006-02-14 23:36:00.002519808,1,1,,,,-48.999332427978516,7.052499771118164,,0,-1.0,,0.0,,,,,,,,,,,,,,,,,,,,,9,,9,,9,,9,,9,,9,,,,9,,9,,9,,9,2006-05-26 13:31:39.001439744,2,2006-05-26 14:23:20.001535488,4,2006-05-27 01:11:28.000123136,4,2006-05-27 01:43:40.000169728,2,,9,,U,,,1.0,10.0,,R,,,,,,,,,,,,,
0,0,10,17,Argo trajectory,3.1,1.2,19500101000000,20210428203909,20210428203909,1900683,US ARGO PROJECT,BRECK OWENS,PRES,AO,2B,SOLO_W,SL524,1.10,851,ARGOS,2006-02-14 23:36:00.002519808,1,1,,,,-48.999332427978516,7.052499771118164,,0,-1.0,,0.0,,,,,,,,,,,,,,,,,,,,,9,,9,,9,,9,,9,,9,,,,9,,9,,9,,9,2006-05-26 13:31:39.001439744,2,2006-05-26 14:23:20.001535488,4,2006-05-27 01:11:28.000123136,4,2006-05-27 01:43:40.000169728,2,,9,,U,,,1.0,10.0,,R,,,,,,,,,,,,,
0,0,10,18,Argo trajectory,3.1,1.2,19500101000000,20210428203909,20210428203909,1900683,US ARGO PROJECT,BRECK OWENS,PRES,AO,2B,SOLO_W,SL524,1.10,851,ARGOS,2006-02-14 23:36:00.002519808,1,1,,,,-48.999332427978516,7.052499771118164,,0,-1.0,,0.0,,,,,,,,,,,,,,,,,,,,,9,,9,,9,,9,,9,,9,,,,9,,9,,9,,9,2006-05-26 13:31:39.001439744,2,2006-05-26 14:23:20.001535488,4,2006-05-27 01:11:28.000123136,4,2006-05-27 01:43:40.000169728,2,,9,,U,,,1.0,10.0,,R,,,,,,,,,,,,,
0,0,10,19,Argo trajectory,3.1,1.2,19500101000000,20210428203909,20210428203909,1900683,US ARGO PROJECT,BRECK OWENS,PRES,AO,2B,SOLO_W,SL524,1.10,851,ARGOS,2006-02-14 23:36:00.002519808,1,1,,,,-48.999332427978516,7.052499771118164,,0,-1.0,,0.0,,,,,,,,,,,,,,,,,,,,,9,,9,,9,,9,,9,,9,,,,9,,9,,9,,9,2006-05-26 13:31:39.001439744,2,2006-05-26 14:23:20.001535488,4,2006-05-27 01:11:28.000123136,4,2006-05-27 01:43:40.000169728,2,,9,,U,,,1.0,10.0,,R,,,,,,,,,,,,,
0,0,10,20,Argo trajectory,3.1,1.2,19500101000000,20210428203909,20210428203909,1900683,US ARGO PROJECT,BRECK OWENS,PRES,AO,2B,SOLO_W,SL524,1.10,851,ARGOS,2006-02-14 23:36:00.002519808,1,1,,,,-48.999332427978516,7.052499771118164,,0,-1.0,,0.0,,,,,,,,,,,,,,,,,,,,,9,,9,,9,,9,,9,,9,,,,9,,9,,9,,9,2006-05-26 13:31:39.001439744,2,2006-05-26 14:23:20.001535488,4,2006-05-27 01:11:28.000123136,4,2006-05-27 01:43:40.000169728,2,,9,,U,,,1.0,10.0,,R,,,,,,,,,,,,,
0,0,10,21,Argo trajectory,3.1,1.2,19500101000000,20210428203909,20210428203909,1900683,US ARGO PROJECT,BRECK OWENS,PRES,AO,2B,SOLO_W,SL524,1.10,851,ARGOS,2006-02-14 23:36:00.002519808,1,1,,,,-48.999332427978516,7.052499771118164,,0,-1.0,,0.0,,,,,,,,,,,,,,,,,,,,,9,,9,,9,,9,,9,,9,,,,9,,9,,9,,9,2006-05-26 13:31:39.001439744,2,2006-05-26 14:23:20.001535488,4,2006-05-27 01:11:28.000123136,4,2006-05-27 01:43:40.000169728,2,,9,,U,,,1.0,10.0,,R,,,,,,,,,,,,,
0,0,10,22,Argo trajectory,3.1,1.2,19500101000000,20210428203909,20210428203909,1900683,US ARGO PROJECT,BRECK OWENS,PRES,AO,2B,SOLO_W,SL524,1.10,851,ARGOS,2006-02-14 23:36:00.002519808,1,1,,,,-48.999332427978516,7.052499771118164,,0,-1.0,,0.0,,,,,,,,,,,,,,,,,,,,,9,,9,,9,,9,,9,,9,,,,9,,9,,9,,9,2006-05-26 13:31:39.001439744,2,2006-05-26 14:23:20.001535488,4,2006-05-27 01:11:28.000123136,4,2006-05-27 01:43:40.000169728,2,,9,,U,,,1.0,10.0,,R,,,,,,,,,,,,,
0,0,10,23,Argo trajectory,3.1,1.2,19500101000000,20210428203909,20210428203909,1900683,US ARGO PROJECT,BRECK OWENS,PRES,AO,2B,SOLO_W,SL524,1.10,851,ARGOS,2006-02-14 23:36:00.002519808,1,1,,,,-48.999332427978516,7.052499771118164,,0,-1.0,,0.0,,,,,,,,,,,,,,,,,,,,,9,,9,,9,,9,,9,,9,,,,9,,9,,9,,9,2006-05-26 13:31:39.001439744,2,2006-05-26 14:23:20.001535488,4,2006-05-27 01:11:28.000123136,4,2006-05-27 01:43:40.000169728,2,,9,,U,,,1.0,10.0,,R,,,,,,,,,,,,,
0,0,10,24,Argo trajectory,3.1,1.2,19500101000000,20210428203909,20210428203909,1900683,US ARGO PROJECT,BRECK OWENS,PRES,AO,2B,SOLO_W,SL524,1.10,851,ARGOS,2006-02-14 23:36:00.002519808,1,1,,,,-48.999332427978516,7.052499771118164,,0,-1.0,,0.0,,,,,,,,,,,,,,,,,,,,,9,,9,,9,,9,,9,,9,,,,9,,9,,9,,9,2006-05-26 13:31:39.001439744,2,2006-05-26 14:23:20.001535488,4,2006-05-27 01:11:28.000123136,4,2006-05-27 01:43:40.000169728,2,,9,,U,,,1.0,10.0,,R,,,,,,,,,,,,,
0,0,11,0,Argo trajectory,3.1,1.2,19500101000000,20210428203909,20210428203909,1900683,US ARGO PROJECT,BRECK OWENS,PRES,AO,2B,SOLO_W,SL524,1.10,851,ARGOS,2006-02-14 23:36:00.002519808,1,1,,,,-48.999332427978516,7.052499771118164,,0,-1.0,,0.0,,,,,,,,,,,,,,,,,,,,,9,,9,,9,,9,,9,,9,,,,9,,9,,9,,9,2006-06-05 13:30:11.001438464,2,2006-06-05 14:07:07.001512192,4,2006-06-06 01:09:44.000120320,4,2006-06-06 01:43:44.000169728,2,,9,,U,,,1.0,11.0,,R,AO,ARGQ,QCPL,,,20210428203909,QCP$,,,,,,0
0,0,11,1,Argo trajectory,3.1,1.2,19500101000000,20210428203909,20210428203909,1900683,US ARGO PROJECT,BRECK OWENS,PRES,AO,2B,SOLO_W,SL524,1.10,851,ARGOS,2006-02-14 23:36:00.002519808,1,1,,,,-48.999332427978516,7.052499771118164,,0,-1.0,,0.0,,,,,,,,,,,,,,,,,,,,,9,,9,,9,,9,,9,,9,,,,9,,9,,9,,9,2006-06-05 13:30:11.001438464,2,2006-06-05 14:07:07.001512192,4,2006-06-06 01:09:44.000120320,4,2006-06-06 01:43:44.000169728,2,,9,,U,,,1.0,11.0,,R,AO,ARGQ,QCPL,,,20210428203909,QCF$,,,,,,0
0,0,11,2,Argo trajectory,3.1,1.2,19500101000000,20210428203909,20210428203909,1900683,US ARGO PROJECT,BRECK OWENS,PRES,AO,2B,SOLO_W,SL524,1.10,851,ARGOS,2006-02-14 23:36:00.002519808,1,1,,,,-48.999332427978516,7.052499771118164,,0,-1.0,,0.0,,,,,,,,,,,,,,,,,,,,,9,,9,,9,,9,,9,,9,,,,9,,9,,9,,9,2006-06-05 13:30:11.001438464,2,2006-06-05 14:07:07.001512192,4,2006-06-06 01:09:44.000120320,4,2006-06-06 01:43:44.000169728,2,,9,,U,,,1.0,11.0,,R,,,,,,,,,,,,,
0,0,11,3,Argo trajectory,3.1,1.2,19500101000000,20210428203909,20210428203909,1900683,US ARGO PROJECT,BRECK OWENS,PRES,AO,2B,SOLO_W,SL524,1.10,851,ARGOS,2006-02-14 23:36:00.002519808,1,1,,,,-48.999332427978516,7.052499771118164,,0,-1.0,,0.0,,,,,,,,,,,,,,,,,,,,,9,,9,,9,,9,,9,,9,,,,9,,9,,9,,9,2006-06-05 13:30:11.001438464,2,2006-06-05 14:07:07.001512192,4,2006-06-06 01:09:44.000120320,4,2006-06-06 01:43:44.000169728,2,,9,,U,,,1.0,11.0,,R,,,,,,,,,,,,,
0,0,11,4,Argo trajectory,3.1,1.2,19500101000000,20210428203909,20210428203909,1900683,US ARGO PROJECT,BRECK OWENS,PRES,AO,2B,SOLO_W,SL524,1.10,851,ARGOS,2006-02-14 23:36:00.002519808,1,1,,,,-48.999332427978516,7.052499771118164,,0,-1.0,,0.0,,,,,,,,,,,,,,,,,,,,,9,,9,,9,,9,,9,,9,,,,9,,9,,9,,9,2006-06-05 13:30:11.001438464,2,2006-06-05 14:07:07.001512192,4,2006-06-06 01:09:44.000120320,4,2006-06-06 01:43:44.000169728,2,,9,,U,,,1.0,11.0,,R,,,,,,,,,,,,,
0,0,11,5,Argo trajectory,3.1,1.2,19500101000000,20210428203909,20210428203909,1900683,US ARGO PROJECT,BRECK OWENS,PRES,AO,2B,SOLO_W,SL524,1.10,851,ARGOS,2006-02-14 23:36:00.002519808,1,1,,,,-48.999332427978516,7.052499771118164,,0,-1.0,,0.0,,,,,,,,,,,,,,,,,,,,,9,,9,,9,,9,,9,,9,,,,9,,9,,9,,9,2006-06-05 13:30:11.001438464,2,2006-06-05 14:07:07.001512192,4,2006-06-06 01:09:44.000120320,4,2006-06-06 01:43:44.000169728,2,,9,,U,,,1.0,11.0,,R,,,,,,,,,,,,,
0,0,11,6,Argo trajectory,3.1,1.2,19500101000000,20210428203909,20210428203909,1900683,US ARGO PROJECT,BRECK OWENS,PRES,AO,2B,SOLO_W,SL524,1.10,851,ARGOS,2006-02-14 23:36:00.002519808,1,1,,,,-48.999332427978516,7.052499771118164,,0,-1.0,,0.0,,,,,,,,,,,,,,,,,,,,,9,,9,,9,,9,,9,,9,,,,9,,9,,9,,9,2006-06-05 13:30:11.001438464,2,2006-06-05 14:07:07.001512192,4,2006-06-06 01:09:44.000120320,4,2006-06-06 01:43:44.000169728,2,,9,,U,,,1.0,11.0,,R,,,,,,,,,,,,,
0,0,11,7,Argo trajectory,3.1,1.2,19500101000000,20210428203909,20210428203909,1900683,US ARGO PROJECT,BRECK OWENS,PRES,AO,2B,SOLO_W,SL524,1.10,851,ARGOS,2006-02-14 23:36:00.002519808,1,1,,,,-48.999332427978516,7.052499771118164,,0,-1.0,,0.0,,,,,,,,,,,,,,,,,,,,,9,,9,,9,,9,,9,,9,,,,9,,9,,9,,9,2006-06-05 13:30:11.001438464,2,2006-06-05 14:07:07.001512192,4,2006-06-06 01:09:44.000120320,4,2006-06-06 01:43:44.000169728,2,,9,,U,,,1.0,11.0,,R,,,,,,,,,,,,,
0,0,11,8,Argo trajectory,3.1,1.2,19500101000000,20210428203909,20210428203909,1900683,US ARGO PROJECT,BRECK OWENS,PRES,AO,2B,SOLO_W,SL524,1.10,851,ARGOS,2006-02-14 23:36:00.002519808,1,1,,,,-48.999332427978516,7.052499771118164,,0,-1.0,,0.0,,,,,,,,,,,,,,,,,,,,,9,,9,,9,,9,,9,,9,,,,9,,9,,9,,9,2006-06-05 13:30:11.001438464,2,2006-06-05 14:07:07.001512192,4,2006-06-06 01:09:44.000120320,4,2006-06-06 01:43:44.000169728,2,,9,,U,,,1.0,11.0,,R,,,,,,,,,,,,,
0,0,11,9,Argo trajectory,3.1,1.2,19500101000000,20210428203909,20210428203909,1900683,US ARGO PROJECT,BRECK OWENS,PRES,AO,2B,SOLO_W,SL524,1.10,851,ARGOS,2006-02-14 23:36:00.002519808,1,1,,,,-48.999332427978516,7.052499771118164,,0,-1.0,,0.0,,,,,,,,,,,,,,,,,,,,,9,,9,,9,,9,,9,,9,,,,9,,9,,9,,9,2006-06-05 13:30:11.001438464,2,2006-06-05 14:07:07.001512192,4,2006-06-06 01:09:44.000120320,4,2006-06-06 01:43:44.000169728,2,,9,,U,,,1.0,11.0,,R,,,,,,,,,,,,,
0,0,11,10,Argo trajectory,3.1,1.2,19500101000000,20210428203909,20210428203909,1900683,US ARGO PROJECT,BRECK OWENS,PRES,AO,2B,SOLO_W,SL524,1.10,851,ARGOS,2006-02-14 23:36:00.002519808,1,1,,,,-48.999332427978516,7.052499771118164,,0,-1.0,,0.0,,,,,,,,,,,,,,,,,,,,,9,,9,,9,,9,,9,,9,,,,9,,9,,9,,9,2006-06-05 13:30:11.001438464,2,2006-06-05 14:07:07.001512192,4,2006-06-06 01:09:44.000120320,4,2006-06-06 01:43:44.000169728,2,,9,,U,,,1.0,11.0,,R,,,,,,,,,,,,,
0,0,11,11,Argo trajectory,3.1,1.2,19500101000000,20210428203909,20210428203909,1900683,US ARGO PROJECT,BRECK OWENS,PRES,AO,2B,SOLO_W,SL524,1.10,851,ARGOS,2006-02-14 23:36:00.002519808,1,1,,,,-48.999332427978516,7.052499771118164,,0,-1.0,,0.0,,,,,,,,,,,,,,,,,,,,,9,,9,,9,,9,,9,,9,,,,9,,9,,9,,9,2006-06-05 13:30:11.001438464,2,2006-06-05 14:07:07.001512192,4,2006-06-06 01:09:44.000120320,4,2006-06-06 01:43:44.000169728,2,,9,,U,,,1.0,11.0,,R,,,,,,,,,,,,,
0,0,11,12,Argo trajectory,3.1,1.2,19500101000000,20210428203909,20210428203909,1900683,US ARGO PROJECT,BRECK OWENS,PRES,AO,2B,SOLO_W,SL524,1.10,851,ARGOS,2006-02-14 23:36:00.002519808,1,1,,,,-48.999332427978516,7.052499771118164,,0,-1.0,,0.0,,,,,,,,,,,,,,,,,,,,,9,,9,,9,,9,,9,,9,,,,9,,9,,9,,9,2006-06-05 13:30:11.001438464,2,2006-06-05 14:07:07.001512192,4,2006-06-06 01:09:44.000120320,4,2006-06-06 01:43:44.000169728,2,,9,,U,,,1.0,11.0,,R,,,,,,,,,,,,,
0,0,11,13,Argo trajectory,3.1,1.2,19500101000000,20210428203909,20210428203909,1900683,US ARGO PROJECT,BRECK OWENS,PRES,AO,2B,SOLO_W,SL524,1.10,851,ARGOS,2006-02-14 23:36:00.002519808,1,1,,,,-48.999332427978516,7.052499771118164,,0,-1.0,,0.0,,,,,,,,,,,,,,,,,,,,,9,,9,,9,,9,,9,,9,,,,9,,9,,9,,9,2006-06-05 13:30:11.001438464,2,2006-06-05 14:07:07.001512192,4,2006-06-06 01:09:44.000120320,4,2006-06-06 01:43:44.000169728,2,,9,,U,,,1.0,11.0,,R,,,,,,,,,,,,,
0,0,11,14,Argo trajectory,3.1,1.2,19500101000000,20210428203909,20210428203909,1900683,US ARGO PROJECT,BRECK OWENS,PRES,AO,2B,SOLO_W,SL524,1.10,851,ARGOS,2006-02-14 23:36:00.002519808,1,1,,,,-48.999332427978516,7.052499771118164,,0,-1.0,,0.0,,,,,,,,,,,,,,,,,,,,,9,,9,,9,,9,,9,,9,,,,9,,9,,9,,9,2006-06-05 13:30:11.001438464,2,2006-06-05 14:07:07.001512192,4,2006-06-06 01:09:44.000120320,4,2006-06-06 01:43:44.000169728,2,,9,,U,,,1.0,11.0,,R,,,,,,,,,,,,,
0,0,11,15,Argo trajectory,3.1,1.2,19500101000000,20210428203909,20210428203909,1900683,US ARGO PROJECT,BRECK OWENS,PRES,AO,2B,SOLO_W,SL524,1.10,851,ARGOS,2006-02-14 23:36:00.002519808,1,1,,,,-48.999332427978516,7.052499771118164,,0,-1.0,,0.0,,,,,,,,,,,,,,,,,,,,,9,,9,,9,,9,,9,,9,,,,9,,9,,9,,9,2006-06-05 13:30:11.001438464,2,2006-06-05 14:07:07.001512192,4,2006-06-06 01:09:44.000120320,4,2006-06-06 01:43:44.000169728,2,,9,,U,,,1.0,11.0,,R,,,,,,,,,,,,,
0,0,11,16,Argo trajectory,3.1,1.2,19500101000000,20210428203909,20210428203909,1900683,US ARGO PROJECT,BRECK OWENS,PRES,AO,2B,SOLO_W,SL524,1.10,851,ARGOS,2006-02-14 23:36:00.002519808,1,1,,,,-48.999332427978516,7.052499771118164,,0,-1.0,,0.0,,,,,,,,,,,,,,,,,,,,,9,,9,,9,,9,,9,,9,,,,9,,9,,9,,9,2006-06-05 13:30:11.001438464,2,2006-06-05 14:07:07.001512192,4,2006-06-06 01:09:44.000120320,4,2006-06-06 01:43:44.000169728,2,,9,,U,,,1.0,11.0,,R,,,,,,,,,,,,,
0,0,11,17,Argo trajectory,3.1,1.2,19500101000000,20210428203909,20210428203909,1900683,US ARGO PROJECT,BRECK OWENS,PRES,AO,2B,SOLO_W,SL524,1.10,851,ARGOS,2006-02-14 23:36:00.002519808,1,1,,,,-48.999332427978516,7.052499771118164,,0,-1.0,,0.0,,,,,,,,,,,,,,,,,,,,,9,,9,,9,,9,,9,,9,,,,9,,9,,9,,9,2006-06-05 13:30:11.001438464,2,2006-06-05 14:07:07.001512192,4,2006-06-06 01:09:44.000120320,4,2006-06-06 01:43:44.000169728,2,,9,,U,,,1.0,11.0,,R,,,,,,,,,,,,,
0,0,11,18,Argo trajectory,3.1,1.2,19500101000000,20210428203909,20210428203909,1900683,US ARGO PROJECT,BRECK OWENS,PRES,AO,2B,SOLO_W,SL524,1.10,851,ARGOS,2006-02-14 23:36:00.002519808,1,1,,,,-48.999332427978516,7.052499771118164,,0,-1.0,,0.0,,,,,,,,,,,,,,,,,,,,,9,,9,,9,,9,,9,,9,,,,9,,9,,9,,9,2006-06-05 13:30:11.001438464,2,2006-06-05 14:07:07.001512192,4,2006-06-06 01:09:44.000120320,4,2006-06-06 01:43:44.000169728,2,,9,,U,,,1.0,11.0,,R,,,,,,,,,,,,,
0,0,11,19,Argo trajectory,3.1,1.2,19500101000000,20210428203909,20210428203909,1900683,US ARGO PROJECT,BRECK OWENS,PRES,AO,2B,SOLO_W,SL524,1.10,851,ARGOS,2006-02-14 23:36:00.002519808,1,1,,,,-48.999332427978516,7.052499771118164,,0,-1.0,,0.0,,,,,,,,,,,,,,,,,,,,,9,,9,,9,,9,,9,,9,,,,9,,9,,9,,9,2006-06-05 13:30:11.001438464,2,2006-06-05 14:07:07.001512192,4,2006-06-06 01:09:44.000120320,4,2006-06-06 01:43:44.000169728,2,,9,,U,,,1.0,11.0,,R,,,,,,,,,,,,,
0,0,11,20,Argo trajectory,3.1,1.2,19500101000000,20210428203909,20210428203909,1900683,US ARGO PROJECT,BRECK OWENS,PRES,AO,2B,SOLO_W,SL524,1.10,851,ARGOS,2006-02-14 23:36:00.002519808,1,1,,,,-48.999332427978516,7.052499771118164,,0,-1.0,,0.0,,,,,,,,,,,,,,,,,,,,,9,,9,,9,,9,,9,,9,,,,9,,9,,9,,9,2006-06-05 13:30:11.001438464,2,2006-06-05 14:07:07.001512192,4,2006-06-06 01:09:44.000120320,4,2006-06-06 01:43:44.000169728,2,,9,,U,,,1.0,11.0,,R,,,,,,,,,,,,,
0,0,11,21,Argo trajectory,3.1,1.2,19500101000000,20210428203909,20210428203909,1900683,US ARGO PROJECT,BRECK OWENS,PRES,AO,2B,SOLO_W,SL524,1.10,851,ARGOS,2006-02-14 23:36:00.002519808,1,1,,,,-48.999332427978516,7.052499771118164,,0,-1.0,,0.0,,,,,,,,,,,,,,,,,,,,,9,,9,,9,,9,,9,,9,,,,9,,9,,9,,9,2006-06-05 13:30:11.001438464,2,2006-06-05 14:07:07.001512192,4,2006-06-06 01:09:44.000120320,4,2006-06-06 01:43:44.000169728,2,,9,,U,,,1.0,11.0,,R,,,,,,,,,,,,,
0,0,11,22,Argo trajectory,3.1,1.2,19500101000000,20210428203909,20210428203909,1900683,US ARGO PROJECT,BRECK OWENS,PRES,AO,2B,SOLO_W,SL524,1.10,851,ARGOS,2006-02-14 23:36:00.002519808,1,1,,,,-48.999332427978516,7.052499771118164,,0,-1.0,,0.0,,,,,,,,,,,,,,,,,,,,,9,,9,,9,,9,,9,,9,,,,9,,9,,9,,9,2006-06-05 13:30:11.001438464,2,2006-06-05 14:07:07.001512192,4,2006-06-06 01:09:44.000120320,4,2006-06-06 01:43:44.000169728,2,,9,,U,,,1.0,11.0,,R,,,,,,,,,,,,,
0,0,11,23,Argo trajectory,3.1,1.2,19500101000000,20210428203909,20210428203909,1900683,US ARGO PROJECT,BRECK OWENS,PRES,AO,2B,SOLO_W,SL524,1.10,851,ARGOS,2006-02-14 23:36:00.002519808,1,1,,,,-48.999332427978516,7.052499771118164,,0,-1.0,,0.0,,,,,,,,,,,,,,,,,,,,,9,,9,,9,,9,,9,,9,,,,9,,9,,9,,9,2006-06-05 13:30:11.001438464,2,2006-06-05 14:07:07.001512192,4,2006-06-06 01:09:44.000120320,4,2006-06-06 01:43:44.000169728,2,,9,,U,,,1.0,11.0,,R,,,,,,,,,,,,,
0,0,11,24,Argo trajectory,3.1,1.2,19500101000000,20210428203909,20210428203909,1900683,US ARGO PROJECT,BRECK OWENS,PRES,AO,2B,SOLO_W,SL524,1.10,851,ARGOS,2006-02-14 23:36:00.002519808,1,1,,,,-48.999332427978516,7.052499771118164,,0,-1.0,,0.0,,,,,,,,,,,,,,,,,,,,,9,,9,,9,,9,,9,,9,,,,9,,9,,9,,9,2006-06-05 13:30:11.001438464,2,2006-06-05 14:07:07.001512192,4,2006-06-06 01:09:44.000120320,4,2006-06-06 01:43:44.000169728,2,,9,,U,,,1.0,11.0,,R,,,,,,,,,,,,,
